Date,Open,High,Low,Close,Adj Close,Volume
2007-08-23,97.000000,102.949997,84.800003,91.000000,84.686958,14076560
2007-08-24,91.500000,110.099998,91.500000,105.800003,98.460228,8770144
2007-08-27,107.900002,116.199997,107.500000,110.800003,103.113358,3449318
2007-08-28,108.000000,111.199997,101.500000,103.300003,96.133652,1208179
2007-08-29,97.150002,111.900002,97.150002,108.500000,100.972908,2825703
2007-08-30,109.050003,111.500000,104.250000,105.500000,98.181046,624190
2007-08-31,106.000000,108.500000,104.000000,104.000000,96.785110,447036
2007-09-03,105.500000,107.500000,104.150002,105.199997,97.901848,310475
2007-09-04,106.000000,108.849998,103.650002,104.750000,97.483078,804662
2007-09-05,105.400002,116.300003,104.599998,108.250000,100.740257,2041800
2007-09-06,107.800003,118.349998,107.800003,116.800003,108.697098,1679800
2007-09-07,117.699997,119.199997,110.150002,111.699997,103.950920,663955
2007-09-10,109.650002,111.750000,107.500000,110.500000,102.834167,325755
2007-09-11,111.500000,111.900002,104.099998,108.000000,100.507607,209100
2007-09-12,108.900002,111.000000,106.300003,108.400002,100.879845,283328
2007-09-13,107.550003,109.449997,106.250000,107.000000,99.576973,137186
2007-09-14,107.500000,108.000000,103.000000,103.849998,96.645500,99627
2007-09-17,105.000000,106.400002,101.099998,104.650002,97.390015,100600
2007-09-18,104.849998,111.500000,103.650002,106.500000,99.111664,338300
2007-09-19,109.500000,109.500000,103.500000,105.000000,97.715721,146685
2007-09-20,106.000000,107.199997,101.849998,103.500000,96.319786,154236
2007-09-21,104.250000,109.599998,103.000000,108.800003,101.252106,395153
2007-09-24,107.099998,110.800003,104.300003,105.500000,98.181046,43800
2007-09-25,105.000000,105.599998,102.500000,102.800003,95.668350,57665
2007-09-26,104.699997,109.500000,103.300003,106.500000,99.111664,434402
2007-09-27,106.650002,113.250000,105.099998,108.000000,100.507607,624342
2007-09-28,110.000000,110.000000,105.000000,106.000000,98.646347,69800
2007-10-01,107.949997,107.949997,103.650002,104.300003,97.064285,52528
2007-10-03,106.800003,108.099998,102.000000,105.000000,97.715721,125638
2007-10-04,104.500000,105.500000,102.099998,103.500000,96.319786,50100
2007-10-05,103.500000,104.900002,103.000000,104.000000,96.785110,33468
2007-10-08,104.050003,104.050003,99.650002,100.250000,93.295242,50000
2007-10-09,100.500000,111.000000,99.800003,106.000000,98.646347,171354
2007-10-10,106.150002,106.849998,103.000000,104.000000,96.785110,43697
2007-10-11,104.000000,104.800003,102.750000,103.099998,95.947533,10000
2007-10-12,102.900002,104.500000,100.599998,102.000000,94.923851,36152
2007-10-15,103.500000,104.500000,101.199997,101.650002,94.598129,20560
2007-10-16,101.500000,103.500000,99.500000,100.199997,93.248711,27840
2007-10-17,95.000000,102.000000,85.000000,100.000000,93.062584,37252
2007-10-18,103.000000,103.000000,97.250000,98.000000,91.201340,36600
2007-10-19,96.250000,98.000000,93.500000,95.199997,88.595589,32030
2007-10-22,97.000000,97.000000,94.000000,95.050003,88.456001,15181
2007-10-23,99.000000,104.000000,89.000000,97.599998,90.829094,7900
2007-10-24,90.000000,99.000000,90.000000,96.250000,89.572746,8200
2007-10-25,96.250000,98.900002,96.000000,97.900002,91.108276,12200
2007-10-26,99.500000,105.500000,96.500000,100.199997,93.248711,61000
2007-10-29,103.500000,107.000000,100.599998,106.900002,99.483910,78429
2007-10-30,105.000000,105.000000,100.050003,101.199997,94.179352,21600
2007-10-31,103.599998,103.750000,101.050003,101.550003,94.505074,19800
2007-11-01,105.000000,105.000000,97.099998,97.800003,91.015221,33748
2007-11-02,93.000000,98.000000,93.000000,95.099998,88.502525,13296
2007-11-05,93.550003,102.550003,93.550003,95.050003,88.456001,67649
2007-11-06,96.000000,96.949997,94.000000,94.599998,88.037209,14487
2007-11-07,95.000000,98.000000,93.750000,94.900002,88.316399,5309
2007-11-08,94.099998,94.500000,92.550003,93.000000,86.548225,6500
2007-11-12,89.000000,95.949997,89.000000,94.900002,88.316399,49108
2007-11-13,93.000000,99.000000,93.000000,95.250000,88.642120,10900
2007-11-14,95.000000,96.000000,94.099998,95.000000,88.409470,7400
2007-11-15,95.550003,96.000000,94.050003,95.750000,89.107430,15308
2007-11-16,95.900002,96.000000,91.550003,93.800003,87.292725,20849
2007-11-19,95.949997,98.800003,94.000000,96.750000,90.038048,39622
2007-11-20,93.300003,97.000000,93.300003,95.000000,88.409470,13700
2007-11-21,95.900002,95.900002,91.099998,92.500000,86.082901,8000
2007-11-22,90.050003,93.000000,90.050003,91.949997,85.571053,6600
2007-11-23,91.150002,93.349998,91.000000,92.000000,85.617592,7200
2007-11-26,91.300003,96.500000,91.300003,92.550003,86.129425,8908
2007-11-27,91.000000,93.000000,91.000000,91.250000,84.919617,3400
2007-11-28,94.000000,94.900002,91.000000,91.150002,84.826538,6379
2007-11-29,90.400002,92.250000,89.650002,90.199997,83.942467,11114
2007-11-30,90.500000,93.349998,87.650002,91.099998,84.780029,12500
2007-12-03,90.000000,94.000000,89.050003,92.400002,85.989838,8937
2007-12-04,95.000000,98.599998,93.599998,94.150002,87.618431,73333
2007-12-05,94.500000,96.650002,91.000000,91.849998,85.477989,19957
2007-12-06,94.849998,97.000000,93.000000,94.400002,87.851097,41712
2007-12-07,93.500000,95.000000,88.099998,90.000000,83.756332,43414
2007-12-10,90.500000,92.800003,89.500000,90.050003,83.802872,39540
2007-12-11,93.000000,94.000000,90.949997,92.250000,85.850243,17092
2007-12-12,92.099998,97.000000,91.550003,92.349998,85.943298,56613
2007-12-13,92.550003,96.449997,92.550003,93.050003,86.594742,27600
2007-12-14,94.000000,96.000000,93.150002,93.750000,87.246185,43265
2007-12-17,94.000000,97.000000,89.000000,90.750000,84.454300,75693
2007-12-18,90.000000,90.900002,86.000000,87.000000,80.964462,115100
2007-12-19,88.900002,90.000000,86.500000,88.050003,81.941628,23523
2007-12-20,89.000000,91.900002,88.000000,88.550003,82.406937,43360
2007-12-24,90.949997,91.000000,88.699997,90.750000,84.454300,8599
2007-12-26,90.000000,94.000000,88.250000,93.550003,87.060059,24046
2007-12-27,93.900002,109.800003,91.699997,104.150002,96.924690,378523
2007-12-28,103.000000,108.800003,103.000000,105.099998,97.808784,118969
2007-12-31,108.750000,115.699997,103.150002,109.800003,102.182724,483947
2008-01-01,109.550003,119.500000,109.550003,113.800003,105.905235,414259
2008-01-02,114.699997,130.000000,114.699997,126.699997,117.910309,601162
2008-01-03,127.000000,135.000000,124.349998,126.050003,117.305405,275953
2008-01-04,126.050003,133.000000,120.000000,121.449997,113.024513,110806
2008-01-07,120.500000,128.899994,119.250000,122.400002,113.908623,68386
2008-01-08,123.400002,124.349998,111.000000,112.650002,104.835014,86877
2008-01-09,109.000000,113.900002,104.500000,106.949997,99.530441,55963
2008-01-10,108.000000,118.000000,94.050003,97.949997,91.154800,149603
2008-01-11,98.250000,103.449997,94.650002,100.199997,93.248711,53644
2008-01-14,101.000000,110.000000,101.000000,105.349998,98.041443,64516
2008-01-15,110.000000,110.000000,101.650002,102.650002,95.528755,26643
2008-01-16,102.750000,104.800003,96.099998,100.550003,93.574455,28136
2008-01-17,106.900002,111.000000,102.099998,103.599998,96.412857,28397
2008-01-18,110.000000,112.849998,97.050003,98.000000,91.201340,74022
2008-01-21,95.500000,98.050003,83.000000,86.750000,80.731804,42169
2008-01-22,80.050003,80.050003,69.400002,70.699997,65.795265,19391
2008-01-23,75.000000,82.000000,74.000000,79.750000,74.217430,34562
2008-01-24,84.000000,86.000000,68.500000,71.949997,66.958527,80125
2008-01-25,72.500000,80.000000,70.050003,78.650002,73.193733,47896
2008-01-28,78.050003,81.800003,75.000000,79.949997,74.403542,9536
2008-01-29,84.750000,84.800003,79.250000,80.750000,75.148041,10312
2008-01-30,81.949997,82.900002,77.199997,80.449997,74.868858,31231
2008-01-31,83.000000,83.000000,77.000000,77.750000,72.356171,5647
2008-02-01,76.000000,80.500000,73.349998,74.099998,68.959381,7283
2008-02-04,74.050003,82.000000,73.000000,78.849998,73.379860,7041
2008-02-05,75.099998,80.500000,75.099998,79.099998,73.612518,7705
2008-02-06,65.000000,81.000000,65.000000,81.000000,75.380692,10932
2008-02-07,81.000000,81.000000,73.150002,74.650002,69.471222,16966
2008-02-08,72.300003,75.500000,69.000000,69.650002,64.818092,20068
2008-02-11,69.949997,71.199997,63.150002,64.150002,59.699657,15642
2008-02-12,62.700001,66.849998,61.000000,62.000000,57.698811,8698
2008-02-13,62.099998,65.900002,61.049999,61.549999,57.280025,5685
2008-02-14,63.000000,66.800003,61.099998,65.750000,61.188652,13674
2008-02-15,63.500000,67.449997,63.500000,64.650002,60.164970,9762
2008-02-18,65.000000,68.500000,63.500000,67.949997,63.236027,15663
2008-02-19,67.250000,72.000000,67.250000,71.300003,66.353638,7666
2008-02-20,70.000000,70.000000,66.500000,67.800003,63.096436,2878
2008-02-21,68.949997,70.000000,67.099998,67.250000,62.584591,43729
2008-02-22,68.500000,68.849998,66.650002,67.150002,62.491528,26624
2008-02-25,67.000000,68.500000,65.199997,65.900002,61.328251,90164
2008-02-26,67.099998,68.400002,66.199997,67.150002,62.491528,91757
2008-02-27,68.000000,70.500000,66.199997,66.800003,62.165825,4640
2008-02-28,66.000000,70.000000,66.000000,67.699997,63.003376,8851
2008-02-29,72.000000,72.000000,66.550003,67.900002,63.189499,6252
2008-03-03,64.550003,67.000000,63.549999,64.199997,59.746181,4722
2008-03-04,63.000000,64.000000,61.150002,62.049999,57.745338,7454
2008-03-05,64.000000,64.000000,60.000000,61.150002,56.907776,5817
2008-03-07,60.049999,62.799999,52.000000,54.650002,50.858711,17428
2008-03-10,61.000000,61.000000,50.150002,52.049999,48.439079,19564
2008-03-11,54.000000,56.049999,54.000000,55.349998,51.510143,174677
2008-03-12,56.000000,58.500000,53.150002,54.349998,50.579514,108599
2008-03-13,55.000000,55.000000,50.000000,52.299999,48.671738,142828
2008-03-14,50.799999,51.900002,50.000000,50.849998,47.322327,54852
2008-03-17,46.000000,49.000000,43.000000,44.049999,40.994068,15842
2008-03-18,44.099998,44.500000,40.000000,40.650002,37.829945,33102
2008-03-19,42.900002,43.500000,39.500000,40.349998,37.550755,9971
2008-03-24,42.700001,42.700001,36.599998,39.400002,36.666668,30846
2008-03-25,42.049999,42.650002,39.000000,41.549999,38.667507,147294
2008-03-26,43.549999,43.549999,40.500000,40.799999,37.969540,81352
2008-03-27,41.950001,49.000000,40.599998,49.000000,45.600670,48302
2008-03-28,50.000000,57.700001,49.500000,54.400002,50.626053,93756
2008-03-31,44.099998,54.900002,44.099998,50.750000,47.229267,131789
2008-04-01,49.700001,51.799999,49.250000,50.750000,47.229267,6760
2008-04-02,53.000000,59.500000,50.349998,55.049999,51.230957,44513
2008-04-03,55.900002,55.900002,52.000000,54.799999,50.998302,13831
2008-04-04,53.500000,55.950001,52.799999,54.750000,50.951771,11680
2008-04-07,53.049999,59.950001,51.599998,57.099998,53.138741,14526
2008-04-08,56.500000,58.000000,56.049999,56.849998,52.906090,4822
2008-04-09,57.750000,61.000000,57.000000,60.000000,55.837551,27624
2008-04-10,61.400002,63.500000,60.000000,61.349998,57.093899,10375
2008-04-11,65.000000,65.000000,59.500000,61.299999,57.047371,13960
2008-04-15,60.049999,65.000000,59.849998,64.000000,59.560059,12364
2008-04-16,64.000000,67.500000,62.000000,65.099998,60.583744,14281
2008-04-17,65.650002,68.000000,65.000000,66.050003,61.467854,22727
2008-04-21,68.500000,72.699997,67.000000,70.699997,65.795265,37338
2008-04-22,70.000000,70.349998,68.500000,69.150002,64.352776,5326
2008-04-23,69.849998,69.900002,66.000000,66.250000,61.653961,6804
2008-04-24,64.000000,70.699997,64.000000,66.050003,61.467854,8317
2008-04-25,65.550003,66.900002,65.199997,65.750000,61.188652,4876
2008-04-28,66.250000,71.900002,66.250000,70.849998,65.934837,11987
2008-04-29,71.500000,74.000000,71.500000,73.000000,67.935684,4962
2008-04-30,72.500000,73.800003,72.050003,72.900002,67.842628,5178
2008-05-02,74.250000,74.750000,66.099998,70.000000,65.143822,14149
2008-05-05,71.000000,76.500000,71.000000,72.900002,67.842628,25970
2008-05-06,75.000000,75.000000,72.699997,73.099998,68.028755,8799
2008-05-07,74.000000,75.000000,73.000000,73.099998,68.028755,11999
2008-05-08,73.099998,74.000000,70.500000,71.849998,66.865463,17596
2008-05-09,71.550003,72.000000,70.000000,70.599998,65.702179,7094
2008-05-12,70.500000,72.000000,66.099998,67.400002,62.724186,9611
2008-05-13,68.699997,70.000000,66.650002,66.949997,62.305408,2212
2008-05-14,66.800003,68.000000,65.800003,67.199997,62.538063,9843
2008-05-15,66.699997,67.750000,66.650002,66.650002,62.026211,2689
2008-05-16,67.000000,70.000000,67.000000,67.599998,62.910309,3321
2008-05-20,69.699997,69.699997,66.550003,67.650002,62.956841,2189
2008-05-21,67.000000,73.000000,66.750000,72.550003,67.516914,13023
2008-05-22,72.550003,72.550003,68.949997,69.500000,64.678513,8450
2008-05-23,69.750000,70.900002,68.250000,69.500000,64.678513,5492
2008-05-26,68.000000,69.000000,67.250000,67.449997,62.770721,1302
2008-05-27,66.550003,68.949997,65.000000,65.250000,60.723351,4603
2008-05-28,65.150002,65.150002,64.000000,64.250000,59.792721,3409
2008-05-29,70.000000,70.000000,65.000000,65.400002,60.862942,1050
2008-05-30,64.599998,68.000000,64.500000,64.699997,60.211502,8394
2008-06-02,63.650002,65.699997,63.650002,65.000000,60.490685,4112
2008-06-03,62.000000,64.000000,61.299999,63.400002,59.001682,2718
2008-06-04,62.049999,62.049999,57.000000,57.900002,53.883244,15983
2008-06-05,57.000000,59.799999,56.000000,58.900002,54.813877,11756
2008-06-06,58.299999,59.500000,58.000000,58.200001,54.162430,3163
2008-06-09,58.000000,58.000000,55.150002,56.000000,52.115055,5155
2008-06-10,56.700001,58.400002,55.000000,56.150002,52.254646,490
2008-06-11,57.000000,58.599998,56.000000,58.099998,54.069370,348
2008-06-12,57.000000,57.000000,54.500000,55.750000,51.882393,18878
2008-06-13,56.099998,57.000000,56.000000,56.250000,52.347710,1368
2008-06-16,56.500000,58.000000,55.099998,56.099998,52.208115,2618
2008-06-17,57.000000,58.950001,56.000000,58.349998,54.302021,631
2008-06-18,58.849998,60.400002,57.549999,57.549999,53.557526,1228
2008-06-19,57.450001,61.000000,57.450001,59.150002,55.046524,5242
2008-06-20,57.500000,61.549999,56.700001,59.900002,55.744495,22479
2008-06-23,58.450001,59.000000,56.049999,57.049999,53.092209,519
2008-06-24,57.000000,59.000000,55.500000,56.150002,52.254646,2273
2008-06-25,54.000000,58.000000,54.000000,56.549999,52.626896,1099
2008-06-26,56.549999,58.000000,56.500000,57.000000,53.045673,13535
2008-06-27,56.000000,56.000000,53.000000,53.049999,49.369701,3935
2008-06-30,53.000000,54.500000,52.000000,52.250000,48.625206,3067
2008-07-01,51.549999,54.000000,48.000000,48.450001,45.088825,6535
2008-07-02,55.599998,55.599998,46.099998,50.700001,47.182732,2691
2008-07-03,50.000000,50.000000,43.000000,47.049999,43.785946,24988
2008-07-04,46.549999,48.750000,45.500000,47.700001,44.390858,1756
2008-07-07,48.549999,52.000000,48.549999,50.549999,47.043144,1208
2008-07-08,48.000000,54.500000,48.000000,51.549999,47.973766,12754
2008-07-09,47.200001,58.500000,47.200001,52.750000,49.090523,31609
2008-07-10,54.500000,54.500000,52.000000,52.250000,48.625206,6739
2008-07-11,52.299999,53.799999,50.049999,52.450001,48.811333,21591
2008-07-14,51.049999,53.500000,51.049999,52.200001,48.578671,14956
2008-07-15,53.950001,53.950001,47.500000,50.299999,46.810482,2163
2008-07-16,49.049999,49.700001,45.099998,45.799999,42.622669,1405
2008-07-17,50.000000,50.000000,44.500000,45.500000,42.343479,4505
2008-07-18,46.099998,47.200001,46.099998,47.000000,43.739422,3118
2008-07-21,45.500000,47.799999,45.500000,47.500000,44.204735,10699
2008-07-22,46.049999,47.500000,46.000000,47.500000,44.204735,4658
2008-07-23,47.799999,50.000000,47.549999,49.000000,45.600670,3273
2008-07-24,48.900002,49.500000,48.549999,49.400002,45.972919,2183
2008-07-25,50.000000,53.000000,48.000000,49.150002,45.740269,5939
2008-07-28,49.000000,51.000000,48.099998,49.900002,46.438240,1470
2008-07-29,48.299999,53.000000,48.150002,50.400002,46.903549,6016
2008-07-30,53.000000,53.000000,50.650002,51.150002,47.601521,1344
2008-07-31,51.549999,53.900002,51.549999,52.849998,49.183575,1981
2008-08-01,53.000000,56.799999,53.000000,54.950001,51.137894,9474
2008-08-04,57.000000,57.750000,53.250000,53.750000,50.021137,4461
2008-08-05,55.000000,55.950001,52.099998,53.700001,49.974617,2242
2008-08-06,54.000000,54.900002,50.000000,51.450001,47.880703,8134
2008-08-07,51.599998,53.500000,50.099998,52.000000,48.392555,3400
2008-08-08,52.000000,53.349998,51.750000,52.799999,49.137047,2039
2008-08-11,52.500000,54.500000,52.200001,53.200001,49.509300,1138
2008-08-12,51.299999,54.000000,51.299999,52.400002,48.764801,8750
2008-08-13,60.000000,60.000000,50.299999,51.549999,47.973766,1683
2008-08-14,50.099998,52.500000,50.099998,51.849998,48.252953,311
2008-08-18,53.000000,55.500000,52.599998,53.849998,50.114208,4566
2008-08-19,53.000000,54.299999,51.500000,53.750000,50.021137,1516
2008-08-20,53.500000,53.500000,52.549999,53.049999,49.369701,26
2008-08-21,51.250000,51.900002,50.500000,50.950001,47.415394,2316
2008-08-22,49.849998,51.849998,49.849998,50.950001,47.415394,1322
2008-08-25,51.099998,52.849998,50.200001,50.799999,47.275791,1570
2008-08-26,51.000000,52.049999,50.650002,51.599998,48.020298,977
2008-08-27,50.750000,51.900002,50.750000,51.900002,48.299492,134
2008-08-28,46.000000,52.000000,45.000000,50.000000,46.531292,1466
2008-08-29,51.000000,51.900002,50.500000,50.700001,47.182732,1347
2008-09-01,52.000000,56.700001,51.099998,52.000000,48.392555,446
2008-09-02,51.900002,52.450001,50.049999,51.700001,48.113361,4482
2008-09-04,52.000000,52.750000,50.200001,52.000000,48.392555,760
2008-09-05,52.000000,52.000000,50.500000,51.950001,48.346016,678
2008-09-08,51.500000,52.000000,50.150002,51.049999,47.508453,1058
2008-09-09,51.250000,51.250000,50.000000,50.900002,47.368866,453
2008-09-10,49.000000,50.349998,49.000000,49.299999,45.879864,4873
2008-09-11,49.000000,51.000000,49.000000,50.500000,46.996609,1057
2008-09-12,51.000000,51.450001,48.150002,49.950001,46.484768,1556
2008-09-15,45.650002,49.950001,45.000000,45.750000,42.576141,5225
2008-09-16,42.650002,47.750000,42.650002,45.950001,42.762260,5280
2008-09-17,43.500000,46.950001,43.250000,45.849998,42.669197,849
2008-09-18,42.650002,44.000000,41.000000,42.500000,40.433468,5307
2008-09-19,42.000000,44.000000,42.000000,43.049999,40.956730,984
2008-09-22,43.500000,46.000000,42.500000,42.750000,40.671307,1361
2008-09-23,44.000000,44.000000,42.000000,43.049999,40.956730,345
2008-09-24,43.500000,43.500000,41.799999,42.000000,39.957775,2414
2008-09-25,43.500000,44.900002,41.049999,41.599998,39.577225,2213
2008-09-26,42.000000,42.950001,40.599998,41.950001,39.910206,2318
2008-09-29,39.900002,39.900002,37.000000,37.099998,35.296036,9174
2008-09-30,35.000000,38.750000,35.000000,37.349998,35.533875,719
2008-10-01,37.200001,38.200001,36.849998,37.099998,35.296036,1599
2008-10-03,35.500000,38.000000,35.099998,37.200001,35.391178,593
2008-10-06,35.049999,36.349998,32.500000,33.650002,32.013794,12725
2008-10-07,32.549999,35.000000,30.000000,34.450001,32.774895,4453
2008-10-08,32.750000,35.349998,30.100000,32.200001,30.634295,4075
2008-10-10,31.000000,32.000000,28.850000,29.600000,28.160717,1458
2008-10-13,32.650002,35.500000,27.000000,30.500000,29.016958,4383
2008-10-14,30.700001,35.450001,30.650000,33.000000,31.395395,2100
2008-10-15,33.950001,33.950001,30.500000,32.599998,31.014847,2892
2008-10-16,28.700001,34.349998,28.700001,33.650002,32.013794,6256
2008-10-17,34.000000,34.450001,30.150000,30.350000,28.874252,739
2008-10-20,29.000000,31.000000,27.500000,30.350000,28.874252,786
2008-10-21,30.500000,31.900000,29.799999,31.200001,29.682922,12371
2008-10-22,30.000000,33.000000,29.600000,29.600000,28.160717,1604
2008-10-23,28.000000,30.000000,27.700001,30.000000,28.541269,164
2008-10-24,27.000000,27.000000,24.000000,24.049999,22.880581,16716
2008-10-27,24.500000,24.500000,19.250000,19.250000,18.313984,27995
2008-10-29,20.500000,21.950001,16.799999,17.000000,16.173386,10299
2008-10-31,19.000000,19.150000,18.500000,19.150000,18.218842,6282
2008-11-03,18.000000,21.000000,18.000000,20.049999,19.075083,6945
2008-11-04,20.700001,20.700001,19.600000,20.549999,19.550768,4379
2008-11-05,20.549999,21.000000,19.549999,20.200001,19.217787,3116
2008-11-06,20.500000,20.500000,18.200001,19.400000,18.456688,2054
2008-11-07,18.350000,20.000000,18.299999,19.150000,18.218842,3482
2008-11-10,21.000000,21.000000,19.350000,19.350000,18.409121,3010
2008-11-11,20.000000,21.000000,19.299999,19.850000,18.884804,3832
2008-11-12,21.000000,21.350000,19.500000,20.850000,19.836185,18375
2008-11-14,21.000000,21.049999,20.549999,20.750000,19.741043,8459
2008-11-17,20.750000,21.000000,19.500000,19.850000,18.884804,3704
2008-11-18,19.049999,20.500000,19.049999,20.000000,19.027514,1315
2008-11-19,20.000000,20.000000,18.750000,18.850000,17.933430,783
2008-11-20,18.850000,19.900000,17.250000,18.850000,17.933430,1887
2008-11-21,18.500000,19.150000,17.000000,17.549999,16.696642,3735
2008-11-24,18.000000,18.049999,16.600000,17.000000,16.173386,2666
2008-11-25,18.000000,18.000000,16.500000,16.600000,15.792838,5439
2008-11-26,17.000000,17.350000,16.049999,17.000000,16.173386,5455
2008-11-27,null,null,null,null,null,null
2008-11-28,17.000000,17.000000,17.000000,17.000000,16.173386,162
2008-12-01,17.700001,17.900000,17.100000,17.150000,16.316090,508
2008-12-02,16.150000,17.750000,16.049999,16.350000,15.554994,202
2008-12-03,17.650000,17.799999,16.799999,17.500000,16.649075,337
2008-12-04,16.900000,19.250000,16.500000,18.000000,17.124763,3610
2008-12-05,17.000000,19.250000,17.000000,18.600000,17.695589,1813
2008-12-08,19.000000,19.100000,18.000000,18.750000,17.838295,15665
2008-12-10,20.200001,20.200001,18.299999,19.000000,18.076139,1158
2008-12-11,20.200001,20.200001,19.000000,20.049999,19.075083,3257
2008-12-12,19.100000,22.049999,19.000000,21.500000,20.454576,4101
2008-12-15,22.000000,23.400000,21.049999,21.500000,20.454576,5336
2008-12-16,21.000000,22.900000,21.000000,22.100000,21.025402,2616
2008-12-17,23.000000,23.250000,22.250000,22.850000,21.738935,1196
2008-12-18,22.000000,22.350000,21.750000,21.850000,20.787560,5202
2008-12-19,22.900000,22.950001,21.600000,22.650000,21.548660,1396
2008-12-22,23.000000,23.000000,22.100000,22.100000,21.025402,854
2008-12-23,21.250000,21.549999,21.250000,21.250000,20.216734,1065
2008-12-24,20.250000,21.900000,20.250000,20.600000,19.598339,640
2008-12-26,20.450001,21.250000,19.900000,21.250000,20.216734,1200
2008-12-29,21.500000,21.500000,20.250000,20.250000,19.265358,100
2008-12-30,21.100000,21.299999,20.299999,21.299999,20.264301,300
2008-12-31,20.450001,21.650000,20.450001,20.700001,19.693476,600
2009-01-02,22.400000,22.850000,21.200001,22.650000,21.548660,6139
2009-01-05,23.000000,23.799999,22.700001,23.750000,22.595173,7063
2009-01-06,24.700001,24.950001,24.100000,24.950001,23.736822,14700
2009-01-07,24.000000,25.000000,22.500000,23.000000,21.881641,12199
2009-01-09,22.049999,22.049999,20.700001,21.049999,20.026459,2734
2009-01-12,21.000000,22.049999,20.000000,20.150000,19.170221,1801
2009-01-13,20.200001,22.000000,19.850000,20.750000,19.741043,10677
2009-01-14,20.049999,22.000000,19.850000,20.000000,19.027514,6400
2009-01-15,20.000000,20.650000,18.549999,20.049999,19.075083,775
2009-01-16,22.000000,22.000000,19.150000,20.950001,19.931322,107
2009-01-19,19.100000,20.700001,19.100000,20.700001,19.693476,1100
2009-01-20,20.700001,20.700001,20.700001,20.700001,19.693476,0
2009-01-21,19.450001,19.500000,19.200001,19.400000,18.456688,460
2009-01-22,19.049999,19.350000,17.500000,17.700001,16.839352,6969
2009-01-23,17.200001,18.650000,17.200001,17.950001,17.077196,195
2009-01-27,18.900000,18.900000,17.350000,17.500000,16.649075,481
2009-01-28,18.500000,19.200001,16.500000,16.750000,15.935540,6727
2009-01-29,17.000000,17.000000,16.500000,16.900000,16.078249,6804
2009-01-30,16.100000,16.600000,15.700000,15.700000,14.936597,3210
2009-02-02,15.800000,16.500000,15.500000,16.000000,15.222011,3281
2009-02-03,15.500000,16.299999,15.000000,15.450000,14.698754,17265
2009-02-04,14.550000,15.950000,14.550000,15.000000,14.270635,5283
2009-02-05,15.250000,15.900000,14.400000,14.650000,13.937654,19636
2009-02-06,14.500000,14.500000,14.000000,14.050000,13.366828,7602
2009-02-09,14.400000,14.400000,13.500000,13.850000,13.176554,3130
2009-02-10,13.550000,14.400000,13.550000,13.850000,13.176554,1318
2009-02-11,13.600000,15.250000,13.150000,14.600000,13.890084,3203
2009-02-12,15.000000,16.100000,15.000000,16.100000,15.317147,2470
2009-02-13,16.400000,17.750000,16.400000,17.450001,16.601505,13299
2009-02-16,16.100000,17.000000,16.000000,16.049999,15.269578,4100
2009-02-17,15.100000,17.200001,14.650000,15.000000,14.270635,1657
2009-02-18,14.200000,16.350000,14.200000,15.000000,14.270635,9732
2009-02-19,15.750000,15.750000,14.650000,14.700000,13.985222,1202
2009-02-20,14.250000,14.700000,14.150000,14.500000,13.794946,907
2009-02-24,14.000000,14.250000,13.500000,13.900000,13.224121,7696
2009-02-25,14.000000,14.000000,13.950000,14.000000,13.319259,1502
2009-02-26,15.000000,15.000000,13.300000,13.400000,12.748435,1305
2009-02-27,14.000000,14.000000,14.000000,14.000000,13.319259,550
2009-03-02,13.850000,14.000000,13.800000,13.800000,13.128985,6168
2009-03-03,13.400000,13.450000,13.000000,13.000000,12.367885,33
2009-03-04,13.000000,13.350000,12.950000,12.950000,12.320316,7405
2009-03-05,13.000000,13.000000,12.750000,12.850000,12.225178,13452
2009-03-06,12.850000,12.950000,12.300000,12.750000,12.130040,1995
2009-03-09,13.900000,13.900000,12.500000,12.550000,11.939766,10959
2009-03-12,12.750000,13.000000,12.350000,12.550000,11.939766,10266
2009-03-13,12.300000,13.000000,12.050000,12.450000,11.844626,6856
2009-03-16,12.250000,12.250000,12.050000,12.250000,11.654351,8080
2009-03-17,12.500000,12.500000,12.100000,12.150000,11.559215,130359
2009-03-18,12.200000,12.500000,12.000000,12.050000,11.464076,137292
2009-03-19,12.500000,13.400000,12.000000,13.000000,12.367885,18386
2009-03-20,13.350000,15.450000,13.000000,14.450000,13.747377,117900
2009-03-23,14.450000,17.350000,14.450000,17.350000,16.506367,48461
2009-03-24,18.400000,18.400000,16.500000,16.500000,15.697698,20698
2009-03-25,15.600000,16.500000,15.600000,15.650000,14.889028,3107
2009-03-26,16.549999,16.549999,15.200000,15.650000,14.889028,19921
2009-03-27,16.450001,16.500000,15.500000,16.000000,15.222011,1815
2009-03-30,15.350000,16.049999,15.350000,15.500000,14.746324,7253
2009-03-31,15.500000,17.000000,15.150000,16.750000,15.935540,7043
2009-04-01,15.200000,17.950001,15.200000,16.900000,16.078249,902
2009-04-02,16.000000,17.400000,15.750000,17.000000,16.173386,1537
2009-04-06,18.200001,18.400000,16.850000,18.100000,17.219900,11190
2009-04-08,18.500000,19.500000,17.000000,19.000000,18.076139,5971
2009-04-09,19.250000,19.250000,18.299999,18.500000,17.600449,7590
2009-04-13,18.700001,20.350000,16.700001,20.350000,19.360497,22904
2009-04-15,21.000000,21.950001,20.600000,21.049999,20.026459,11416
2009-04-16,20.900000,21.600000,19.000000,20.200001,19.217787,6235
2009-04-17,19.950001,20.750000,19.950001,20.100000,19.122652,2026
2009-04-20,20.950001,21.000000,20.000000,20.250000,19.265358,8479
2009-04-21,19.549999,20.700001,19.549999,20.049999,19.075083,8260
2009-04-22,19.549999,21.000000,19.549999,20.450001,19.455635,9722
2009-04-23,18.650000,20.450001,18.650000,20.400000,19.408064,988
2009-04-24,21.400000,21.400000,18.700001,20.400000,19.408064,558
2009-04-27,22.200001,22.450001,21.000000,21.650000,20.597282,13779
2009-04-28,21.000000,21.000000,20.500000,20.600000,19.598339,492
2009-04-29,21.700001,22.700001,21.700001,22.200001,21.120541,28925
2009-04-30,null,null,null,null,null,null
2009-05-04,22.500000,23.500000,21.900000,22.400000,21.310814,10850
2009-05-05,23.000000,23.000000,21.100000,21.750000,20.692423,1074
2009-05-06,23.450001,23.450001,21.000000,22.650000,21.548660,6704
2009-05-07,22.000000,24.950001,22.000000,24.000000,22.833015,31392
2009-05-08,23.000000,24.850000,23.000000,23.200001,22.071915,2846
2009-05-11,23.000000,24.200001,22.000000,22.200001,21.120541,2698
2009-05-12,21.500000,22.850000,21.500000,22.049999,20.977833,1560
2009-05-13,21.250000,22.650000,21.100000,22.400000,21.310814,1090
2009-05-14,21.549999,23.000000,21.500000,22.750000,21.643797,1365
2009-05-15,22.200001,23.000000,21.750000,22.500000,21.405954,9369
2009-05-18,23.000000,23.000000,23.000000,23.000000,21.881641,0
2009-05-19,27.000000,27.000000,23.250000,23.900000,22.737879,7697
2009-05-20,24.000000,28.000000,24.000000,26.950001,25.639574,20676
2009-05-21,28.700001,32.349998,27.100000,28.900000,27.494755,33884
2009-05-22,27.549999,33.900002,27.500000,32.250000,30.681866,33734
2009-05-25,31.000000,35.200001,31.000000,34.650002,32.965172,21647
2009-05-26,37.000000,37.000000,31.200001,31.799999,30.253746,35751
2009-05-27,33.500000,33.500000,31.350000,32.750000,31.157555,9451
2009-05-28,33.099998,34.400002,32.549999,34.049999,32.394344,6629
2009-05-29,34.650002,35.950001,33.049999,35.450001,33.726273,13578
2009-06-01,37.000000,39.000000,34.549999,37.750000,35.914429,8557
2009-06-02,38.000000,38.250000,36.500000,37.700001,35.866859,24814
2009-06-03,36.549999,41.500000,36.200001,41.500000,39.482086,30600
2009-06-04,43.450001,43.599998,41.400002,43.599998,41.479980,25800
2009-06-05,45.000000,45.799999,42.000000,43.200001,41.099422,46257
2009-06-08,42.000000,42.099998,41.049999,41.049999,39.053970,2700
2009-06-09,39.099998,39.150002,39.000000,39.049999,37.151218,9477
2009-06-10,40.500000,40.500000,37.099998,37.099998,35.296036,17500
2009-06-11,37.500000,37.500000,35.250000,35.700001,33.964108,2104
2009-06-12,36.000000,36.950001,33.950001,33.950001,32.299202,8184
2009-06-15,32.500000,33.500000,32.250000,32.250000,30.681866,18100
2009-06-16,30.799999,33.900002,30.700001,33.349998,31.728380,6055
2009-06-17,33.500000,34.000000,32.049999,32.049999,30.491587,5400
2009-06-18,33.000000,33.000000,30.450001,30.650000,29.159666,2565
2009-06-19,30.000000,31.900000,29.250000,30.350000,28.874252,2725
2009-06-22,29.299999,30.299999,29.000000,29.549999,28.113150,1487
2009-06-23,30.000000,30.000000,28.200001,28.950001,27.542326,3500
2009-06-24,30.100000,30.100000,29.000000,30.100000,28.636408,1900
2009-06-25,31.400000,31.500000,30.100000,30.350000,28.874252,3155
2009-06-26,30.250000,31.400000,30.250000,31.150000,29.635353,331
2009-06-29,30.500000,32.750000,29.600000,31.200001,29.682922,52800
2009-06-30,32.500000,32.799999,31.049999,31.200001,29.682922,10200
2009-07-01,31.299999,31.500000,31.299999,31.500000,29.968336,453
2009-07-02,33.000000,33.099998,33.000000,33.099998,31.490528,362
2009-07-03,31.450001,33.000000,31.450001,31.500000,29.968336,3022
2009-07-06,31.299999,31.299999,30.049999,30.150000,28.683979,1700
2009-07-07,29.000000,31.000000,28.200001,29.100000,27.685034,5318
2009-07-08,28.000000,28.000000,27.000000,28.000000,26.638517,1479
2009-07-09,27.000000,30.000000,27.000000,29.650000,28.208288,11400
2009-07-10,28.000000,29.500000,28.000000,29.049999,27.637465,4355
2009-07-13,27.000000,28.000000,26.500000,27.950001,26.590952,7900
2009-07-14,27.100000,29.700001,27.100000,29.500000,28.065582,2002
2009-07-15,30.000000,31.000000,29.299999,30.950001,29.445078,1283
2009-07-16,30.400000,32.000000,30.000000,31.700001,30.158609,1542
2009-07-17,31.500000,32.000000,30.049999,31.950001,30.396452,1634
2009-07-20,31.900000,32.000000,30.750000,30.900000,29.397509,1639
2009-07-21,30.500000,33.900002,28.700001,31.400000,29.873194,3015
2009-07-22,28.400000,32.900002,28.400000,31.350000,29.825628,7600
2009-07-23,31.350000,32.500000,31.250000,31.600000,30.063471,1760
2009-07-24,30.400000,34.400002,30.400000,33.549999,31.918652,2283
2009-07-27,32.500000,34.500000,32.049999,34.400002,32.727325,6900
2009-07-28,33.799999,35.200001,33.799999,34.950001,33.250584,2537
2009-07-29,34.849998,35.250000,33.349998,34.500000,32.822460,5400
2009-07-30,34.200001,34.750000,33.599998,33.950001,32.299202,2303
2009-07-31,35.000000,35.950001,34.500000,34.750000,33.060310,5841
2009-08-03,33.250000,34.900002,33.250000,34.150002,32.489479,3173
2009-08-04,33.000000,35.299999,33.000000,34.000000,32.346771,1900
2009-08-05,34.000000,34.049999,32.299999,33.000000,31.395395,7100
2009-08-06,34.000000,34.250000,33.150002,33.200001,31.585676,4200
2009-08-07,33.000000,36.549999,33.000000,36.549999,34.772778,104000
2009-08-10,39.500000,39.500000,35.700001,37.000000,35.200897,14412
2009-08-11,35.000000,38.500000,35.000000,37.299999,35.486313,3303
2009-08-12,34.500000,36.000000,34.500000,36.000000,34.249527,5000
2009-08-13,36.500000,38.500000,36.500000,38.200001,36.342552,7414
2009-08-14,36.799999,37.750000,36.799999,37.200001,35.391178,600
2009-08-17,39.900002,39.900002,36.250000,37.000000,35.200897,28938
2009-08-18,37.000000,37.000000,36.549999,36.549999,34.772778,1460
2009-08-19,36.299999,36.299999,36.250000,36.250000,34.487373,250
2009-08-20,37.000000,37.700001,36.000000,36.299999,34.534931,1819
2009-08-21,36.500000,36.650002,36.000000,36.099998,34.344658,1452
2009-08-24,35.250000,38.900002,35.200001,37.599998,35.771725,2000
2009-08-25,36.000000,38.200001,35.849998,36.549999,34.772778,169
2009-08-26,38.450001,38.450001,36.599998,37.700001,35.866859,3485
2009-08-27,36.500000,41.500000,36.500000,40.700001,38.720993,26665
2009-08-28,42.000000,43.799999,41.000000,42.500000,40.433468,24900
2009-08-31,39.250000,44.500000,39.250000,42.349998,40.290760,7100
2009-09-01,44.000000,44.000000,41.500000,42.549999,40.481033,8500
2009-09-02,40.150002,44.500000,40.150002,43.099998,41.004288,13292
2009-09-03,41.700001,43.750000,41.700001,42.750000,40.671307,6393
2009-09-04,42.150002,43.000000,42.000000,42.000000,39.957775,1403
2009-09-07,41.700001,44.000000,41.150002,43.299999,41.194565,5294
2009-09-08,41.349998,44.000000,41.349998,42.549999,40.481033,1546
2009-09-09,40.500000,45.000000,39.299999,41.599998,39.577225,1940
2009-09-10,40.299999,44.000000,40.000000,42.549999,40.481033,132856
2009-09-11,43.950001,44.000000,42.500000,42.500000,40.433468,2000
2009-09-14,42.000000,43.400002,42.000000,42.799999,40.718876,833
2009-09-15,42.000000,43.000000,42.000000,42.049999,40.005348,3500
2009-09-16,42.549999,45.000000,42.000000,43.500000,41.384846,206510
2009-09-17,43.650002,47.299999,43.049999,43.799999,41.670250,17789
2009-09-18,43.950001,44.099998,40.500000,42.799999,40.718876,35314
2009-09-22,42.000000,44.450001,42.000000,43.400002,41.289711,3029
2009-09-23,43.000000,43.500000,42.150002,43.000000,40.909153,21452
2009-09-24,43.000000,43.549999,42.099998,42.200001,40.148052,8552
2009-09-25,43.450001,43.450001,42.650002,42.849998,40.766445,3480
2009-09-29,42.400002,43.549999,42.400002,43.000000,40.909153,1900
2009-09-30,44.900002,44.900002,42.650002,43.000000,40.909153,6700
2009-10-01,42.950001,43.500000,42.250000,42.700001,40.623745,2588
2009-10-05,42.000000,45.799999,42.000000,43.950001,41.812962,6282
2009-10-06,43.000000,43.450001,43.000000,43.250000,41.146999,2300
2009-10-07,44.400002,44.400002,43.400002,43.549999,41.432407,3000
2009-10-08,43.349998,45.549999,43.049999,45.150002,42.954617,6300
2009-10-09,44.500000,45.599998,44.500000,45.000000,42.811909,2900
2009-10-12,45.000000,46.049999,45.000000,45.900002,43.668144,7928
2009-10-13,null,null,null,null,null,null
2009-10-14,45.000000,45.049999,44.849998,44.900002,42.716766,3144
2009-10-15,44.849998,46.849998,44.849998,46.400002,44.143829,3907
2009-10-16,46.650002,55.700001,45.099998,55.150002,52.468369,168075
2009-10-20,69.250000,74.650002,67.199997,70.500000,67.071976,490480
2009-10-21,70.949997,70.949997,63.450001,63.549999,60.459923,200699
2009-10-22,62.150002,64.400002,58.000000,60.200001,57.272816,168601
2009-10-23,60.000000,63.500000,59.049999,60.549999,57.605797,32861
2009-10-26,56.799999,61.500000,56.700001,60.049999,57.130108,22479
2009-10-27,56.099998,61.299999,56.099998,60.099998,57.177677,44892
2009-10-28,61.349998,62.900002,57.049999,60.049999,57.130108,11523
2009-10-29,57.500000,59.799999,55.000000,55.299999,52.611073,12603
2009-10-30,55.000000,59.849998,51.599998,52.700001,50.137501,8277
2009-11-03,51.150002,53.000000,48.200001,50.099998,47.663921,5114
2009-11-04,47.650002,55.150002,47.650002,52.099998,49.566669,47030
2009-11-05,52.549999,52.900002,47.250000,50.700001,48.234745,5162
2009-11-06,54.900002,54.900002,51.099998,51.599998,49.090984,3691
2009-11-09,51.599998,52.700001,49.500000,50.799999,48.329880,11412
2009-11-10,52.000000,52.900002,50.599998,52.000000,49.471539,7200
2009-11-11,52.000000,59.000000,50.099998,57.900002,55.084652,21615
2009-11-12,55.500000,56.950001,54.000000,55.049999,52.373230,4804
2009-11-13,54.900002,56.900002,52.500000,55.000000,52.325665,9188
2009-11-16,53.000000,62.900002,53.000000,55.700001,52.991623,7862
2009-11-17,57.500000,58.849998,55.049999,55.599998,52.896484,1171
2009-11-18,57.000000,57.000000,55.000000,55.799999,53.086758,412
2009-11-19,54.549999,56.799999,54.549999,55.400002,52.706215,5395
2009-11-20,56.750000,56.750000,54.500000,55.000000,52.325665,890
2009-11-23,54.000000,55.950001,53.000000,55.950001,53.229473,2463
2009-11-24,57.049999,57.049999,55.000000,55.000000,52.325665,1959
2009-11-25,55.000000,56.000000,55.000000,55.000000,52.325665,2658
2009-11-26,53.000000,55.000000,53.000000,54.900002,52.230526,5932
2009-11-27,54.000000,55.500000,52.200001,54.500000,51.849976,3400
2009-11-30,57.250000,57.250000,53.049999,55.200001,52.515942,714
2009-12-01,54.049999,54.049999,53.650002,53.650002,51.041302,75
2009-12-02,55.000000,55.000000,52.250000,53.849998,51.231579,875
2009-12-03,52.650002,55.799999,52.599998,55.400002,52.706215,5580
2009-12-04,53.700001,56.799999,53.700001,55.200001,52.515942,725
2009-12-07,55.000000,55.000000,53.750000,55.000000,52.325665,304
2009-12-08,53.250000,55.700001,53.250000,55.700001,52.991623,973
2009-12-09,56.000000,56.000000,55.700001,55.900002,53.181904,202
2009-12-10,54.049999,56.000000,54.049999,55.000000,52.325665,2105
2009-12-11,55.000000,56.500000,55.000000,56.500000,53.752728,925
2009-12-14,55.049999,56.750000,55.000000,55.000000,52.325665,621
2009-12-15,55.000000,56.900002,55.000000,55.000000,52.325665,3406
2009-12-16,55.099998,55.099998,55.000000,55.000000,52.325665,3693
2009-12-17,55.000000,55.000000,55.000000,55.000000,52.325665,1920
2009-12-18,54.000000,56.000000,54.000000,55.000000,52.325665,255
2009-12-21,55.900002,55.900002,55.000000,55.000000,52.325665,5126
2009-12-22,55.799999,56.000000,55.000000,55.000000,52.325665,3234
2009-12-23,null,null,null,null,null,null
2009-12-24,null,null,null,null,null,null
2009-12-29,null,null,null,null,null,null
2009-12-30,null,null,null,null,null,null
2009-12-31,null,null,null,null,null,null
2010-01-04,55.500000,55.500000,55.000000,55.049999,52.373230,1390
2010-01-05,56.250000,57.700001,55.599998,57.700001,54.894379,3362
2010-01-06,60.599998,60.599998,58.150002,58.450001,55.607910,3430
2010-01-07,57.000000,60.000000,55.650002,59.250000,56.369007,2292
2010-01-08,59.799999,59.799999,58.000000,58.000000,55.179783,4584
2010-01-11,60.000000,60.799999,56.500000,59.150002,56.273872,2006
2010-01-12,61.400002,61.599998,58.549999,59.049999,56.178734,852
2010-01-13,60.000000,61.450001,58.099998,58.099998,55.274929,669
2010-01-14,60.299999,60.299999,58.299999,58.299999,55.465199,260
2010-01-15,58.000000,60.299999,58.000000,58.500000,55.655479,1244
2010-01-18,55.599998,61.450001,55.599998,60.400002,57.463093,6113
2010-01-19,59.349998,62.849998,59.049999,60.950001,57.986351,3958
2010-01-20,63.700001,63.700001,58.150002,59.200001,56.321434,1946
2010-01-21,61.750000,62.200001,59.200001,60.000000,57.082539,3987
2010-01-22,58.099998,58.500000,58.000000,58.049999,55.227364,3103
2010-01-25,56.849998,58.500000,55.650002,58.500000,55.655479,125
2010-01-27,59.000000,59.000000,55.599998,55.599998,52.896484,116
2010-01-28,54.099998,55.650002,53.000000,55.099998,52.420799,1024
2010-01-29,55.000000,55.000000,55.000000,55.000000,52.325665,2399
2010-02-01,56.500000,56.500000,55.000000,55.750000,53.039192,475
2010-02-02,58.500000,58.500000,55.000000,56.750000,53.990570,760
2010-02-03,58.000000,59.000000,55.000000,55.099998,52.420799,1370
2010-02-04,55.000000,55.000000,55.000000,55.000000,52.325665,1067
2010-02-05,55.500000,55.500000,54.000000,55.000000,52.325665,5565
2010-02-06,null,null,null,null,null,null
2010-02-08,55.000000,55.000000,54.000000,55.000000,52.325665,1345
2010-02-09,55.000000,55.000000,55.000000,55.000000,52.325665,199
2010-02-10,55.000000,56.000000,55.000000,56.000000,53.277035,325
2010-02-11,54.549999,56.099998,54.549999,56.000000,53.277035,308
2010-02-15,56.750000,56.750000,56.750000,56.750000,53.990570,1005
2010-02-16,56.750000,56.750000,55.200001,55.200001,52.515942,770
2010-02-17,55.150002,55.150002,55.150002,55.150002,52.468369,0
2010-02-18,57.000000,57.500000,55.299999,55.299999,52.611073,261
2010-02-19,55.150002,56.500000,55.150002,55.799999,53.086758,543
2010-02-22,53.099998,56.250000,53.099998,55.150002,52.468369,6108
2010-02-23,55.750000,57.299999,55.000000,56.500000,53.752728,5530
2010-02-24,59.000000,59.000000,54.450001,56.099998,53.372173,3622
2010-02-25,55.349998,56.299999,55.349998,56.049999,53.324608,3569
2010-02-26,58.400002,58.400002,56.000000,56.250000,53.514881,828
2010-03-02,55.000000,57.950001,55.000000,56.150002,53.419743,2375
2010-03-03,56.200001,59.000000,56.000000,57.500000,54.704098,6263
2010-03-04,57.400002,59.000000,57.049999,58.799999,55.940887,2598
2010-03-05,59.000000,59.000000,58.299999,58.450001,55.607910,4465
2010-03-08,58.599998,63.099998,58.599998,61.599998,58.604744,14693
2010-03-09,61.000000,67.800003,61.000000,66.900002,63.647022,93214
2010-03-10,67.050003,67.050003,65.000000,66.500000,63.266483,18172
2010-03-11,65.250000,67.000000,65.250000,66.550003,63.314049,6530
2010-03-12,66.349998,66.349998,63.400002,65.500000,62.315109,14511
2010-03-15,64.000000,65.750000,63.500000,64.550003,61.411304,8494
2010-03-16,61.750000,65.250000,61.750000,65.000000,61.839420,22162
2010-03-17,63.000000,65.449997,63.000000,65.000000,61.839420,3647
2010-03-18,64.000000,69.900002,63.849998,68.000000,64.693542,43500
2010-03-19,67.050003,70.000000,67.000000,67.099998,63.837303,30595
2010-03-22,65.500000,67.900002,65.000000,65.400002,62.219975,33317
2010-03-23,71.900002,71.900002,64.949997,65.000000,61.839420,2029
2010-03-25,62.200001,66.849998,62.099998,65.050003,61.886986,10439
2010-03-26,64.000000,65.400002,64.000000,64.949997,61.791847,7271
2010-03-29,66.050003,67.000000,64.050003,66.599998,63.361622,4382
2010-03-30,66.000000,68.900002,66.000000,67.050003,63.789749,3301
2010-03-31,67.099998,67.500000,65.150002,67.500000,64.217865,3619
2010-04-01,66.000000,69.900002,64.150002,68.750000,65.407082,6665
2010-04-05,63.049999,70.400002,63.049999,70.400002,66.976852,8716
2010-04-06,69.300003,71.500000,69.050003,71.199997,67.737938,6635
2010-04-07,70.000000,76.800003,70.000000,73.199997,69.640701,22324
2010-04-08,76.500000,76.500000,70.500000,71.599998,68.118507,12819
2010-04-09,67.250000,73.000000,67.250000,71.599998,68.118507,4512
2010-04-12,65.050003,75.000000,65.050003,72.699997,69.165009,12539
2010-04-13,71.250000,75.449997,71.250000,74.050003,70.449371,12895
2010-04-15,73.550003,75.400002,70.699997,72.150002,68.641762,5160
2010-04-16,70.250000,73.500000,70.199997,72.000000,68.499054,7011
2010-04-19,71.500000,76.000000,69.199997,71.949997,68.451469,5361
2010-04-20,73.000000,76.750000,71.099998,75.300003,71.638596,13339
2010-04-21,75.000000,76.750000,74.550003,75.050003,71.400742,4500
2010-04-22,74.550003,75.199997,73.199997,74.449997,70.829910,6947
2010-04-23,74.099998,74.800003,73.000000,73.099998,69.545555,756
2010-04-26,75.000000,79.000000,74.000000,75.349998,71.686157,9585
2010-04-27,75.900002,76.900002,70.250000,75.699997,72.019142,3531
2010-04-28,74.050003,76.500000,73.000000,73.000000,69.450417,18316
2010-04-29,77.800003,79.000000,69.000000,74.050003,70.449371,6762
2010-04-30,75.000000,75.500000,73.000000,74.199997,70.592072,42309
2010-05-03,72.000000,75.000000,72.000000,74.000000,70.401794,633
2010-05-04,75.500000,75.500000,71.000000,72.000000,68.499054,832
2010-05-05,70.000000,73.500000,69.000000,72.000000,68.499054,3830
2010-05-06,71.400002,73.500000,70.000000,72.000000,68.499054,39217
2010-05-07,71.000000,72.000000,69.000000,69.599998,66.215744,21439
2010-05-10,68.500000,73.500000,68.000000,72.750000,69.212585,21972
2010-05-11,74.000000,74.000000,71.500000,71.650002,68.166061,6984
2010-05-12,73.500000,75.000000,71.000000,71.099998,67.642807,4469
2010-05-13,71.599998,71.599998,71.250000,71.599998,68.118507,3220
2010-05-14,71.599998,73.000000,69.500000,69.550003,66.168182,3938
2010-05-17,71.500000,71.900002,66.000000,67.599998,64.312996,72860
2010-05-18,67.000000,69.800003,66.550003,67.000000,63.742161,7540
2010-05-19,65.500000,67.000000,64.000000,65.000000,61.839420,5136
2010-05-20,66.500000,76.500000,59.650002,61.599998,58.604744,12206
2010-05-21,60.000000,62.900002,59.049999,59.349998,56.464149,369
2010-05-24,58.000000,66.000000,58.000000,63.200001,60.126942,2212
2010-05-25,59.400002,61.000000,51.000000,53.400002,50.803467,27833
2010-05-26,56.549999,56.950001,53.250000,55.900002,53.181904,5480
2010-05-27,58.799999,58.799999,52.799999,54.750000,52.087818,1613
2010-05-28,57.000000,58.500000,56.849998,57.000000,54.228413,6386
2010-05-31,60.349998,60.349998,55.799999,58.299999,55.465199,4689
2010-06-01,59.000000,59.000000,55.000000,57.000000,54.228413,855
2010-06-02,59.000000,60.000000,56.000000,56.049999,53.324608,1735
2010-06-03,57.500000,58.950001,55.500000,56.599998,53.847858,5738
2010-06-04,58.500000,59.299999,55.700001,56.000000,53.277035,1292
2010-06-07,56.599998,60.000000,53.049999,56.500000,53.752728,2841
2010-06-08,59.500000,59.500000,55.500000,55.500000,52.801353,4364
2010-06-09,60.000000,60.000000,55.000000,56.049999,53.324608,786
2010-06-10,55.000000,58.549999,55.000000,56.599998,53.847858,164
2010-06-11,58.500000,59.000000,54.049999,56.000000,53.277035,155
2010-06-14,57.500000,59.700001,56.750000,58.200001,55.370068,1027
2010-06-15,59.000000,59.500000,57.099998,58.750000,55.893318,1299
2010-06-16,57.500000,57.500000,54.000000,55.849998,53.134335,6477
2010-06-17,54.799999,59.450001,54.150002,58.650002,55.798187,6513
2010-06-18,59.000000,60.450001,58.000000,59.400002,56.511715,8098
2010-06-21,59.000000,59.900002,57.000000,57.849998,55.037083,11903
2010-06-22,59.000000,59.849998,57.500000,59.250000,56.369007,176
2010-06-23,59.000000,59.950001,58.000000,58.099998,55.274929,514
2010-06-24,59.000000,59.000000,57.000000,57.099998,54.323547,337
2010-06-25,58.500000,59.750000,55.750000,56.349998,53.610016,119
2010-06-28,55.299999,59.400002,55.250000,56.700001,53.943001,3085
2010-06-29,59.000000,59.000000,56.000000,57.000000,54.228413,4172
2010-06-30,58.000000,58.000000,55.849998,56.250000,53.514881,1606
2010-07-01,57.500000,59.000000,56.000000,56.900002,54.133278,435
2010-07-02,58.500000,68.300003,58.000000,68.150002,64.836258,154000
2010-07-05,68.150002,69.800003,63.000000,63.900002,60.792904,23494
2010-07-06,64.300003,64.849998,62.000000,64.349998,61.221024,6963
2010-07-07,61.200001,64.000000,60.349998,61.849998,58.842579,5003
2010-07-08,60.549999,62.500000,60.549999,61.750000,58.747444,1750
2010-07-09,61.750000,63.450001,61.750000,62.150002,59.128002,2410
2010-07-12,61.000000,69.650002,61.000000,64.449997,61.316162,249568
2010-07-13,64.000000,66.900002,64.000000,66.050003,62.838375,8025
2010-07-14,65.000000,73.000000,64.550003,65.099998,61.934559,4210
2010-07-15,64.050003,69.349998,64.050003,65.849998,62.648090,13689
2010-07-16,64.000000,67.099998,64.000000,65.699997,62.505383,2519
2010-07-19,65.050003,74.050003,65.050003,68.349998,65.026520,195404
2010-07-20,66.650002,68.750000,66.349998,66.849998,63.599468,6146
2010-07-21,67.800003,68.400002,66.599998,67.699997,64.408127,10390
2010-07-22,68.849998,68.900002,65.500000,66.599998,63.361622,2687
2010-07-23,66.849998,67.849998,64.300003,66.500000,63.266483,7475
2010-07-26,67.900002,67.900002,63.349998,65.050003,61.886986,9810
2010-07-27,70.099998,70.099998,60.549999,62.000000,58.985294,19357
2010-07-28,65.000000,65.449997,60.799999,62.900002,59.841534,6232
2010-07-29,61.650002,62.450001,60.900002,61.150002,58.176624,1069
2010-07-30,62.900002,64.900002,61.400002,64.500000,61.363731,93821
2010-08-02,64.849998,64.900002,62.400002,64.400002,61.268589,2129
2010-08-03,62.500000,63.000000,61.000000,61.650002,58.652313,7087
2010-08-04,63.000000,63.000000,60.650002,61.549999,58.557171,2937
2010-08-05,62.900002,63.000000,61.200001,62.400002,59.365845,6160
2010-08-06,63.000000,63.000000,60.000000,61.200001,58.224190,3990
2010-08-09,61.000000,63.000000,61.000000,61.500000,58.509605,1346
2010-08-10,61.349998,62.000000,61.000000,61.200001,58.224190,3568
2010-08-11,60.700001,61.000000,60.000000,60.500000,57.558228,3845
2010-08-12,58.200001,61.500000,58.200001,59.849998,56.939831,2511
2010-08-13,60.500000,61.000000,60.000000,60.000000,57.082539,822
2010-08-16,62.849998,62.849998,58.099998,58.500000,55.655479,1467
2010-08-17,59.000000,59.450001,57.250000,58.049999,55.227364,2000
2010-08-18,59.750000,59.750000,57.700001,58.250000,55.417637,2388
2010-08-19,57.599998,60.750000,57.599998,60.400002,57.463093,912
2010-08-20,61.500000,61.500000,59.150002,60.700001,57.748505,2507
2010-08-23,61.299999,64.000000,59.750000,62.500000,59.460979,5537
2010-08-24,64.000000,65.949997,62.000000,63.799999,60.697769,15063
2010-08-25,65.000000,66.000000,63.599998,64.949997,61.791847,4382
2010-08-26,65.449997,65.449997,64.099998,64.300003,61.173458,4379
2010-08-27,65.199997,65.800003,63.650002,64.000000,60.888042,4346
2010-08-30,64.500000,67.000000,63.500000,63.500000,60.412354,2747
2010-08-31,64.300003,64.300003,61.500000,62.099998,59.080429,3755
2010-09-01,61.000000,64.500000,61.000000,63.900002,60.792904,4670
2010-09-02,63.700001,68.000000,63.299999,67.000000,63.742161,10728
2010-09-03,66.150002,69.900002,66.000000,67.500000,64.217865,12193
2010-09-06,69.949997,69.949997,66.199997,67.800003,64.503273,5461
2010-09-07,66.500000,75.949997,66.000000,75.550003,71.876434,166784
2010-09-08,74.750000,79.449997,72.000000,73.150002,69.593132,279801
2010-09-09,74.500000,75.349998,72.300003,72.849998,69.307716,23065
2010-09-13,73.500000,77.300003,69.050003,72.150002,68.641762,70438
2010-09-14,73.800003,74.949997,70.550003,71.400002,67.928215,17867
2010-09-15,71.949997,73.000000,70.050003,70.349998,66.929276,12934
2010-09-16,70.349998,71.500000,67.699997,68.849998,66.446732,13069
2010-09-17,68.000000,70.449997,65.150002,66.250000,63.937485,10950
2010-09-20,66.000000,69.250000,66.000000,67.199997,64.854324,7153
2010-09-21,66.150002,71.000000,66.000000,68.750000,66.350227,15762
2010-09-22,66.650002,69.500000,66.550003,67.099998,64.757813,5540
2010-09-23,66.599998,66.949997,65.250000,65.699997,63.406681,2794
2010-09-24,66.000000,68.000000,65.699997,66.750000,64.420029,5380
2010-09-27,68.500000,70.449997,67.199997,68.650002,66.253723,8456
2010-09-28,67.400002,69.500000,67.400002,67.949997,65.578140,5928
2010-09-29,69.000000,70.000000,67.349998,68.550003,66.157211,6449
2010-09-30,67.500000,69.699997,67.300003,68.849998,66.446732,6219
2010-10-01,68.349998,69.000000,67.599998,68.050003,65.674652,6471
2010-10-04,69.800003,69.800003,67.199997,68.000000,65.626396,4941
2010-10-05,67.500000,69.000000,65.199997,68.349998,65.964180,1150
2010-10-06,67.250000,69.000000,67.250000,68.449997,66.060692,3474
2010-10-07,67.050003,68.750000,66.000000,66.699997,64.371780,3194
2010-10-08,66.150002,68.000000,65.949997,66.000000,63.696205,11163
2010-10-11,66.949997,68.000000,65.550003,66.699997,64.371780,3788
2010-10-12,67.849998,72.949997,66.650002,70.050003,67.604843,48993
2010-10-13,72.000000,72.000000,69.500000,69.550003,67.122299,6400
2010-10-14,69.500000,69.500000,68.550003,68.699997,66.301964,1079
2010-10-15,67.550003,69.449997,67.550003,67.750000,65.385132,1592
2010-10-18,65.599998,68.400002,65.599998,66.500000,64.178764,1583
2010-10-19,66.000000,67.000000,65.250000,65.500000,63.213673,7530
2010-10-20,65.500000,68.000000,65.000000,67.599998,65.240364,4545
2010-10-21,69.500000,71.000000,68.150002,68.449997,66.060692,6300
2010-10-22,67.650002,70.000000,67.050003,69.449997,67.025780,5381
2010-10-25,68.500000,70.800003,67.550003,68.300003,65.915932,12973
2010-10-26,68.099998,72.050003,67.800003,69.250000,66.832756,9937
2010-10-27,68.800003,70.099998,68.000000,68.199997,65.819420,1059
2010-10-28,67.650002,71.250000,67.650002,70.550003,68.087395,8208
2010-10-29,70.000000,70.000000,67.250000,68.849998,66.446732,2358
2010-11-01,68.000000,69.099998,67.050003,67.150002,64.806076,1305
2010-11-02,65.800003,69.500000,65.800003,68.900002,66.494987,2635
2010-11-03,67.750000,69.650002,67.500000,69.000000,66.591492,3170
2010-11-04,69.000000,70.000000,67.699997,67.800003,65.433380,865
2010-11-08,66.599998,69.000000,66.599998,68.050003,65.674652,2025
2010-11-09,67.250000,69.150002,67.250000,68.599998,66.205452,6342
2010-11-10,68.050003,71.800003,68.000000,70.550003,68.087395,19804
2010-11-11,68.750000,69.699997,68.400002,68.650002,66.253723,1670
2010-11-12,67.650002,67.650002,63.400002,65.150002,62.875881,7475
2010-11-15,65.000000,67.300003,62.200001,65.300003,63.020645,9296
2010-11-16,63.349998,66.849998,62.500000,62.750000,60.559654,12876
2010-11-18,62.500000,65.000000,60.500000,63.799999,61.573006,2424
2010-11-19,61.150002,64.500000,61.099998,63.650002,61.428242,5149
2010-11-22,63.500000,64.150002,62.599998,63.849998,61.621254,2788
2010-11-23,63.500000,67.000000,61.400002,62.950001,60.752678,736
2010-11-24,63.900002,65.800003,62.500000,64.550003,62.296829,2830
2010-11-25,62.250000,65.000000,60.500000,62.349998,60.173622,2937
2010-11-26,61.200001,63.000000,55.650002,58.349998,56.313240,2731
2010-11-29,57.000000,61.799999,56.000000,60.950001,58.822491,4148
2010-11-30,57.049999,63.750000,57.049999,61.849998,59.691067,2233
2010-12-01,63.950001,65.000000,63.049999,63.250000,61.042202,1551
2010-12-02,63.000000,65.550003,63.000000,65.099998,62.827625,1747
2010-12-03,68.000000,68.000000,57.299999,60.650002,58.532959,6332
2010-12-06,58.650002,66.000000,58.650002,63.000000,60.800934,3475
2010-12-07,55.099998,62.049999,55.099998,60.349998,58.243427,627
2010-12-08,59.349998,60.500000,59.250000,59.500000,57.423103,759
2010-12-09,57.799999,63.349998,54.500000,55.099998,53.176689,4191
2010-12-10,57.500000,57.500000,54.000000,54.000000,52.115086,747
2010-12-13,57.900002,58.400002,56.799999,57.549999,55.541164,2370
2010-12-14,57.000000,59.450001,56.500000,57.200001,55.203384,272
2010-12-15,59.349998,60.500000,56.700001,58.450001,56.409756,2390
2010-12-16,59.900002,60.000000,59.900002,60.000000,57.905643,269
2010-12-20,58.500000,59.700001,58.250000,58.400002,56.361496,661
2010-12-21,60.000000,61.299999,58.150002,60.650002,58.532959,848
2010-12-22,61.000000,62.000000,60.099998,60.950001,58.822491,731
2010-12-23,61.049999,61.450001,60.000000,60.049999,57.953899,450
2010-12-24,60.000000,60.500000,59.250000,59.500000,57.423103,8680
2010-12-27,60.500000,60.849998,59.000000,60.000000,57.905643,2648
2010-12-28,59.950001,61.000000,59.950001,60.000000,57.905643,997
2010-12-29,61.900002,61.900002,58.650002,59.000000,56.940552,1215
2010-12-30,null,null,null,null,null,null
2010-12-31,61.450001,62.000000,58.750000,61.000000,58.870747,8269
2011-01-03,60.000000,61.900002,60.000000,61.250000,59.112011,723
2011-01-04,59.099998,61.250000,59.099998,61.250000,59.112011,2013
2011-01-05,59.150002,60.849998,59.000000,59.000000,56.940552,1614
2011-01-06,59.000000,59.799999,58.500000,58.599998,56.554516,1034
2011-01-07,58.150002,58.349998,56.000000,56.549999,54.576073,920
2011-01-10,52.000000,57.799999,52.000000,56.000000,54.045273,2299
2011-01-11,58.500000,58.500000,56.000000,56.000000,54.045273,1000
2011-01-12,53.150002,56.000000,53.150002,55.450001,53.514473,280
2011-01-13,54.000000,56.400002,53.950001,54.500000,52.597633,321
2011-01-14,55.000000,55.950001,54.049999,54.150002,52.259846,197
2011-01-17,53.049999,54.000000,51.000000,51.200001,49.412823,2470
2011-01-18,51.000000,52.950001,50.500000,52.950001,51.101734,25159
2011-01-19,54.500000,54.500000,51.500000,52.000000,50.184898,1090
2011-01-20,51.500000,53.299999,50.299999,51.599998,49.798855,263
2011-01-21,51.200001,53.849998,51.049999,52.450001,50.619190,633
2011-01-24,53.599998,53.599998,51.150002,51.950001,50.136639,45
2011-01-25,50.799999,51.450001,49.450001,50.049999,48.302959,825
2011-01-27,53.799999,53.799999,49.049999,49.099998,47.386116,2439
2011-01-28,47.450001,49.599998,46.000000,46.250000,44.635605,9790
2011-01-31,44.000000,47.000000,44.000000,45.200001,43.622253,1021
2011-02-01,46.000000,46.000000,43.349998,43.599998,42.078102,760
2011-02-02,44.900002,47.349998,43.500000,45.150002,43.574001,3716
2011-02-03,45.000000,45.049999,45.000000,45.049999,43.477486,600
2011-02-04,48.000000,48.000000,45.000000,46.200001,44.587349,576
2011-02-07,47.700001,47.700001,45.049999,45.099998,43.525745,135
2011-02-08,45.200001,45.900002,41.049999,41.450001,40.003155,4829
2011-02-09,41.549999,41.549999,41.549999,41.549999,40.099659,50
2011-02-10,39.000000,45.000000,39.000000,42.900002,41.402542,144
2011-02-11,41.150002,42.000000,38.650002,40.000000,38.603764,10888
2011-02-14,40.299999,42.500000,40.299999,42.000000,40.533951,1180
2011-02-15,42.000000,42.000000,41.299999,42.000000,40.533951,806
2011-02-16,41.950001,47.000000,41.950001,45.799999,44.201309,3171
2011-02-17,44.049999,46.450001,44.000000,45.750000,44.153057,3009
2011-02-18,46.000000,49.549999,45.750000,46.000000,44.394333,2723
2011-02-21,45.000000,46.900002,43.000000,45.900002,44.297825,6881
2011-02-22,43.250000,44.599998,43.250000,44.599998,43.043194,53
2011-02-23,48.000000,48.000000,45.049999,45.049999,43.477486,219
2011-02-24,49.000000,49.000000,44.150002,44.349998,42.801926,8661
2011-02-25,45.500000,46.000000,45.450001,45.950001,44.346073,1870
2011-02-28,45.000000,46.500000,44.000000,44.900002,43.332729,647
2011-03-01,48.000000,48.000000,45.000000,47.799999,46.131500,196
2011-03-03,46.500000,46.500000,44.599998,44.599998,43.043194,221
2011-03-04,48.599998,48.599998,45.000000,46.950001,45.311172,533
2011-03-07,51.700001,51.700001,44.799999,45.150002,43.574001,5055
2011-03-08,48.849998,48.849998,45.000000,45.000000,43.429237,1971
2011-03-09,45.049999,46.400002,45.049999,45.049999,43.477486,0
2011-03-10,46.950001,46.950001,44.549999,45.500000,43.911781,2098
2011-03-11,44.799999,45.750000,44.799999,45.750000,44.153057,2670
2011-03-14,44.750000,46.000000,44.750000,46.000000,44.394333,2170
2011-03-15,48.450001,48.450001,45.000000,45.000000,43.429237,239
2011-03-16,46.000000,49.099998,46.000000,47.049999,45.407677,8673
2011-03-17,47.900002,48.000000,46.049999,47.299999,45.648952,1153
2011-03-18,46.500000,48.450001,46.500000,48.349998,46.662300,4128
2011-03-21,47.200001,57.000000,47.000000,52.549999,50.715694,260612
2011-03-22,55.750000,56.000000,50.500000,50.650002,48.882023,194173
2011-03-23,51.000000,52.799999,49.000000,51.950001,50.136639,102260
2011-03-24,51.000000,54.000000,49.000000,53.250000,51.391266,3869
2011-03-25,51.500000,55.000000,51.500000,53.599998,51.729046,4744
2011-03-28,51.750000,54.900002,51.750000,53.700001,51.825554,5401
2011-03-29,53.500000,55.000000,52.049999,55.000000,53.080177,5560
2011-03-30,54.500000,54.500000,52.000000,52.200001,50.377911,233
2011-03-31,51.349998,54.200001,51.349998,52.500000,50.667442,722
2011-04-01,51.650002,53.900002,51.650002,52.049999,50.233150,388
2011-04-04,52.049999,52.049999,52.000000,52.000000,50.184898,10
2011-04-05,56.849998,56.849998,51.599998,51.599998,49.798855,385
2011-04-06,53.950001,54.000000,53.799999,54.000000,52.115086,5936
2011-04-07,54.599998,57.450001,54.599998,56.000000,54.045273,1935
2011-04-08,53.349998,64.800003,53.349998,58.700001,56.651028,196941
2011-04-11,59.000000,59.950001,56.200001,56.349998,54.383057,2625
2011-04-13,58.700001,58.700001,54.599998,55.099998,53.176689,9918
2011-04-15,54.599998,57.250000,54.500000,55.000000,53.080177,1765
2011-04-18,54.000000,55.549999,53.349998,53.950001,52.066830,2335
2011-04-19,55.500000,55.500000,53.099998,53.950001,52.066830,1035
2011-04-20,55.150002,55.400002,54.000000,54.700001,52.790649,1352
2011-04-21,53.400002,57.000000,53.349998,55.049999,53.128433,4385
2011-04-25,55.500000,55.500000,53.500000,54.049999,52.163342,786
2011-04-26,53.000000,53.000000,52.500000,52.700001,50.860466,412
2011-04-27,55.000000,55.000000,54.000000,54.000000,52.115086,1481
2011-04-28,54.099998,54.849998,53.000000,53.349998,51.487770,580
2011-04-29,52.250000,53.450001,51.500000,51.950001,50.136639,768
2011-05-02,53.799999,54.000000,52.200001,52.849998,51.005222,2875
2011-05-03,52.250000,53.000000,51.250000,53.000000,51.149986,4065
2011-05-04,52.000000,52.500000,50.200001,52.500000,50.667442,3801
2011-05-05,52.500000,52.500000,51.549999,51.549999,49.750599,720
2011-05-06,51.549999,52.000000,51.500000,51.500000,49.702343,755
2011-05-09,51.000000,53.000000,51.000000,51.700001,49.895367,283
2011-05-10,52.950001,53.000000,51.400002,52.500000,50.667442,586
2011-05-11,52.950001,54.000000,52.000000,52.200001,50.377911,6427
2011-05-12,51.049999,52.500000,46.500000,46.950001,45.311172,11489
2011-05-13,48.900002,48.950001,47.750000,48.000000,46.324516,1276
2011-05-16,47.000000,50.000000,47.000000,48.049999,46.372772,409
2011-05-17,48.049999,48.049999,47.299999,47.299999,45.648952,150
2011-05-18,47.000000,48.349998,47.000000,47.000000,45.359425,0
2011-05-19,46.500000,50.750000,45.200001,46.549999,44.925133,133
2011-05-20,46.049999,46.049999,46.000000,46.000000,44.394333,300
2011-05-23,46.500000,46.500000,45.000000,45.500000,43.911781,277
2011-05-24,45.049999,46.799999,44.049999,45.000000,43.429237,564
2011-05-25,45.000000,48.000000,45.000000,46.700001,45.069901,850
2011-05-26,45.500000,45.500000,44.549999,45.000000,43.429237,2702
2011-05-27,45.150002,46.099998,45.000000,45.299999,43.718765,624
2011-05-30,45.049999,45.049999,45.049999,45.049999,43.477486,100
2011-05-31,47.450001,51.400002,45.549999,49.900002,48.158199,3066
2011-06-01,51.000000,51.349998,48.500000,49.099998,47.386116,1798
2011-06-02,48.000000,50.450001,46.150002,47.150002,45.504192,859
2011-06-03,48.500000,48.500000,45.000000,45.450001,43.863529,10165
2011-06-06,46.500000,48.000000,45.599998,46.950001,45.311172,110
2011-06-07,45.700001,46.950001,45.400002,45.650002,44.056549,346
2011-06-08,45.500000,45.500000,44.000000,45.250000,43.670509,5279
2011-06-09,45.750000,47.950001,45.000000,45.200001,43.622253,3018
2011-06-10,45.000000,47.500000,45.000000,45.900002,44.297825,3127
2011-06-13,49.549999,49.549999,45.400002,46.000000,44.394333,312
2011-06-14,46.799999,46.799999,45.500000,45.549999,43.960037,38
2011-06-15,49.000000,49.000000,46.049999,47.500000,45.841972,864
2011-06-16,46.500000,47.450001,45.000000,45.049999,43.477486,2857
2011-06-17,45.049999,46.849998,45.049999,46.250000,44.635605,169
2011-06-20,45.250000,45.299999,45.000000,45.000000,43.429237,3180
2011-06-21,45.000000,45.500000,44.250000,45.349998,43.767017,5174
2011-06-22,45.000000,45.400002,44.250000,44.549999,42.994942,1655
2011-06-23,44.500000,44.500000,44.250000,44.250000,42.705414,633
2011-06-24,44.049999,46.500000,44.049999,45.799999,44.201309,133
2011-06-27,45.000000,45.400002,44.549999,45.000000,43.429237,7801
2011-06-28,45.599998,45.599998,45.000000,45.000000,43.429237,1302
2011-06-29,45.000000,45.000000,45.000000,45.000000,43.429237,230
2011-06-30,45.000000,46.000000,44.500000,45.950001,44.346073,60801
2011-07-01,47.000000,47.000000,43.500000,43.900002,42.367630,2447
2011-07-04,43.750000,44.950001,43.000000,43.000000,41.499046,25303
2011-07-05,44.000000,44.000000,43.150002,43.299999,41.788578,1370
2011-07-06,44.000000,44.950001,43.299999,44.200001,42.657162,891
2011-07-07,44.049999,44.349998,44.000000,44.349998,42.801926,240
2011-07-08,45.450001,45.450001,42.049999,43.099998,41.595558,475
2011-07-11,43.200001,43.400002,43.000000,43.200001,41.692062,403
2011-07-12,43.099998,43.099998,43.000000,43.000000,41.499046,299
2011-07-13,null,null,null,null,null,null
2011-07-14,43.000000,44.000000,42.099998,43.349998,41.836830,323
2011-07-15,43.000000,43.950001,42.849998,43.099998,41.595558,1960
2011-07-18,43.950001,44.799999,43.900002,44.650002,43.091454,6607
2011-07-19,48.900002,48.900002,43.000000,44.750000,43.187965,1002
2011-07-20,44.950001,46.650002,44.500000,45.000000,43.429237,7066
2011-07-21,44.500000,44.500000,44.500000,44.500000,42.946686,55
2011-07-22,44.900002,45.000000,44.150002,44.200001,42.657162,709
2011-07-25,null,null,null,null,null,null
2011-07-26,45.099998,45.599998,44.799999,45.599998,44.008293,261
2011-07-27,45.000000,45.849998,45.000000,45.849998,44.249561,214
2011-07-28,45.000000,45.000000,45.000000,45.000000,43.429237,63
2011-07-29,44.250000,44.799999,44.250000,44.650002,43.091454,1401
2011-08-01,45.950001,46.000000,45.000000,45.000000,43.429237,2546
2011-08-02,45.000000,45.500000,44.500000,45.500000,43.911781,1701
2011-08-03,44.000000,44.500000,43.200001,44.049999,42.512394,174
2011-08-04,44.150002,44.200001,44.150002,44.200001,42.657162,1141
2011-08-05,42.000000,44.900002,42.000000,44.900002,43.332729,290
2011-08-08,43.000000,43.500000,40.700001,40.799999,39.375843,764
2011-08-09,38.650002,44.750000,38.650002,41.900002,40.437443,1954
2011-08-10,42.500000,42.500000,40.500000,41.650002,40.196175,1253
2011-08-11,42.000000,42.599998,41.000000,41.000000,39.568859,700
2011-08-12,null,null,null,null,null,null
2011-08-16,43.000000,43.000000,40.500000,40.650002,39.231075,306
2011-08-17,40.549999,48.700001,40.549999,41.500000,40.051407,1315
2011-08-18,41.000000,42.700001,40.750000,40.799999,39.375843,309
2011-08-19,39.000000,39.950001,36.599998,37.000000,35.708481,1665
2011-08-22,39.900002,39.900002,35.299999,36.400002,35.129429,22
2011-08-23,38.250000,39.950001,38.250000,38.500000,37.156124,470
2011-08-24,38.099998,39.849998,37.549999,39.750000,38.362488,14922
2011-08-25,39.000000,39.700001,38.549999,39.500000,38.121220,151
2011-08-26,38.000000,38.950001,36.049999,37.049999,35.756737,44
2011-08-29,39.000000,42.500000,37.200001,39.150002,37.783432,1168
2011-08-30,43.000000,43.000000,39.250000,39.900002,38.507256,7798
2011-09-02,41.299999,41.299999,38.250000,39.750000,38.362488,153
2011-09-05,38.250000,41.000000,38.000000,40.450001,39.038059,1382
2011-09-06,42.849998,44.900002,40.400002,41.450001,40.003155,728
2011-09-07,41.500000,41.500000,39.250000,41.000000,39.568859,890
2011-09-08,40.099998,41.400002,39.099998,41.000000,39.568859,1105
2011-09-09,43.000000,47.000000,40.849998,42.500000,41.016502,7789
2011-09-12,42.000000,43.750000,41.150002,42.200001,40.726974,2526
2011-09-13,42.700001,44.799999,42.650002,42.650002,41.161270,2045
2011-09-14,43.799999,44.750000,43.200001,43.200001,41.692062,1180
2011-09-15,44.000000,44.000000,42.500000,43.900002,42.367630,3571
2011-09-16,43.000000,43.000000,42.799999,43.000000,41.499046,1041
2011-09-19,44.750000,44.750000,42.799999,42.900002,41.402542,2051
2011-09-20,42.150002,43.549999,42.150002,42.500000,41.016502,2106
2011-09-21,null,null,null,null,null,null
2011-09-22,41.099998,43.000000,38.150002,39.099998,37.735180,2691
2011-09-23,42.000000,42.000000,39.000000,40.099998,38.700275,8500
2011-09-26,null,null,null,null,null,null
2011-09-27,41.000000,41.000000,41.000000,41.000000,39.568859,100
2011-09-28,null,null,null,null,null,null
2011-09-29,42.000000,45.000000,41.549999,43.500000,41.981598,1929
2011-09-30,42.000000,43.250000,41.549999,41.549999,40.099659,1255
2011-10-03,42.349998,42.950001,40.650002,41.750000,40.292675,818
2011-10-04,44.650002,45.500000,40.599998,41.400002,39.954899,7118
2011-10-05,45.200001,45.400002,40.000000,41.500000,40.051407,6106
2011-10-07,41.000000,43.000000,41.000000,42.200001,40.726974,244
2011-10-10,41.250000,44.000000,41.250000,42.250000,40.775230,24
2011-10-11,null,null,null,null,null,null
2011-10-12,42.000000,42.000000,42.000000,42.000000,40.533951,33
2011-10-13,42.250000,43.500000,42.000000,42.049999,40.582214,1436
2011-10-14,41.000000,42.799999,40.500000,42.000000,40.533951,132
2011-10-17,40.000000,43.549999,40.000000,41.650002,40.196175,533
2011-10-18,41.549999,41.549999,41.549999,41.549999,40.099659,53
2011-10-19,45.000000,45.000000,41.549999,41.549999,40.099659,52
2011-10-20,40.500000,44.900002,40.349998,44.000000,42.464142,8
2011-10-21,43.000000,43.799999,42.000000,42.000000,40.533951,12
2011-10-24,41.000000,43.750000,40.000000,43.000000,41.499046,88
2011-10-25,42.000000,42.000000,42.000000,42.000000,40.533951,105
2011-10-28,45.000000,45.000000,42.000000,42.099998,40.630463,559
2011-10-31,42.049999,44.250000,42.000000,44.150002,42.608906,416
2011-11-01,43.000000,44.099998,41.450001,42.000000,40.533951,524
2011-11-02,43.000000,43.900002,41.500000,43.400002,41.885090,388
2011-11-03,42.000000,42.049999,41.000000,42.049999,40.582214,517
2011-11-04,42.000000,42.900002,42.000000,42.900002,41.402542,7
2011-11-08,42.000000,42.349998,41.049999,42.200001,40.726974,188
2011-11-09,41.000000,41.000000,41.000000,41.000000,39.568859,6
2011-11-11,43.500000,43.500000,39.349998,39.400002,38.024715,30330
2011-11-14,40.099998,40.099998,37.700001,37.849998,36.528812,1853
2011-11-15,37.400002,39.950001,36.250000,36.799999,35.515469,824
2011-11-16,41.000000,41.000000,34.500000,38.849998,37.493908,526
2011-11-17,37.500000,38.950001,35.900002,38.400002,37.059616,166
2011-11-18,36.500000,39.650002,35.000000,35.000000,33.778297,105
2011-11-21,38.950001,38.950001,35.200001,37.700001,36.384048,1050
2011-11-22,37.000000,37.000000,37.000000,37.000000,35.708481,75
2011-11-23,36.000000,38.750000,36.000000,38.750000,37.397400,17
2011-11-24,37.000000,37.000000,33.349998,34.299999,33.102726,5433
2011-11-25,37.950001,37.950001,33.000000,33.150002,31.992874,1670
2011-11-28,34.000000,34.000000,32.500000,32.650002,31.510323,937
2011-11-29,32.799999,33.599998,32.650002,32.650002,31.510323,401
2011-11-30,31.150000,34.000000,31.150000,32.799999,31.655087,3318
2011-12-01,32.549999,35.450001,32.549999,34.950001,33.730042,963
2011-12-02,38.000000,38.000000,34.099998,37.000000,35.708481,279
2011-12-05,36.000000,37.349998,33.299999,34.150002,32.957966,4555
2011-12-07,35.650002,35.650002,33.750000,34.900002,33.681789,963
2011-12-08,34.000000,34.000000,33.250000,33.450001,32.282394,7
2011-12-09,34.000000,39.400002,32.500000,37.750000,36.432301,4029
2011-12-12,44.000000,44.000000,36.500000,38.450001,37.107872,2812
2011-12-13,37.900002,38.000000,35.349998,35.950001,34.695133,444
2011-12-14,37.049999,39.900002,36.000000,36.099998,34.839893,304
2011-12-15,35.049999,35.049999,30.650000,31.350000,30.255703,12654
2011-12-16,33.900002,36.799999,33.000000,34.400002,33.199238,6482
2011-12-19,34.000000,34.000000,30.799999,31.000000,29.917919,1754
2011-12-20,31.000000,31.000000,28.200001,30.100000,29.049334,1273
2011-12-21,31.049999,32.450001,30.000000,32.450001,31.317305,609
2011-12-22,34.000000,34.000000,29.350000,30.049999,29.001080,204
2011-12-23,31.000000,34.000000,30.500000,33.599998,32.427162,272
2011-12-26,33.000000,34.000000,31.600000,33.500000,32.330647,639
2011-12-27,33.000000,34.000000,31.100000,33.000000,31.848103,655
2011-12-28,35.000000,35.000000,31.500000,31.500000,30.400467,655
2011-12-29,30.049999,31.700001,28.250000,29.700001,28.663298,2150
2011-12-30,31.950001,31.950001,29.049999,29.049999,28.035984,50
2012-01-02,31.950001,33.500000,31.250000,32.299999,31.172539,1502
2012-01-03,31.000000,32.250000,30.000000,32.000000,30.883011,309
2012-01-04,31.049999,33.500000,31.049999,31.100000,30.014429,87
2012-01-05,32.000000,32.400002,31.250000,31.400000,30.303955,207
2012-01-06,31.400000,31.400000,30.750000,31.100000,30.014429,240
2012-01-07,null,null,null,null,null,null
2012-01-09,32.700001,35.650002,31.500000,32.400002,31.269054,531
2012-01-10,32.900002,38.849998,32.000000,38.849998,37.493908,6487
2012-01-11,38.049999,41.849998,36.049999,38.000000,36.673580,1408
2012-01-12,37.000000,39.450001,36.000000,37.049999,35.756737,8
2012-01-13,36.000000,38.950001,36.000000,36.200001,34.936409,255
2012-01-16,36.500000,38.400002,35.500000,38.400002,37.059616,13
2012-01-17,38.400002,38.400002,36.049999,37.000000,35.708481,246
2012-01-18,36.000000,39.849998,35.099998,36.299999,35.032917,243
2012-01-19,35.299999,43.549999,35.299999,43.549999,42.029850,12787
2012-01-20,45.400002,45.400002,38.849998,39.700001,38.314236,8880
2012-01-23,43.900002,43.900002,38.500000,40.000000,38.603764,701
2012-01-24,39.000000,39.000000,38.000000,38.700001,37.349140,6
2012-01-25,41.000000,43.700001,38.500000,42.099998,40.630463,1787
2012-01-27,43.549999,50.000000,41.000000,45.599998,44.008293,4758
2012-01-30,47.000000,47.750000,41.049999,44.450001,42.898434,3498
2012-01-31,43.000000,44.000000,40.750000,43.950001,42.415890,320
2012-02-01,45.000000,45.000000,42.500000,44.900002,43.332729,1068
2012-02-02,44.000000,46.400002,44.000000,44.549999,42.994942,2047
2012-02-03,43.549999,51.849998,43.500000,48.150002,46.469284,10169
2012-02-06,48.900002,49.849998,46.049999,46.950001,45.311172,990
2012-02-07,46.000000,49.900002,44.150002,47.849998,46.179756,2828
2012-02-08,47.000000,49.750000,45.799999,47.000000,45.359425,766
2012-02-09,46.549999,51.500000,46.549999,50.250000,48.495975,35185
2012-02-10,49.099998,49.799999,47.000000,48.000000,46.324516,3642
2012-02-13,48.700001,51.000000,48.000000,48.849998,47.144848,6432
2012-02-14,48.000000,50.299999,47.400002,48.750000,47.048344,4578
2012-02-15,50.950001,50.950001,46.650002,48.500000,46.807068,2040
2012-02-16,47.099998,49.000000,47.099998,48.150002,46.469284,1054
2012-02-17,48.950001,50.000000,47.950001,49.900002,48.158199,120700
2012-02-21,52.000000,54.950001,49.500000,50.000000,48.254704,122955
2012-02-22,50.950001,50.950001,48.500000,48.500000,46.807068,1481
2012-02-23,48.099998,49.500000,46.000000,49.200001,47.482639,2139
2012-02-24,48.599998,50.000000,46.049999,48.250000,46.565792,1385
2012-02-27,51.799999,54.000000,45.349998,47.500000,45.841972,7818
2012-02-28,46.750000,57.000000,46.099998,50.750000,48.978527,7187
2012-02-29,46.650002,51.849998,46.650002,49.250000,47.530888,208
2012-03-01,48.000000,50.500000,47.500000,50.000000,48.254704,71301
2012-03-02,48.400002,49.000000,48.400002,49.000000,47.289608,27
2012-03-03,null,null,null,null,null,null
2012-03-05,50.000000,50.000000,50.000000,50.000000,48.254704,0
2012-03-06,49.000000,51.000000,49.000000,49.500000,47.772156,98
2012-03-07,49.500000,50.000000,49.500000,50.000000,48.254704,17588
2012-03-09,50.000000,50.000000,50.000000,50.000000,48.254704,0
2012-03-12,49.500000,49.500000,49.500000,49.500000,47.772156,2564
2012-03-13,49.500000,49.500000,49.150002,49.150002,47.434383,100
2012-03-14,48.000000,49.000000,48.000000,48.599998,46.903576,720
2012-03-15,47.299999,48.500000,47.299999,48.500000,46.807068,327
2012-03-16,48.099998,49.000000,48.099998,49.000000,47.289608,520
2012-03-19,46.650002,49.000000,46.650002,48.000000,46.324516,10105
2012-03-20,48.000000,48.000000,48.000000,48.000000,46.324516,0
2012-03-21,47.049999,47.049999,46.500000,46.549999,44.925133,140
2012-03-22,46.549999,46.549999,46.549999,46.549999,44.925133,40
2012-03-23,46.549999,46.549999,46.549999,46.549999,44.925133,0
2012-03-26,45.349998,45.549999,44.650002,44.650002,43.091454,70
2012-03-27,44.349998,44.349998,44.349998,44.349998,42.801926,50
2012-03-28,42.500000,42.500000,42.500000,42.500000,41.016502,152
2012-03-29,43.000000,43.000000,43.000000,43.000000,41.499046,181
2012-03-30,42.599998,45.150002,42.549999,44.849998,43.284470,211
2012-04-02,44.849998,44.849998,44.849998,44.849998,43.284470,0
2012-04-03,44.849998,44.849998,44.849998,44.849998,43.284470,0
2012-04-04,43.049999,43.049999,43.049999,43.049999,41.547306,1
2012-04-09,45.000000,45.200001,42.200001,42.200001,40.726974,335
2012-04-10,42.000000,44.299999,42.000000,44.299999,42.753674,570
2012-04-11,43.099998,43.099998,43.099998,43.099998,41.595558,50
2012-04-12,44.000000,44.250000,43.099998,43.650002,42.126358,500
2012-04-13,43.650002,43.650002,43.650002,43.650002,42.126358,0
2012-04-16,45.000000,45.000000,45.000000,45.000000,43.429237,330
2012-04-17,45.000000,45.000000,45.000000,45.000000,43.429237,0
2012-04-18,45.000000,45.000000,45.000000,45.000000,43.429237,0
2012-04-19,47.250000,47.250000,47.250000,47.250000,45.600697,380
2012-04-20,49.599998,49.599998,49.599998,49.599998,47.868668,755
2012-04-23,49.500000,49.500000,49.500000,49.500000,47.772156,160
2012-04-24,51.500000,51.500000,51.500000,51.500000,49.702343,20
2012-04-25,50.049999,52.750000,49.000000,49.000000,47.289608,1637
2012-04-26,49.000000,49.000000,49.000000,49.000000,47.289608,50
2012-04-27,50.000000,51.000000,50.000000,51.000000,49.219803,5000
2012-04-30,48.500000,48.500000,48.500000,48.500000,46.807068,100
2012-05-02,48.500000,48.500000,48.500000,48.500000,46.807068,0
2012-05-03,47.000000,49.000000,46.099998,47.500000,45.841972,100307
2012-05-04,46.299999,48.500000,46.299999,48.500000,46.807068,2331
2012-05-07,47.500000,47.500000,46.099998,46.099998,44.490841,100000
2012-05-08,47.099998,47.099998,47.099998,47.099998,45.455933,1500
2012-05-09,47.099998,47.099998,47.099998,47.099998,45.455933,0
2012-05-10,46.000000,46.700001,46.000000,46.500000,44.876881,203
2012-05-11,46.150002,47.000000,46.150002,47.000000,45.359425,200
2012-05-14,47.400002,47.400002,47.000000,47.000000,45.359425,250
2012-05-15,47.000000,47.099998,47.000000,47.049999,45.407677,370
2012-05-16,47.000000,47.200001,47.000000,47.000000,45.359425,3267
2012-05-17,47.200001,47.200001,47.000000,47.000000,45.359425,1500
2012-05-18,47.000000,47.000000,47.000000,47.000000,45.359425,100
2012-05-21,47.000000,47.000000,47.000000,47.000000,45.359425,60
2012-05-22,45.349998,47.000000,45.349998,46.599998,44.973385,305
2012-05-23,45.599998,45.599998,45.599998,45.599998,44.008293,200
2012-05-24,45.599998,45.599998,45.599998,45.599998,44.008293,0
2012-05-25,45.599998,45.599998,45.599998,45.599998,44.008293,0
2012-05-28,45.599998,45.599998,45.599998,45.599998,44.008293,0
2012-05-29,45.599998,45.599998,45.599998,45.599998,44.008293,0
2012-05-30,45.000000,45.000000,45.000000,45.000000,43.429237,950
2012-05-31,45.000000,45.000000,45.000000,45.000000,43.429237,0
2012-06-01,44.500000,44.500000,43.049999,44.299999,42.753674,100
2012-06-04,44.299999,44.299999,44.299999,44.299999,42.753674,0
2012-06-05,44.299999,44.299999,44.299999,44.299999,42.753674,0
2012-06-06,42.099998,42.099998,42.099998,42.099998,40.630463,2470
2012-06-07,40.299999,40.299999,40.299999,40.299999,38.893295,33
2012-06-08,40.299999,40.299999,40.299999,40.299999,38.893295,0
2012-06-11,38.700001,38.700001,38.700001,38.700001,37.349140,200
2012-06-12,38.700001,38.700001,38.700001,38.700001,37.349140,0
2012-06-13,40.599998,40.599998,40.599998,40.599998,39.182816,200
2012-06-14,42.599998,42.599998,42.599998,42.599998,41.113007,75
2012-06-15,43.099998,43.099998,43.099998,43.099998,41.595558,196
2012-06-18,43.000000,43.000000,41.200001,42.000000,40.533951,773
2012-06-19,43.599998,43.599998,42.099998,42.700001,41.209522,5
2012-06-20,42.700001,42.700001,42.700001,42.700001,41.209522,1
2012-06-21,44.799999,44.799999,41.150002,44.500000,42.946686,3100
2012-06-22,44.500000,44.500000,44.500000,44.500000,42.946686,0
2012-06-25,44.500000,44.500000,44.500000,44.500000,42.946686,0
2012-06-26,44.500000,44.500000,44.500000,44.500000,42.946686,0
2012-06-27,44.950001,44.950001,44.950001,44.950001,43.380981,499
2012-06-28,43.049999,43.950001,42.750000,42.750000,41.257774,44
2012-06-29,42.349998,42.500000,42.000000,42.450001,40.968246,601
2012-07-02,44.500000,44.500000,44.000000,44.500000,42.946686,750
2012-07-03,44.450001,44.450001,44.150002,44.150002,42.608906,250
2012-07-04,44.049999,44.799999,44.049999,44.299999,42.753674,100250
2012-07-05,44.299999,44.299999,44.299999,44.299999,42.753674,0
2012-07-06,43.650002,43.650002,43.500000,43.500000,41.981598,251
2012-07-09,43.500000,43.500000,43.500000,43.500000,41.981598,0
2012-07-10,43.500000,43.500000,43.500000,43.500000,41.981598,0
2012-07-11,44.900002,46.500000,43.200001,43.200001,41.692062,325
2012-07-12,43.000000,47.500000,43.000000,47.299999,45.648952,306
2012-07-13,45.900002,45.900002,43.150002,43.200001,41.692062,156
2012-07-16,45.400002,46.000000,43.099998,44.750000,43.187965,10004
2012-07-17,42.450001,42.450001,42.450001,42.450001,40.968246,60
2012-07-18,45.849998,45.900002,42.150002,45.500000,43.911781,420
2012-07-19,42.349998,44.849998,42.250000,43.000000,41.499046,1716
2012-07-20,43.000000,43.000000,43.000000,43.000000,41.499046,0
2012-07-23,42.049999,44.950001,42.049999,43.150002,41.643810,185
2012-07-24,43.000000,43.000000,41.000000,41.000000,39.568859,100
2012-07-25,43.400002,43.400002,43.400002,43.400002,41.885090,2
2012-07-26,43.400002,43.400002,43.400002,43.400002,41.885090,0
2012-07-27,43.400002,43.400002,43.400002,43.400002,41.885090,0
2012-07-30,43.400002,43.400002,43.400002,43.400002,41.885090,0
2012-07-31,43.400002,43.400002,43.400002,43.400002,41.885090,0
2012-08-01,44.200001,46.950001,44.200001,45.349998,43.767017,2145
2012-08-02,45.000000,45.000000,45.000000,45.000000,43.429237,600
2012-08-03,45.049999,46.700001,45.049999,45.099998,43.525745,52
2012-08-06,47.700001,49.500000,45.049999,47.799999,46.131500,1089
2012-08-07,47.750000,47.799999,46.750000,46.750000,45.118149,642
2012-08-08,46.049999,47.450001,46.000000,47.450001,45.793716,438
2012-08-09,46.000000,46.000000,46.000000,46.000000,44.394333,130
2012-08-10,47.700001,47.700001,45.500000,47.450001,45.793716,451
2012-08-13,46.000000,47.200001,45.000000,47.200001,45.552444,1904
2012-08-14,45.599998,48.200001,45.599998,46.000000,44.394333,2044
2012-08-16,46.099998,46.099998,46.099998,46.099998,44.490841,310
2012-08-17,46.000000,46.000000,46.000000,46.000000,44.394333,1
2012-08-21,46.000000,46.000000,46.000000,46.000000,44.394333,0
2012-08-22,45.000000,48.000000,45.000000,45.799999,44.201309,283
2012-08-23,45.849998,46.000000,45.849998,46.000000,44.394333,201
2012-08-24,46.000000,47.349998,43.650002,47.349998,45.697208,706
2012-08-27,47.000000,47.000000,45.000000,45.000000,43.429237,97
2012-08-28,45.000000,47.250000,45.000000,45.000000,43.429237,707
2012-08-29,44.000000,47.000000,43.349998,47.000000,45.359425,205
2012-08-30,47.000000,47.000000,47.000000,47.000000,45.359425,0
2012-08-31,46.650002,46.650002,43.400002,43.450001,41.933338,104
2012-09-03,45.500000,45.500000,43.450001,43.450001,41.933338,3
2012-09-04,43.450001,45.700001,43.450001,44.549999,42.994942,53
2012-09-05,45.799999,45.799999,43.400002,45.799999,44.201309,195
2012-09-06,45.799999,45.799999,45.799999,45.799999,44.201309,100
2012-09-07,44.000000,47.000000,43.549999,46.049999,44.442585,24
2012-09-08,null,null,null,null,null,null
2012-09-10,45.950001,45.950001,43.500000,43.500000,41.981598,125
2012-09-11,43.450001,44.950001,43.450001,43.450001,41.933338,400
2012-09-12,43.400002,46.599998,43.400002,45.900002,44.297825,15
2012-09-13,43.500000,45.750000,43.400002,45.750000,45.136425,105
2012-09-14,43.500000,45.799999,42.500000,42.750000,42.176655,701
2012-09-17,45.500000,45.500000,41.650002,42.049999,41.486050,429
2012-09-18,41.200001,41.200001,41.200001,41.200001,40.647442,60
2012-09-20,41.099998,45.799999,41.000000,44.250000,43.656540,1352
2012-09-21,43.400002,45.799999,41.599998,43.650002,43.064583,2630
2012-09-24,43.000000,43.400002,41.299999,43.049999,42.472637,167
2012-09-25,43.049999,43.049999,42.099998,42.200001,41.634033,676
2012-09-26,42.200001,42.200001,42.200001,42.200001,41.634033,181
2012-09-27,42.599998,45.150002,42.599998,43.150002,42.571293,729
2012-09-28,45.150002,45.400002,41.849998,45.000000,44.396481,17
2012-10-01,44.950001,46.950001,41.849998,45.299999,44.692455,1149
2012-10-03,44.000000,47.000000,42.099998,45.150002,44.544472,414
2012-10-04,44.049999,44.250000,44.000000,44.000000,43.409889,2491
2012-10-05,44.000000,44.000000,44.000000,44.000000,43.409889,0
2012-10-08,44.000000,44.000000,44.000000,44.000000,43.409889,1
2012-10-09,42.299999,43.799999,42.000000,43.000000,42.423306,1615
2012-10-10,43.000000,43.000000,41.150002,41.849998,41.288723,252
2012-10-11,42.799999,43.799999,42.799999,43.799999,43.212570,4
2012-10-12,43.799999,43.799999,43.799999,43.799999,43.212570,0
2012-10-15,43.599998,43.799999,41.650002,43.650002,43.064583,318
2012-10-16,43.750000,43.750000,41.750000,41.750000,41.190063,50
2012-10-17,41.200001,41.200001,41.200001,41.200001,40.647442,175
2012-10-18,41.200001,41.200001,41.200001,41.200001,40.647442,0
2012-10-19,43.000000,43.000000,41.200001,43.000000,42.423306,494
2012-10-22,43.000000,43.799999,41.799999,42.049999,41.486050,169
2012-10-23,42.299999,42.299999,42.299999,42.299999,41.732689,117
2012-10-25,41.099998,49.000000,41.049999,47.799999,47.158932,6487
2012-10-29,45.500000,49.299999,45.000000,45.200001,44.593800,3336
2012-10-30,45.799999,45.799999,43.849998,43.849998,43.261902,150
2012-10-31,43.849998,43.849998,43.099998,43.500000,42.916599,73
2012-11-01,44.849998,45.900002,42.200001,42.250000,41.683365,509
2012-11-02,42.700001,45.000000,42.250000,45.000000,44.396481,20
2012-11-05,43.799999,45.950001,42.500000,43.450001,42.867268,937
2012-11-06,43.000000,44.950001,43.000000,44.950001,44.347153,6
2012-11-07,43.000000,43.799999,42.700001,42.700001,42.127327,21
2012-11-08,42.700001,42.700001,42.700001,42.700001,42.127327,0
2012-11-09,42.200001,43.950001,41.650002,41.950001,41.387383,856
2012-11-11,null,null,null,null,null,null
2012-11-12,43.049999,45.799999,43.000000,43.750000,43.163246,678
2012-11-15,45.950001,48.000000,44.000000,44.000000,43.409889,652
2012-11-16,45.950001,46.950001,43.500000,45.500000,44.889774,646
2012-11-19,47.000000,47.150002,47.000000,47.000000,46.369659,250
2012-11-20,45.000000,45.500000,44.950001,45.099998,44.495140,180
2012-11-21,45.049999,45.049999,45.049999,45.049999,44.445808,102
2012-11-22,45.500000,45.500000,45.500000,45.500000,44.889774,100
2012-11-23,45.000000,45.000000,44.500000,45.000000,44.396481,601
2012-11-26,45.000000,45.000000,43.250000,43.250000,42.669949,345
2012-11-27,45.250000,45.250000,44.349998,44.549999,43.952515,851
2012-11-29,43.799999,43.799999,43.799999,43.799999,43.212570,105
2012-11-30,44.000000,44.049999,43.799999,44.049999,43.459217,1017
2012-12-03,43.799999,45.950001,43.750000,45.000000,44.396481,322
2012-12-04,44.099998,45.900002,43.750000,45.700001,45.087093,1394
2012-12-05,45.700001,45.700001,45.700001,45.700001,45.087093,0
2012-12-06,44.099998,45.799999,44.049999,44.799999,44.199162,164
2012-12-07,44.000000,46.500000,44.000000,45.049999,44.445808,2303
2012-12-10,43.000000,47.549999,43.000000,44.549999,43.952515,937
2012-12-11,43.849998,47.849998,43.849998,46.750000,46.123009,700
2012-12-12,42.650002,46.500000,42.650002,44.400002,43.804531,987
2012-12-13,44.150002,45.950001,44.150002,45.450001,44.840446,1252
2012-12-14,46.549999,46.549999,45.000000,45.500000,44.889774,888
2012-12-17,45.750000,49.799999,45.750000,49.450001,48.786797,6721
2012-12-18,47.599998,48.250000,46.549999,47.700001,47.060268,749
2012-12-19,46.049999,48.799999,46.000000,47.200001,46.566975,444
2012-12-20,49.950001,49.950001,46.500000,47.000000,46.369659,648
2012-12-21,47.000000,48.000000,46.000000,46.349998,45.728374,1068
2012-12-24,45.900002,48.000000,45.849998,47.900002,47.257587,455
2012-12-26,46.000000,46.000000,46.000000,46.000000,45.383072,31
2012-12-27,47.900002,47.900002,46.200001,46.700001,46.073685,673
2012-12-28,46.099998,46.700001,46.049999,46.049999,45.432396,554
2012-12-31,46.099998,48.500000,46.000000,46.049999,45.432396,28474
2013-01-01,46.150002,49.500000,46.150002,46.150002,45.531059,310
2013-01-02,46.049999,47.000000,45.950001,46.950001,46.320332,10946
2013-01-03,48.299999,48.400002,46.049999,46.099998,45.481728,324
2013-01-04,46.099998,48.400002,45.000000,46.150002,45.531059,4091
2013-01-07,45.599998,48.000000,45.349998,46.700001,46.073685,826
2013-01-08,46.750000,46.750000,46.450001,46.450001,45.827038,122
2013-01-09,45.000000,45.950001,44.450001,45.549999,44.939102,1320
2013-01-10,45.549999,45.549999,45.549999,45.549999,44.939102,0
2013-01-11,45.450001,45.500000,44.849998,44.849998,44.248489,1376
2013-01-14,44.000000,48.900002,44.000000,47.750000,47.109596,1671
2013-01-15,46.000000,48.799999,46.000000,47.000000,46.369659,5690
2013-01-16,45.000000,46.400002,45.000000,46.250000,45.629715,231
2013-01-17,45.000000,46.450001,45.000000,46.450001,45.827038,75
2013-01-18,46.049999,47.299999,45.000000,46.349998,45.728374,873
2013-01-21,45.200001,46.900002,45.049999,46.900002,46.271004,7311
2013-01-22,45.000000,46.950001,43.650002,46.950001,46.320332,186
2013-01-23,45.049999,47.799999,43.849998,46.650002,46.024349,4733
2013-01-24,48.500000,55.799999,43.549999,44.650002,44.051174,791834
2013-01-25,44.000000,46.000000,43.200001,46.000000,45.383072,1826
2013-01-28,45.500000,46.000000,44.049999,45.500000,44.889774,204
2013-01-29,44.500000,44.500000,43.000000,43.299999,42.719280,1117
2013-01-30,42.500000,44.000000,40.500000,41.750000,41.190063,3806
2013-01-31,42.500000,42.799999,41.000000,42.099998,41.535374,3353
2013-02-01,42.500000,43.700001,42.049999,42.450001,41.880684,331
2013-02-04,43.000000,47.450001,42.000000,45.049999,44.445808,10147
2013-02-05,50.799999,53.599998,44.500000,46.099998,45.481728,902836
2013-02-06,45.000000,46.000000,43.500000,43.650002,43.064583,5105
2013-02-07,41.400002,43.700001,41.400002,42.000000,41.436710,3834
2013-02-08,44.400002,44.400002,41.299999,41.650002,41.091415,26771
2013-02-11,43.799999,43.799999,41.200001,41.950001,41.387383,485
2013-02-12,43.750000,43.750000,38.549999,39.150002,38.624935,6290
2013-02-13,41.000000,41.000000,38.150002,38.400002,37.884998,2367
2013-02-14,38.250000,40.950001,38.250000,38.400002,37.884998,1296
2013-02-15,40.000000,40.000000,38.000000,38.599998,38.082314,6620
2013-02-18,38.650002,38.650002,37.500000,38.599998,38.082314,105
2013-02-19,38.500000,38.799999,38.000000,38.000000,37.490364,143
2013-02-20,39.750000,39.849998,38.250000,38.250000,37.737011,300
2013-02-21,39.000000,39.000000,38.000000,38.049999,37.539692,412
2013-02-22,38.049999,38.049999,38.049999,38.049999,37.539692,0
2013-02-25,39.200001,39.200001,37.799999,38.500000,37.983658,530
2013-02-26,37.099998,38.000000,35.299999,38.000000,37.490364,9
2013-02-27,35.799999,39.000000,35.750000,39.000000,38.476948,3221
2013-02-28,36.599998,39.000000,36.049999,38.950001,38.427624,513
2013-03-01,38.000000,40.150002,35.250000,37.950001,37.441032,106632
2013-03-04,35.549999,39.900002,35.549999,36.000000,35.517185,3953
2013-03-05,38.950001,38.950001,35.549999,35.700001,35.221203,1250
2013-03-06,35.599998,38.700001,35.250000,37.799999,37.293045,8938
2013-03-07,37.000000,43.200001,36.599998,41.200001,40.647442,112204
2013-03-08,45.049999,45.049999,38.500000,41.000000,40.450127,7561
2013-03-11,36.000000,44.000000,36.000000,40.349998,39.808842,1086
2013-03-12,41.000000,41.000000,39.150002,40.200001,39.660854,522
2013-03-13,39.500000,40.799999,39.000000,39.000000,38.476948,1501
2013-03-14,37.299999,39.700001,37.299999,38.049999,37.539692,100
2013-03-15,37.950001,41.849998,37.099998,40.849998,40.302139,1396
2013-03-18,40.000000,41.900002,38.250000,41.099998,40.548782,1413
2013-03-19,38.200001,41.849998,38.049999,40.049999,39.512867,1283
2013-03-20,35.049999,41.400002,34.549999,39.200001,38.674271,10701
2013-03-21,41.799999,44.000000,39.000000,40.450001,39.907505,9225
2013-03-22,35.549999,41.500000,33.000000,41.000000,40.450127,106457
2013-03-25,42.950001,44.750000,38.150002,39.450001,38.920918,112206
2013-03-26,38.450001,40.500000,38.400002,38.450001,37.934326,1105
2013-03-28,40.250000,41.000000,38.599998,39.349998,38.822254,1513
2013-04-01,41.900002,41.900002,41.900002,41.900002,41.338058,5
2013-04-02,40.049999,41.950001,38.750000,39.349998,38.822254,1502
2013-04-03,41.799999,41.799999,39.349998,39.549999,39.019573,109
2013-04-04,38.000000,41.700001,38.000000,39.299999,38.772926,632231
2013-04-05,39.950001,41.450001,39.099998,41.049999,40.499451,867
2013-04-08,38.349998,40.750000,38.349998,39.500000,38.970245,697
2013-04-09,42.450001,42.450001,39.200001,39.700001,39.167557,767
2013-04-10,39.000000,40.000000,39.000000,40.000000,39.463539,1230
2013-04-11,38.450001,39.000000,38.450001,39.000000,38.476948,300
2013-04-12,38.099998,41.950001,37.250000,37.650002,37.145054,1310
2013-04-15,37.650002,40.299999,37.599998,37.950001,37.441032,263
2013-04-16,40.450001,40.450001,37.349998,40.400002,39.858173,35
2013-04-17,40.400002,40.400002,37.349998,40.000000,39.463539,136
2013-04-18,40.000000,40.000000,37.049999,40.000000,39.463539,295
2013-04-22,39.049999,39.049999,39.000000,39.000000,38.476948,51
2013-04-23,37.599998,40.500000,37.500000,38.650002,38.131645,710
2013-04-25,38.299999,40.900002,38.299999,40.000000,39.463539,2635
2013-04-26,39.500000,40.700001,37.299999,37.950001,37.441032,748
2013-04-29,37.000000,38.000000,37.000000,37.950001,37.441032,122
2013-04-30,37.349998,40.049999,37.349998,40.000000,39.463539,102
2013-05-02,38.500000,40.950001,37.450001,38.349998,37.835663,414
2013-05-03,37.849998,40.950001,36.700001,38.799999,38.279633,812
2013-05-06,40.900002,40.900002,40.000000,40.000000,39.463539,6
2013-05-07,39.150002,39.650002,39.000000,39.599998,39.068901,2300
2013-05-08,39.599998,39.599998,39.599998,39.599998,39.068901,0
2013-05-09,39.950001,39.950001,38.349998,38.650002,38.131645,117
2013-05-10,38.650002,38.650002,38.650002,38.650002,38.131645,0
2013-05-13,39.500000,39.500000,38.599998,39.500000,38.970245,360
2013-05-14,39.900002,40.000000,36.000000,37.400002,36.898411,8257
2013-05-15,37.099998,37.099998,36.000000,37.000000,36.503773,242
2013-05-16,35.000000,39.299999,35.000000,39.299999,38.772926,102
2013-05-17,38.000000,38.799999,36.799999,37.799999,37.293045,841
2013-05-20,38.799999,38.849998,38.000000,38.000000,37.490364,312
2013-05-21,38.000000,39.150002,37.049999,37.950001,37.441032,4646
2013-05-22,40.900002,40.900002,38.500000,39.000000,38.476948,2300
2013-05-23,38.549999,39.700001,38.049999,39.049999,38.526279,585
2013-05-24,42.900002,42.900002,38.000000,38.500000,37.983658,854
2013-05-27,40.900002,40.900002,37.900002,38.849998,38.328960,117
2013-05-28,43.400002,43.400002,39.000000,40.750000,40.203480,8
2013-05-29,40.900002,40.950001,38.000000,38.250000,37.737011,1004
2013-05-30,38.049999,38.849998,36.549999,38.099998,37.589020,287
2013-05-31,38.950001,38.950001,36.549999,36.549999,36.059803,102
2013-06-03,36.549999,38.849998,36.549999,38.849998,38.328960,35
2013-06-04,37.349998,38.000000,34.500000,35.099998,34.629253,3303
2013-06-05,35.099998,36.849998,33.950001,34.900002,34.431938,4183
2013-06-06,34.049999,35.950001,34.049999,34.150002,33.691998,814
2013-06-07,34.099998,35.000000,32.500000,33.450001,33.001381,3304
2013-06-10,32.049999,33.950001,31.549999,32.200001,31.768147,361
2013-06-11,31.700001,31.700001,31.700001,31.700001,31.274855,3
2013-06-12,31.750000,35.500000,31.500000,33.750000,33.297363,852
2013-06-13,31.500000,33.900002,31.500000,33.900002,33.445347,75
2013-06-14,32.000000,36.000000,32.000000,34.450001,33.987972,80
2013-06-17,33.000000,34.650002,31.900000,32.000000,31.570829,199
2013-06-18,32.000000,33.000000,31.000000,33.000000,32.557415,4746
2013-06-19,34.900002,34.950001,32.000000,33.799999,33.346687,12
2013-06-20,33.000000,33.000000,31.549999,32.500000,32.064125,523
2013-06-21,32.700001,33.700001,32.700001,33.700001,33.248032,2
2013-06-24,32.700001,32.700001,32.700001,32.700001,32.261444,19
2013-06-25,31.000000,31.900000,29.500000,31.900000,31.472172,505
2013-06-26,33.000000,33.000000,29.600000,30.000000,29.597652,2108
2013-06-27,29.000000,30.000000,27.600000,28.650000,28.265759,105
2013-06-28,31.000000,31.000000,27.549999,29.250000,28.857714,464
2013-07-01,27.000000,31.250000,25.500000,29.799999,29.400335,22
2013-07-02,28.049999,32.250000,27.200001,28.799999,28.413746,56
2013-07-03,32.450001,32.450001,26.400000,27.549999,27.180511,584
2013-07-04,28.000000,28.700001,26.049999,28.700001,28.315088,2446
2013-07-05,27.200001,30.000000,27.000000,27.049999,26.687218,507
2013-07-08,27.049999,27.049999,27.049999,27.049999,26.687218,0
2013-07-09,25.799999,30.850000,25.799999,30.200001,29.794971,14
2013-07-10,28.100000,28.950001,28.100000,28.500000,28.117769,4
2013-07-11,29.000000,30.049999,27.350000,30.049999,29.646984,4
2013-07-12,29.500000,29.500000,28.000000,29.049999,28.660395,358
2013-07-15,26.850000,29.850000,26.850000,29.299999,28.907042,13
2013-07-16,29.299999,29.299999,29.299999,29.299999,28.907042,0
2013-07-17,29.000000,29.250000,26.650000,28.000000,27.624477,5
2013-07-18,28.000000,28.000000,27.950001,27.950001,27.575150,570
2013-07-19,28.000000,30.400000,27.250000,28.350000,27.969784,165
2013-07-22,29.000000,29.000000,26.650000,28.950001,28.561737,18
2013-07-23,28.950001,28.950001,28.950001,28.950001,28.561737,0
2013-07-24,28.950001,28.950001,28.950001,28.950001,28.561737,0
2013-07-25,30.000000,30.000000,26.750000,26.750000,26.391239,240
2013-07-26,22.950001,30.450001,22.250000,27.549999,27.180511,8113
2013-07-29,24.250000,28.950001,23.049999,25.000000,24.664709,770
2013-07-30,25.000000,25.000000,25.000000,25.000000,24.664709,80
2013-07-31,25.000000,25.100000,24.500000,25.100000,24.763371,327
2013-08-01,23.200001,24.950001,23.100000,23.900000,23.579466,95
2013-08-02,24.000000,24.500000,20.549999,22.299999,22.000919,2711
2013-08-05,25.950001,26.750000,22.200001,26.350000,25.996609,3598
2013-08-06,25.000000,25.000000,23.000000,24.500000,24.171417,516
2013-08-07,24.000000,25.950001,21.049999,25.150000,24.812698,1398
2013-08-08,25.100000,25.100000,22.750000,23.250000,22.938183,791
2013-08-12,23.250000,26.799999,22.799999,24.600000,24.270079,1800
2013-08-13,24.500000,26.100000,23.850000,25.799999,25.453981,254
2013-08-14,25.900000,25.900000,24.100000,25.049999,24.714041,707
2013-08-16,24.500000,24.950001,23.000000,24.500000,24.171417,263
2013-08-19,23.000000,26.950001,22.000000,23.200001,22.888851,235
2013-08-20,21.200001,22.000000,21.200001,21.650000,21.359640,522
2013-08-21,25.400000,25.450001,24.650000,24.650000,24.319407,339
2013-08-22,22.549999,22.549999,22.549999,22.549999,22.247570,2
2013-08-23,24.750000,25.000000,22.500000,23.400000,23.086168,1294
2013-08-26,23.400000,26.000000,23.400000,25.900000,25.552643,721
2013-08-27,23.750000,29.100000,23.750000,28.049999,27.673805,2971
2013-08-28,27.000000,29.950001,25.250000,28.450001,28.068441,201802
2013-08-29,25.950001,28.750000,25.700001,25.950001,25.601973,799
2013-08-30,29.000000,31.100000,25.049999,25.799999,25.453981,2620
2013-09-02,25.500000,27.750000,25.500000,26.049999,25.700626,2361
2013-09-03,25.000000,26.950001,24.100000,26.299999,25.947277,846
2013-09-04,25.000000,26.950001,25.000000,26.250000,25.897945,202
2013-09-05,26.850000,26.850000,26.850000,26.850000,26.489901,2
2013-09-06,25.700001,28.200001,25.049999,26.000000,25.651300,693
2013-09-10,24.250000,26.700001,24.049999,24.950001,24.615381,3688
2013-09-11,24.000000,29.000000,24.000000,26.650000,26.292582,183
2013-09-12,26.000000,30.000000,23.250000,28.549999,28.167099,1223
2013-09-13,27.000000,29.100000,26.000000,28.850000,28.463078,460
2013-09-16,27.600000,30.299999,26.000000,26.299999,25.947277,786
2013-09-17,25.950001,28.500000,23.750000,26.549999,26.193922,4077
2013-09-18,28.250000,28.250000,25.299999,26.650000,26.292582,694
2013-09-19,27.950001,27.950001,25.600000,27.600000,27.229843,342
2013-09-20,28.450001,28.650000,25.750000,27.600000,27.229843,1113
2013-09-23,26.750000,27.450001,26.000000,27.450001,27.081854,1056
2013-09-24,26.000000,29.600000,24.600000,25.000000,24.664709,7919
2013-09-25,28.950001,28.950001,23.200001,23.250000,22.938183,1398
2013-09-26,27.100000,27.100000,23.900000,25.450001,25.108677,187
2013-09-27,26.400000,26.400000,24.799999,25.950001,25.601973,1144
2013-09-30,26.900000,28.000000,24.250000,24.850000,24.516724,924
2013-10-01,26.600000,26.600000,25.000000,25.000000,24.664709,173
2013-10-03,26.850000,27.200001,26.049999,26.600000,26.243254,333
2013-10-04,25.950001,25.950001,25.000000,25.200001,24.862030,232
2013-10-07,25.500000,26.500000,25.049999,25.950001,25.601973,132
2013-10-08,25.049999,26.450001,25.000000,26.400000,26.045935,2330
2013-10-09,25.049999,26.700001,25.000000,25.350000,25.010015,4167
2013-10-10,25.400000,26.549999,24.500000,25.549999,25.207335,1841
2013-10-11,27.299999,27.299999,25.350000,26.450001,26.095264,496
2013-10-14,26.450001,26.600000,25.450001,26.500000,26.144594,1037
2013-10-15,28.000000,28.200001,24.650000,25.150000,24.812698,1188
2013-10-17,26.450001,26.450001,22.900000,23.650000,23.332815,6050
2013-10-18,24.400000,25.799999,23.350000,25.000000,24.664709,2357
2013-10-21,25.799999,26.450001,24.650000,26.350000,25.996609,1197
2013-10-22,26.299999,26.799999,25.400000,26.000000,25.651300,925
2013-10-23,26.500000,27.400000,25.100000,27.299999,26.933865,1828
2013-10-24,26.200001,27.299999,26.200001,26.250000,25.897945,229
2013-10-25,24.700001,26.900000,24.700001,26.650000,26.292582,166
2013-10-28,24.500000,26.400000,24.500000,25.100000,24.763371,501
2013-10-29,24.350000,25.950001,24.299999,24.950001,24.615381,1079
2013-10-30,24.600000,25.549999,22.600000,24.850000,24.516724,202
2013-10-31,25.299999,26.400000,24.450001,25.350000,25.010015,966
2013-11-01,23.600000,26.250000,23.600000,25.900000,25.552643,1267
2013-11-05,25.549999,26.950001,25.549999,26.000000,25.651300,680
2013-11-06,26.600000,26.600000,26.450001,26.500000,26.144594,241
2013-11-07,25.650000,26.850000,25.150000,25.200001,24.862030,6501
2013-11-08,24.299999,27.500000,24.299999,26.700001,26.341915,271
2013-11-11,26.500000,26.500000,25.200001,25.200001,24.862030,92
2013-11-12,25.500000,25.500000,24.850000,24.900000,24.566051,2439
2013-11-13,24.000000,25.950001,24.000000,25.650000,25.305992,831
2013-11-14,24.000000,25.700001,22.150000,24.900000,24.566051,588
2013-11-18,24.500000,26.000000,24.450001,24.950001,24.615381,1058
2013-11-19,25.799999,25.799999,24.100000,24.299999,23.974100,92
2013-11-20,23.900000,25.000000,23.900000,24.000000,23.678122,2837
2013-11-21,23.700001,25.450001,23.700001,24.500000,24.171417,1379
2013-11-22,25.450001,29.400000,23.350000,29.400000,29.005699,10178
2013-11-25,30.150000,35.200001,29.450001,31.900000,31.472172,10689
2013-11-26,28.049999,31.700001,28.049999,29.450001,29.055033,1095
2013-11-27,27.049999,31.200001,26.799999,27.000000,26.637890,1156
2013-11-28,26.900000,30.600000,26.900000,28.950001,28.561737,3052
2013-11-29,28.549999,30.000000,28.250000,28.549999,28.167099,2187
2013-12-02,29.100000,30.100000,28.500000,29.100000,28.709724,3553
2013-12-03,30.000000,30.000000,29.000000,29.000000,28.611063,156
2013-12-04,30.299999,30.299999,29.000000,29.700001,29.301680,487
2013-12-05,28.299999,29.600000,27.750000,28.200001,27.821795,978
2013-12-06,28.000000,29.600000,28.000000,28.100000,27.723135,1619
2013-12-09,28.000000,29.549999,27.250000,28.750000,28.364418,1704
2013-12-10,29.500000,29.500000,28.299999,28.350000,27.969784,697
2013-12-11,25.049999,29.250000,25.049999,27.900000,27.525816,1877
2013-12-12,27.900000,29.250000,27.500000,28.600000,28.216431,493
2013-12-13,29.450001,29.450001,27.200001,28.000000,27.624477,804
2013-12-16,28.450001,28.450001,26.350000,27.450001,27.081854,271
2013-12-17,25.549999,27.500000,25.549999,26.600000,26.243254,400
2013-12-18,26.000000,29.700001,25.000000,26.549999,26.193922,923
2013-12-19,25.500000,28.900000,25.500000,27.950001,27.575150,464
2013-12-20,29.950001,31.750000,27.400000,27.700001,27.328501,289
2013-12-23,30.000000,33.200001,29.049999,33.200001,32.754738,12354
2013-12-24,35.000000,37.700001,33.400002,35.950001,35.467854,27884
2013-12-26,39.700001,39.700001,36.299999,38.400002,37.884998,14541
2013-12-27,38.000000,39.700001,37.549999,37.849998,37.342373,1833
2013-12-30,38.000000,39.299999,38.000000,39.000000,38.476948,1437
2013-12-31,39.000000,39.000000,36.400002,36.849998,36.355785,2075
2014-01-01,36.799999,37.450001,36.000000,36.950001,36.454437,363
2014-01-02,34.549999,39.250000,34.500000,37.799999,37.293045,2764
2014-01-03,35.000000,37.950001,35.000000,36.200001,35.714504,811
2014-01-06,38.849998,39.700001,37.250000,37.900002,37.391701,1479
2014-01-07,38.450001,38.450001,36.799999,37.150002,36.651764,1645
2014-01-08,35.750000,37.450001,35.700001,35.750000,35.270535,772
2014-01-09,37.849998,37.849998,34.049999,34.849998,34.382603,2063
2014-01-10,35.950001,35.950001,33.000000,33.700001,33.248032,318
2014-01-13,35.950001,35.950001,33.549999,33.750000,33.297363,678
2014-01-14,33.000000,36.000000,33.000000,35.549999,35.073215,659
2014-01-15,35.049999,35.549999,34.500000,34.500000,34.037300,139
2014-01-16,33.450001,34.099998,33.400002,33.549999,33.100037,498
2014-01-17,36.650002,36.650002,36.650002,36.650002,36.158466,2
2014-01-20,36.650002,36.650002,33.000000,35.750000,35.270535,601
2014-01-21,35.900002,35.900002,34.150002,35.849998,35.369194,32
2014-01-22,35.500000,35.500000,32.900002,34.549999,34.086636,683
2014-01-23,33.049999,34.950001,33.000000,34.950001,34.481270,44
2014-01-24,32.950001,34.549999,31.900000,33.650002,33.198704,1830
2014-01-27,33.000000,34.500000,31.000000,34.299999,33.839981,874
2014-01-28,34.299999,34.299999,34.299999,34.299999,33.839981,0
2014-01-29,31.150000,33.950001,31.150000,32.650002,32.212112,260
2014-01-30,30.200001,32.599998,29.400000,30.500000,30.090948,1623
2014-01-31,29.000000,30.900000,28.049999,30.600000,30.189608,153
2014-02-03,30.000000,33.650002,30.000000,31.950001,31.521502,89
2014-02-04,30.000000,34.349998,30.000000,30.549999,30.140276,1004
2014-02-05,33.349998,33.450001,30.100000,30.600000,30.189608,116390
2014-02-06,31.900000,31.950001,30.500000,30.500000,30.090948,6410
2014-02-07,31.950001,31.950001,30.000000,30.000000,29.597652,699
2014-02-10,31.950001,31.950001,28.299999,30.450001,30.041620,232
2014-02-11,28.200001,31.299999,28.100000,31.200001,30.781561,438
2014-02-12,29.350000,30.950001,29.299999,30.350000,29.942961,1270
2014-02-13,28.450001,30.650000,28.049999,28.650000,28.265759,917
2014-02-14,28.100000,30.799999,28.100000,28.350000,27.969784,1444
2014-02-17,27.950001,29.150000,25.600000,27.100000,26.736547,944
2014-02-18,26.799999,27.100000,26.750000,27.100000,26.736547,70
2014-02-19,28.950001,29.750000,27.100000,28.650000,28.265759,24135
2014-02-20,27.000000,30.750000,27.000000,30.299999,29.893627,1209
2014-02-21,29.100000,30.299999,27.299999,27.299999,26.933865,5696
2014-02-24,26.549999,27.900000,26.500000,26.900000,26.539230,3029
2014-02-25,25.650000,28.750000,25.100000,27.750000,27.377831,2341
2014-02-26,27.250000,28.900000,26.049999,27.049999,26.687218,868
2014-02-28,28.299999,28.299999,27.350000,27.500000,27.131182,762
2014-03-03,26.000000,28.500000,26.000000,27.600000,27.229843,486
2014-03-04,28.500000,28.500000,26.900000,27.100000,26.736547,730
2014-03-05,27.000000,27.450001,25.750000,25.900000,25.552643,5256
2014-03-06,26.000000,26.450001,25.799999,26.000000,25.651300,2171
2014-03-07,27.950001,28.000000,26.000000,26.600000,26.243254,3136
2014-03-10,27.700001,27.950001,26.000000,27.049999,26.687218,111831
2014-03-11,27.000000,28.650000,25.950001,26.350000,25.996609,122642
2014-03-12,26.500000,28.150000,26.500000,27.450001,27.081854,1970
2014-03-13,27.500000,29.299999,27.500000,28.000000,27.624477,6042
2014-03-14,27.299999,28.450001,27.250000,28.000000,27.624477,603
2014-03-18,28.500000,28.500000,28.000000,28.000000,27.624477,638
2014-03-19,28.500000,28.500000,28.000000,28.000000,27.624477,523
2014-03-20,28.000000,29.299999,28.000000,28.500000,28.117769,2246
2014-03-21,29.500000,29.500000,26.750000,27.000000,26.637890,6764
2014-03-22,null,null,null,null,null,null
2014-03-24,27.950001,27.950001,25.250000,26.200001,25.848618,22029
2014-03-25,25.200001,25.450001,24.750000,25.250000,24.911358,10297
2014-03-26,25.000000,26.000000,24.600000,24.600000,24.270079,55907
2014-03-27,27.200001,27.200001,24.650000,24.700001,24.368734,3799
2014-03-28,24.799999,25.650000,24.500000,24.900000,24.566051,12589
2014-03-31,25.850000,26.400000,25.150000,26.000000,25.651300,2076
2014-04-01,26.400000,26.400000,25.750000,25.950001,25.601973,9323
2014-04-02,26.950001,27.000000,25.750000,27.000000,26.637890,42283
2014-04-03,26.500000,27.250000,25.150000,26.799999,26.440571,979
2014-04-04,26.500000,26.500000,25.450001,25.900000,25.552643,2084
2014-04-07,26.450001,29.549999,25.850000,26.450001,26.095264,4152
2014-04-09,28.450001,28.450001,26.549999,27.150000,26.785875,6081
2014-04-10,28.750000,28.750000,27.100000,27.549999,27.180511,25692
2014-04-11,28.000000,28.799999,27.500000,28.000000,27.624477,6475
2014-04-15,28.000000,31.000000,28.000000,30.000000,29.597652,11553
2014-04-16,30.000000,31.000000,27.500000,29.250000,28.857714,4099
2014-04-17,30.000000,30.200001,28.200001,29.700001,29.301680,3102
2014-04-21,29.250000,30.950001,29.250000,30.799999,30.386925,1642
2014-04-22,30.200001,30.200001,29.450001,29.450001,29.055033,891
2014-04-23,29.500000,30.799999,29.250000,29.450001,29.055033,1969
2014-04-24,29.450001,29.450001,29.450001,29.450001,29.055033,0
2014-04-25,29.000000,30.000000,28.650000,28.950001,28.561737,1106
2014-04-28,28.299999,30.000000,27.500000,29.150000,28.759052,1965
2014-04-29,30.000000,30.450001,30.000000,30.000000,29.597652,201
2014-04-30,29.299999,30.049999,28.600000,28.600000,28.216431,599
2014-05-02,28.150000,30.600000,28.049999,28.150000,27.772465,1196
2014-05-05,28.100000,31.400000,28.100000,30.799999,30.386925,7472
2014-05-06,29.799999,30.500000,29.799999,30.000000,29.597652,520
2014-05-07,30.000000,30.000000,30.000000,30.000000,29.597652,1
2014-05-08,30.799999,31.900000,29.600000,29.750000,29.351007,4728
2014-05-09,30.000000,30.799999,29.250000,29.250000,28.857714,151
2014-05-12,31.850000,33.299999,29.049999,29.850000,29.449665,3154
2014-05-13,30.000000,31.000000,28.799999,30.000000,29.597652,4568
2014-05-14,29.549999,30.450001,28.799999,29.000000,28.611063,14462
2014-05-15,28.350000,29.600000,28.350000,29.250000,28.857714,2488
2014-05-16,30.600000,30.600000,26.450001,28.799999,28.413746,1803
2014-05-19,28.500000,30.000000,28.500000,30.000000,29.597652,5344
2014-05-20,30.000000,32.950001,29.500000,30.700001,30.288265,25409
2014-05-21,31.000000,32.900002,30.000000,31.799999,31.373512,13869
2014-05-22,33.000000,38.150002,33.000000,38.000000,37.490364,40937
2014-05-23,40.000000,40.250000,35.400002,38.700001,38.180973,22377
2014-05-26,38.500000,40.950001,35.150002,37.599998,37.095726,19026
2014-05-27,38.799999,38.799999,33.549999,35.500000,35.023891,4653
2014-05-28,36.000000,36.250000,33.650002,35.750000,35.270535,3068
2014-05-29,37.900002,38.000000,36.000000,36.400002,35.911819,2999
2014-05-30,38.500000,40.799999,37.000000,38.950001,38.427624,20946
2014-06-02,38.000000,42.900002,38.000000,40.349998,39.808842,5396
2014-06-03,40.049999,48.400002,40.049999,48.400002,47.750885,85102
2014-06-04,50.950001,58.049999,49.549999,58.049999,57.271465,267849
2014-06-05,62.400002,63.799999,54.799999,57.150002,56.383530,164052
2014-06-06,56.200001,59.799999,56.200001,58.250000,57.468781,147912
2014-06-09,60.849998,61.650002,58.299999,59.450001,58.652683,42071
2014-06-10,58.299999,59.500000,54.299999,57.099998,56.334198,34768
2014-06-11,57.250000,58.000000,51.400002,52.400002,51.697235,32739
2014-06-12,53.000000,54.000000,49.400002,51.000000,50.316013,47900
2014-06-13,52.500000,52.500000,48.450001,49.200001,48.540157,26773
2014-06-16,51.650002,51.650002,51.650002,51.650002,50.957294,1099
2014-06-17,54.200001,54.200001,54.200001,54.200001,53.473095,4405
2014-06-18,56.900002,56.900002,56.900002,56.900002,56.136883,2136
2014-06-19,59.700001,59.700001,59.700001,59.700001,58.899330,4551
2014-06-20,62.650002,62.650002,61.000000,62.650002,61.809765,118422
2014-06-23,65.750000,65.750000,63.049999,65.750000,64.868187,80541
2014-06-24,69.000000,69.000000,66.000000,67.199997,66.298744,159060
2014-06-25,67.000000,70.550003,63.849998,70.550003,69.603821,187854
2014-06-26,73.949997,74.000000,70.000000,73.949997,72.958214,76788
2014-06-27,76.199997,76.199997,70.699997,72.449997,71.478333,77898
2014-06-30,73.500000,73.500000,69.000000,69.000000,68.074600,20256
2014-07-01,68.849998,72.449997,66.500000,72.199997,71.231682,38067
2014-07-02,74.800003,74.800003,70.500000,72.449997,71.478333,17313
2014-07-03,74.000000,74.000000,70.500000,71.849998,70.886368,10794
2014-07-04,72.000000,72.500000,68.599998,69.550003,68.617233,12347
2014-07-07,70.000000,73.000000,70.000000,72.250000,71.281021,56589
2014-07-08,73.000000,73.000000,68.650002,68.949997,68.025276,28767
2014-07-09,66.000000,70.000000,65.550003,68.400002,67.482651,12288
2014-07-10,71.800003,71.800003,66.250000,70.599998,69.653137,19366
2014-07-11,73.500000,73.500000,67.099998,67.099998,66.200073,13565
2014-07-14,64.250000,69.949997,64.250000,65.849998,64.966850,6480
2014-07-15,64.500000,69.099998,64.500000,69.099998,68.173271,3967
2014-07-16,71.000000,72.550003,71.000000,72.550003,71.576996,46680
2014-07-17,75.800003,76.150002,72.099998,76.000000,74.980728,51547
2014-07-18,79.000000,79.000000,74.250000,75.449997,74.438103,19432
2014-07-21,78.750000,78.800003,76.500000,77.250000,76.213951,49424
2014-07-22,76.250000,80.000000,74.500000,74.800003,73.796822,18466
2014-07-23,74.550003,75.500000,71.099998,74.800003,73.796822,18973
2014-07-24,72.099998,76.500000,72.099998,75.099998,74.092789,12039
2014-07-25,76.000000,76.449997,71.349998,71.349998,70.393097,23579
2014-07-28,71.400002,74.449997,68.000000,69.849998,68.913200,21124
2014-07-30,70.900002,71.750000,68.000000,71.449997,70.491745,3837
2014-07-31,68.099998,73.000000,68.099998,68.449997,67.531975,20731
2014-08-01,70.000000,71.849998,68.000000,71.300003,70.343758,14414
2014-08-04,73.900002,73.900002,69.050003,71.349998,70.393097,15305
2014-08-05,71.900002,74.900002,68.150002,74.900002,73.895477,110520
2014-08-06,74.849998,78.599998,73.000000,76.199997,75.178040,135750
2014-08-07,73.199997,76.500000,73.199997,73.849998,72.859566,19312
2014-08-08,73.699997,74.000000,70.699997,72.400002,71.429008,15324
2014-08-11,73.000000,75.000000,72.400002,74.000000,73.007545,30673
2014-08-12,74.500000,77.599998,72.599998,76.300003,75.276703,41846
2014-08-13,76.000000,77.800003,72.500000,72.500000,71.527664,21602
2014-08-14,70.099998,76.099998,69.000000,76.099998,75.079384,32577
2014-08-18,73.099998,79.849998,73.099998,77.900002,76.855247,72389
2014-08-19,76.849998,78.750000,74.099998,75.750000,74.734077,44840
2014-08-20,74.000000,79.500000,74.000000,79.400002,78.335114,88666
2014-08-21,79.500000,83.349998,79.500000,83.349998,82.232140,155977
2014-08-22,87.500000,87.500000,86.000000,87.500000,86.326492,192860
2014-08-25,91.849998,91.849998,91.849998,91.849998,90.618149,13951
2014-08-26,96.400002,96.400002,88.099998,91.099998,89.878204,222733
2014-08-27,93.000000,95.650002,89.250000,95.099998,93.824562,233352
2014-08-28,94.000000,99.849998,93.250000,99.849998,98.510857,153943
2014-09-01,99.800003,104.800003,99.800003,104.800003,103.394470,34211
2014-09-02,110.000000,110.000000,107.000000,110.000000,108.524727,245705
2014-09-03,112.000000,115.449997,104.500000,104.650002,103.246483,327475
2014-09-04,104.650002,107.000000,99.500000,104.800003,103.394470,76404
2014-09-05,102.050003,104.000000,100.050003,100.949997,99.596100,52638
2014-09-08,101.000000,105.949997,101.000000,105.949997,104.529045,29576
2014-09-09,111.199997,111.199997,111.199997,111.199997,109.708626,12078
2014-09-10,116.750000,116.750000,114.000000,116.750000,115.184212,97348
2014-09-11,122.550003,122.550003,115.500000,121.400002,119.771843,75808
2014-09-12,116.099998,122.500000,115.349998,115.400002,113.852310,29765
2014-09-15,110.000000,113.500000,109.650002,109.650002,108.179428,42899
2014-09-16,114.900002,114.900002,104.199997,104.199997,102.802505,58680
2014-09-17,99.500000,109.000000,99.000000,102.250000,100.878677,76236
2014-09-18,99.500000,107.349998,99.500000,107.099998,105.663612,48174
2014-09-19,102.099998,111.300003,102.099998,104.000000,102.605202,8722
2014-09-22,103.000000,105.449997,98.800003,104.750000,103.345146,33952
2014-09-23,100.500000,108.500000,99.550003,99.550003,98.214874,125432
2014-09-24,102.949997,102.949997,94.599998,98.550003,97.228294,15511
2014-09-25,98.500000,101.449997,93.750000,94.150002,92.887299,12626
2014-09-26,90.250000,97.449997,90.250000,94.849998,93.577911,17916
2014-09-29,91.500000,99.000000,91.500000,98.349998,97.030968,33736
2014-09-30,103.250000,103.250000,103.250000,103.250000,101.865257,48127
2014-10-01,107.300003,108.400002,105.000000,108.400002,106.946190,16781
2014-10-07,111.800003,112.300003,103.000000,103.849998,102.457207,48783
2014-10-08,105.900002,107.550003,103.000000,104.599998,103.197151,29777
2014-10-09,108.900002,109.800003,103.500000,109.800003,108.327415,90921
2014-10-10,108.699997,113.900002,104.550003,111.750000,110.251251,71547
2014-10-13,111.750000,115.449997,108.000000,109.150002,107.686127,69159
2014-10-14,110.300003,113.000000,104.150002,105.099998,103.690437,65691
2014-10-15,105.099998,105.099998,105.099998,105.099998,103.690437,0
2014-10-16,104.550003,108.000000,101.500000,102.500000,101.125313,30410
2014-10-17,104.500000,107.599998,100.500000,107.599998,106.156921,38109
2014-10-20,112.949997,112.949997,112.949997,112.949997,111.435165,23634
2014-10-21,118.550003,118.550003,118.550003,118.550003,116.960068,166495
2014-10-22,124.449997,124.449997,113.599998,124.449997,122.780937,242781
2014-10-27,133.000000,133.000000,123.099998,123.300003,121.646362,95606
2014-10-28,123.599998,129.449997,123.000000,129.449997,127.713860,57855
2014-10-29,133.000000,135.899994,126.050003,135.899994,134.077362,301888
2014-10-30,138.000000,142.649994,137.550003,140.399994,138.517014,294507
2014-10-31,142.199997,145.699997,133.399994,133.399994,131.610901,327337
2014-11-03,131.000000,140.050003,127.349998,140.050003,138.171707,180843
2014-11-05,145.699997,147.050003,144.600006,147.050003,145.077850,83569
2014-11-07,152.500000,154.399994,144.149994,151.399994,149.369492,267645
2014-11-10,150.949997,158.949997,147.000000,158.949997,156.818222,117565
2014-11-11,159.500000,165.500000,156.000000,159.699997,157.558182,88075
2014-11-12,164.000000,164.000000,154.050003,155.050003,152.970535,63755
2014-11-13,153.300003,156.949997,147.500000,148.649994,146.656372,59383
2014-11-14,149.000000,156.050003,145.000000,156.050003,153.957138,75085
2014-11-17,163.850006,163.850006,160.250000,163.850006,161.652512,170292
2014-11-18,168.000000,172.000000,158.000000,170.199997,167.917343,336563
2014-11-19,170.899994,173.000000,161.699997,161.699997,159.531342,92857
2014-11-20,161.699997,163.949997,154.899994,158.550003,156.423584,38210
2014-11-21,159.699997,159.750000,154.449997,156.100006,154.006454,32956
2014-11-24,154.850006,158.800003,149.000000,149.399994,147.396301,66208
2014-11-25,149.399994,149.949997,141.949997,145.649994,143.696594,65562
2014-11-26,145.649994,152.899994,144.949997,152.899994,150.849365,32640
2014-11-27,154.000000,160.500000,154.000000,158.000000,155.880981,155114
2014-11-28,159.000000,160.899994,150.550003,151.949997,149.912109,113764
2014-12-01,152.000000,152.899994,144.399994,145.300003,143.351303,46218
2014-12-02,144.800003,145.399994,139.500000,143.050003,141.131470,88854
2014-12-03,144.000000,150.199997,144.000000,149.949997,147.938934,107330
2014-12-04,147.949997,149.399994,142.500000,142.949997,141.032822,82524
2014-12-05,144.899994,148.500000,142.199997,144.899994,142.956665,34468
2014-12-08,142.000000,147.500000,131.649994,137.350006,135.507919,66373
2014-12-09,136.000000,144.500000,134.000000,135.600006,133.781387,42733
2014-12-10,131.199997,144.750000,131.199997,140.149994,138.270386,37925
2014-12-11,141.000000,143.399994,134.500000,141.800003,139.898254,21266
2014-12-12,143.000000,154.000000,135.000000,137.600006,135.754578,81292
2014-12-15,136.000000,142.000000,127.599998,129.850006,128.108505,81414
2014-12-16,129.000000,133.800003,117.550003,124.750000,123.076904,95748
2014-12-17,126.000000,129.899994,117.000000,128.800003,127.072586,45395
2014-12-18,132.050003,141.649994,132.050003,141.250000,139.355621,78410
2014-12-19,144.399994,148.850006,135.000000,136.300003,134.472015,52087
2014-12-22,138.500000,140.899994,133.000000,135.000000,133.189453,15569
2014-12-23,129.000000,138.500000,129.000000,133.649994,131.857529,16002
2014-12-24,132.300003,137.000000,132.149994,134.000000,132.202835,22107
2014-12-26,134.649994,144.300003,133.000000,139.149994,137.283768,10772
2014-12-29,143.500000,149.000000,140.000000,144.350006,142.414047,51855
2014-12-30,143.050003,147.500000,143.000000,146.199997,144.239212,35160
2014-12-31,145.000000,147.449997,144.100006,145.050003,143.104660,22895
2015-01-01,145.000000,146.199997,142.100006,143.399994,141.476776,13745
2015-01-02,144.100006,153.800003,142.949997,148.949997,146.952362,45814
2015-01-05,147.000000,159.699997,147.000000,149.800003,147.790955,112557
2015-01-06,149.899994,149.949997,143.199997,144.300003,142.364716,40639
2015-01-07,144.050003,147.750000,143.000000,144.850006,142.907349,17664
2015-01-08,150.000000,154.000000,144.600006,151.500000,149.468155,39753
2015-01-09,163.850006,163.850006,148.500000,150.149994,148.136246,56949
2015-01-12,150.050003,154.899994,150.000000,152.649994,150.602722,47861
2015-01-13,150.250000,155.399994,147.949997,149.449997,147.445633,94209
2015-01-14,151.800003,153.899994,147.699997,149.500000,147.494980,33827
2015-01-15,149.000000,153.899994,148.100006,150.300003,148.284241,30255
2015-01-16,149.500000,153.350006,147.399994,150.449997,148.432236,16800
2015-01-19,151.850006,170.000000,150.050003,161.399994,159.235367,563610
2015-01-20,169.899994,169.899994,153.000000,154.899994,152.822556,277595
2015-01-21,157.899994,157.899994,150.399994,152.649994,150.602722,102316
2015-01-22,155.699997,157.399994,153.300003,156.300003,154.203766,92438
2015-01-23,157.899994,157.899994,151.199997,152.899994,150.849365,168621
2015-01-27,156.000000,156.000000,145.550003,150.250000,148.234940,35849
2015-01-28,148.949997,150.000000,142.350006,144.850006,142.907349,102467
2015-01-29,147.149994,148.949997,143.600006,145.850006,143.893921,42685
2015-01-30,142.949997,152.850006,140.000000,145.600006,143.647278,40248
2015-02-02,149.800003,149.949997,144.000000,145.500000,143.548630,49833
2015-02-03,144.550003,149.649994,144.100006,145.300003,143.351303,35509
2015-02-04,147.949997,148.399994,141.500000,142.750000,140.835495,32583
2015-02-05,142.199997,145.000000,115.050003,134.649994,132.844116,61032
2015-02-06,137.000000,138.000000,128.399994,130.250000,128.503159,85979
2015-02-09,130.250000,134.000000,127.000000,128.550003,126.825943,152563
2015-02-10,126.050003,130.000000,117.150002,120.550003,118.933243,143476
2015-02-11,121.000000,124.000000,118.599998,120.500000,118.883911,63743
2015-02-12,119.699997,125.000000,100.000000,121.150002,119.525200,103592
2015-02-13,124.349998,131.500000,118.500000,126.550003,124.852776,73925
2015-02-16,127.500000,129.000000,119.400002,121.400002,119.771843,53300
2015-02-18,122.000000,125.500000,120.349998,123.449997,121.794334,64749
2015-02-19,122.000000,123.949997,112.400002,113.400002,111.879135,194331
2015-02-20,113.400002,115.900002,109.800003,110.300003,108.820709,140105
2015-02-23,112.449997,121.900002,111.150002,112.650002,111.139198,112012
2015-02-24,113.800003,115.150002,110.199997,111.849998,110.349915,50598
2015-02-25,115.900002,116.949997,112.000000,115.599998,114.049622,51346
2015-02-26,115.599998,117.800003,112.550003,113.849998,112.323097,19700
2015-02-27,117.000000,118.699997,113.050003,115.599998,114.049622,52759
2015-02-28,null,null,null,null,null,null
2015-03-02,117.800003,123.500000,111.349998,119.550003,117.946655,179682
2015-03-03,119.550003,137.350006,119.550003,129.699997,127.960503,318379
2015-03-04,130.899994,133.000000,121.000000,122.300003,120.659767,54146
2015-03-05,123.949997,128.000000,118.349998,120.300003,118.686592,70546
2015-03-09,120.000000,120.000000,114.699997,116.750000,115.184212,74684
2015-03-10,116.199997,121.900002,116.000000,118.000000,116.417435,41271
2015-03-11,118.000000,124.949997,115.300003,119.800003,118.193298,115065
2015-03-12,118.150002,122.000000,118.150002,120.550003,118.933243,23015
2015-03-13,118.000000,125.500000,117.099998,118.500000,116.910728,81223
2015-03-16,118.150002,120.949997,115.000000,115.750000,114.197617,38425
2015-03-17,118.900002,119.849998,114.550003,116.300003,114.740242,44972
2015-03-18,116.949997,118.699997,116.500000,117.800003,116.220131,38586
2015-03-19,117.400002,120.000000,115.099998,115.699997,114.148277,23418
2015-03-20,115.000000,119.800003,114.000000,115.449997,113.901627,96878
2015-03-23,115.400002,117.750000,114.300003,114.900002,113.359016,69169
2015-03-24,113.000000,117.000000,113.000000,115.900002,114.345596,47739
2015-03-25,119.000000,119.000000,114.349998,115.849998,114.296272,234813
2015-03-26,116.000000,119.000000,114.000000,117.500000,115.924141,156735
2015-03-27,118.800003,119.599998,112.000000,114.650002,113.112358,76110
2015-03-30,114.500000,124.050003,114.500000,120.750000,119.130554,27526
2015-03-31,123.199997,126.000000,119.099998,120.699997,119.081223,43039
2015-04-01,116.250000,124.400002,116.250000,123.050003,121.399712,31440
2015-04-06,121.000000,125.949997,121.000000,122.900002,121.251724,11147
2015-04-07,123.300003,126.699997,121.099998,125.699997,124.014160,29929
2015-04-08,126.500000,134.149994,126.500000,131.899994,130.131012,98578
2015-04-09,132.300003,146.500000,131.000000,142.350006,140.440872,193243
2015-04-10,142.800003,143.800003,132.399994,140.800003,138.911667,96717
2015-04-13,142.300003,162.000000,142.300003,157.550003,155.436996,389402
2015-04-15,159.000000,161.000000,153.000000,154.350006,152.279953,183738
2015-04-16,150.649994,158.500000,150.649994,153.850006,151.786636,76003
2015-04-17,154.350006,154.500000,150.000000,150.899994,148.876205,35549
2015-04-20,151.300003,154.500000,142.000000,143.750000,141.822098,66703
2015-04-21,140.949997,149.699997,140.000000,141.100006,139.207642,44342
2015-04-22,144.250000,144.800003,137.649994,140.199997,138.319687,35891
2015-04-23,142.850006,145.149994,139.000000,139.600006,137.727753,25446
2015-04-24,138.500000,141.550003,128.000000,132.500000,130.722961,66778
2015-04-27,136.800003,136.800003,127.699997,130.300003,128.552475,51391
2015-04-28,130.000000,136.250000,126.400002,131.300003,129.539078,22416
2015-04-29,130.100006,133.600006,126.900002,130.250000,128.503159,25592
2015-04-30,132.000000,139.000000,128.250000,136.550003,134.718658,50097
2015-05-04,138.949997,140.199997,133.199997,135.350006,133.534760,86020
2015-05-05,135.000000,139.000000,133.250000,134.449997,132.646820,28313
2015-05-06,132.800003,135.850006,128.399994,131.600006,129.835037,44514
2015-05-07,129.000000,143.949997,125.099998,126.000000,124.310150,52557
2015-05-08,131.000000,132.500000,126.550003,128.250000,126.529968,42206
2015-05-11,131.100006,133.649994,128.000000,131.850006,130.081680,28476
2015-05-12,131.699997,131.699997,125.550003,126.550003,124.852776,5738
2015-05-13,127.000000,131.500000,126.500000,128.850006,127.121933,10860
2015-05-14,129.850006,130.399994,125.250000,127.599998,125.888687,11764
2015-05-15,126.500000,131.699997,126.500000,128.199997,126.480629,9006
2015-05-18,128.350006,135.000000,128.350006,133.800003,132.005524,27450
2015-05-19,130.949997,134.300003,130.500000,132.750000,130.969620,12424
2015-05-20,130.000000,134.449997,130.000000,133.350006,131.561569,9038
2015-05-21,131.250000,135.000000,131.250000,133.149994,131.364243,9686
2015-05-22,133.149994,133.149994,128.100006,129.350006,127.615227,18212
2015-05-25,129.300003,131.350006,126.000000,126.500000,124.803436,13779
2015-05-26,124.000000,127.699997,120.699997,122.250000,120.610435,32996
2015-05-27,120.699997,130.649994,119.000000,126.849998,125.148750,29258
2015-05-28,127.000000,130.449997,119.250000,121.699997,120.067810,52700
2015-05-29,120.000000,125.000000,119.550003,121.099998,119.475861,51899
2015-06-01,116.500000,120.099998,108.000000,113.650002,112.125771,137006
2015-06-02,115.599998,121.400002,111.199997,114.750000,113.211029,58568
2015-06-03,114.500000,116.800003,109.500000,112.199997,110.695221,44032
2015-06-04,114.949997,115.500000,111.050003,114.300003,112.767059,16589
2015-06-05,113.000000,117.050003,111.000000,112.650002,111.139198,37527
2015-06-08,113.050003,113.050003,109.000000,109.599998,108.130096,18295
2015-06-09,109.000000,109.800003,101.699997,105.199997,103.789108,76189
2015-06-10,104.550003,113.000000,104.500000,111.550003,110.053955,40788
2015-06-11,111.449997,112.949997,105.099998,105.849998,104.430397,13066
2015-06-12,104.000000,117.000000,104.000000,110.000000,108.524727,37693
2015-06-15,107.949997,110.300003,100.000000,101.699997,100.336037,51015
2015-06-16,102.050003,104.750000,97.099998,100.400002,99.053482,34197
2015-06-17,100.000000,103.550003,99.699997,101.500000,100.138725,57590
2015-06-18,103.000000,107.000000,101.550003,105.500000,104.085083,23586
2015-06-19,106.699997,109.800003,101.000000,102.300003,100.928001,44347
2015-06-22,103.900002,105.000000,99.150002,101.550003,100.188065,73723
2015-06-23,102.900002,104.750000,101.650002,102.800003,101.421295,16070
2015-06-24,106.949997,107.000000,101.250000,103.199997,101.815926,28203
2015-06-25,103.449997,103.650002,99.550003,101.349998,99.990746,26014
2015-06-26,102.650002,102.750000,100.300003,101.199997,99.842751,18746
2015-06-29,99.050003,100.000000,96.349998,99.500000,98.165558,14730
2015-06-30,98.150002,103.650002,98.150002,101.400002,100.040062,10922
2015-07-01,102.949997,103.750000,101.000000,102.599998,101.223969,13145
2015-07-02,102.000000,110.800003,101.449997,105.750000,104.331726,63076
2015-07-03,107.750000,110.949997,105.500000,106.849998,105.416969,28545
2015-07-06,105.949997,109.800003,104.050003,109.050003,107.587471,16898
2015-07-07,109.349998,113.750000,107.500000,109.199997,107.735458,45399
2015-07-08,108.050003,108.300003,104.500000,106.400002,104.973015,37622
2015-07-09,107.900002,108.400002,98.599998,100.199997,98.856163,132299
2015-07-10,100.699997,103.699997,98.099998,99.849998,98.510857,59993
2015-07-13,102.900002,102.900002,99.599998,101.949997,100.582687,39847
2015-07-14,103.849998,104.900002,99.400002,101.599998,100.237381,49077
2015-07-15,101.550003,111.000000,101.199997,109.150002,107.686127,163572
2015-07-16,110.949997,115.900002,110.000000,111.400002,109.905952,191657
2015-07-17,111.449997,115.000000,110.250000,111.199997,109.708626,40672
2015-07-20,113.000000,113.000000,107.550003,108.650002,107.192841,42633
2015-07-21,109.000000,109.199997,106.000000,106.449997,105.022331,32466
2015-07-22,105.050003,111.400002,103.800003,108.750000,107.291496,44498
2015-07-23,110.500000,119.000000,108.000000,109.550003,108.080765,33748
2015-07-24,115.750000,115.750000,108.000000,109.099998,107.636795,19135
2015-07-27,110.500000,110.500000,105.150002,107.900002,106.452896,28162
2015-07-28,106.500000,110.699997,105.599998,107.849998,106.403564,44683
2015-07-29,107.300003,109.150002,106.500000,106.849998,105.416969,20760
2015-07-30,107.699997,111.800003,107.699997,110.449997,108.968689,31496
2015-07-31,110.000000,111.900002,107.300003,107.650002,106.206245,34777
2015-08-03,111.000000,116.800003,106.800003,114.250000,112.717735,71367
2015-08-04,116.300003,118.000000,111.199997,113.800003,112.273766,57142
2015-08-05,114.099998,117.300003,108.199997,108.949997,107.488808,110540
2015-08-06,109.699997,110.650002,107.750000,108.750000,107.291496,39256
2015-08-07,108.750000,110.449997,107.000000,108.900002,107.439484,40682
2015-08-10,109.949997,120.500000,108.949997,116.400002,114.838898,310827
2015-08-11,117.500000,117.550003,111.000000,112.400002,110.892540,69282
2015-08-12,110.099998,112.949997,107.650002,108.099998,106.650215,42249
2015-08-13,111.800003,112.000000,106.099998,106.900002,105.466301,36630
2015-08-14,105.000000,106.400002,100.800003,102.199997,100.829338,63300
2015-08-17,102.199997,109.000000,99.000000,106.400002,104.973015,54577
2015-08-18,107.800003,112.500000,105.400002,109.699997,108.228745,42305
2015-08-19,111.800003,114.800003,107.699997,112.750000,111.237846,59741
2015-08-20,112.250000,115.000000,110.000000,111.750000,110.251251,71014
2015-08-21,109.000000,111.000000,106.300003,110.099998,108.623390,28572
2015-08-24,106.250000,108.000000,91.250000,94.250000,92.985962,126745
2015-08-25,96.050003,99.949997,89.550003,92.599998,91.358093,46170
2015-08-26,92.699997,98.800003,89.500000,93.449997,92.196686,41494
2015-08-27,94.250000,97.900002,94.250000,95.500000,94.219193,26843
2015-08-28,97.349998,99.599998,95.000000,96.050003,94.761833,19667
2015-08-31,95.250000,96.000000,89.500000,93.699997,92.443329,50125
2015-09-01,92.199997,95.099998,90.400002,92.849998,91.604736,20674
2015-09-02,93.250000,95.000000,90.199997,91.300003,90.075531,23637
2015-09-03,92.500000,96.050003,92.400002,95.599998,94.317863,41261
2015-09-04,95.099998,95.099998,91.349998,93.650002,92.394012,41451
2015-09-07,93.050003,94.400002,84.000000,89.150002,87.954369,64957
2015-09-08,88.000000,89.199997,85.000000,87.150002,85.981186,27797
2015-09-09,87.500000,98.400002,86.099998,96.900002,95.600418,72997
2015-09-10,95.599998,103.449997,92.199997,100.099998,98.757500,126912
2015-09-11,102.949997,104.500000,99.000000,100.349998,99.004150,28438
2015-09-14,102.750000,104.000000,100.550003,103.500000,102.111900,39238
2015-09-15,104.949997,106.500000,101.300003,105.800003,104.381058,19424
2015-09-16,106.900002,113.949997,104.000000,109.500000,108.031441,74423
2015-09-18,113.000000,119.500000,109.000000,115.449997,113.901627,75971
2015-09-21,114.199997,117.900002,111.050003,116.650002,115.085541,33378
2015-09-22,118.500000,124.500000,116.300003,117.650002,116.072136,147571
2015-09-23,118.400002,124.050003,115.099998,122.349998,120.709091,78785
2015-09-24,121.300003,124.900002,118.400002,119.400002,117.798660,44214
2015-09-28,118.650002,124.000000,118.000000,120.849998,119.229218,353050
2015-09-29,120.000000,120.800003,115.900002,119.099998,117.502686,24007
2015-09-30,122.949997,128.800003,118.599998,126.900002,125.198074,102658
2015-10-01,128.500000,131.100006,126.050003,129.449997,127.713860,102501
2015-10-05,130.000000,132.449997,128.149994,129.399994,127.664543,111151
2015-10-06,130.699997,132.899994,128.199997,128.899994,127.171257,44405
2015-10-07,130.500000,132.000000,127.199997,127.750000,126.036674,26928
2015-10-08,130.750000,130.750000,121.000000,124.900002,123.224899,32429
2015-10-09,127.750000,128.899994,124.099998,124.550003,122.879593,29668
2015-10-12,128.449997,128.449997,123.500000,125.800003,124.112839,25901
2015-10-13,125.800003,131.800003,123.150002,129.850006,128.108505,43016
2015-10-14,131.800003,147.699997,131.500000,144.449997,142.512711,382875
2015-10-15,148.000000,154.500000,148.000000,151.300003,149.270844,349337
2015-10-16,150.600006,152.399994,145.100006,145.100006,143.153992,62828
2015-10-19,142.300003,155.800003,142.300003,151.100006,149.073517,235437
2015-10-20,151.699997,181.300003,150.250000,179.050003,176.648651,1524162
2015-10-21,176.399994,176.399994,165.000000,167.000000,164.760254,393304
2015-10-23,168.000000,177.800003,162.199997,168.699997,166.437454,373364
2015-10-26,169.949997,172.050003,161.300003,162.449997,160.271301,139914
2015-10-27,159.550003,174.399994,158.949997,172.100006,169.791870,283677
2015-10-28,173.000000,179.250000,170.199997,172.300003,169.989197,254803
2015-10-29,175.000000,179.899994,171.199997,173.199997,170.877121,154611
2015-10-30,174.899994,174.899994,162.500000,163.550003,161.356537,112191
2015-11-02,163.000000,166.500000,160.250000,164.600006,162.392456,77586
2015-11-03,165.449997,174.000000,165.399994,172.300003,169.989197,207096
2015-11-04,171.100006,175.899994,168.500000,169.699997,167.424057,113202
2015-11-05,170.000000,171.699997,164.000000,165.500000,163.280396,90633
2015-11-06,165.149994,166.949997,161.600006,162.850006,160.665939,28874
2015-11-09,160.000000,171.899994,156.199997,170.500000,168.213318,112555
2015-11-10,172.000000,174.050003,166.000000,167.899994,165.648209,124580
2015-11-13,166.149994,169.899994,163.300003,166.100006,163.872330,60752
2015-11-16,164.000000,168.699997,164.000000,167.050003,164.809601,43510
2015-11-17,167.750000,171.699997,164.250000,166.649994,164.414963,74482
2015-11-18,166.850006,169.000000,165.449997,167.350006,165.105576,62517
2015-11-19,169.000000,186.899994,167.899994,184.699997,182.222870,444146
2015-11-20,186.800003,190.750000,184.000000,185.949997,183.456100,329596
2015-11-23,188.399994,188.399994,181.000000,182.949997,180.496368,116608
2015-11-24,182.000000,187.000000,182.000000,182.949997,180.496368,39411
2015-11-26,184.800003,197.350006,183.000000,189.050003,186.514572,285393
2015-11-27,188.949997,190.199997,162.100006,172.350006,170.038528,312832
2015-11-30,171.500000,173.850006,166.000000,172.850006,170.531830,138671
2015-12-01,169.699997,176.500000,168.000000,169.000000,166.733459,90996
2015-12-02,169.600006,171.000000,166.000000,167.699997,165.450882,188322
2015-12-03,166.000000,169.800003,162.500000,163.850006,161.652512,239681
2015-12-04,161.500000,165.899994,160.000000,162.199997,160.024643,251995
2015-12-07,165.000000,166.850006,159.000000,160.899994,158.742081,82045
2015-12-08,162.500000,174.300003,160.199997,167.350006,165.105576,258972
2015-12-09,168.000000,168.000000,160.000000,160.949997,158.791397,108909
2015-12-10,161.199997,164.449997,155.100006,159.199997,157.064865,202202
2015-12-11,163.699997,168.399994,155.199997,157.649994,155.535660,90564
2015-12-14,158.649994,164.899994,155.000000,161.699997,159.531342,47795
2015-12-15,165.000000,166.449997,161.600006,164.750000,162.540451,43563
2015-12-16,166.949997,166.949997,163.000000,164.550003,162.343124,82903
2015-12-17,168.000000,172.500000,165.250000,170.449997,168.164001,243566
2015-12-18,170.800003,174.399994,167.000000,169.100006,166.832123,106853
2015-12-21,166.100006,176.100006,166.100006,170.800003,168.509308,102486
2015-12-22,170.800003,174.500000,163.750000,168.050003,165.796188,70866
2015-12-23,169.199997,174.000000,166.800003,169.750000,167.473389,81571
2015-12-24,170.000000,179.500000,167.000000,175.149994,172.800964,136741
2015-12-28,177.000000,183.000000,173.399994,182.149994,179.707077,177334
2015-12-29,183.449997,185.899994,174.199997,177.699997,175.316772,180897
2015-12-30,181.000000,185.500000,180.000000,181.050003,178.621857,174676
2015-12-31,182.649994,182.649994,176.199997,179.300003,176.895309,78995
2016-01-01,179.000000,181.600006,177.949997,180.550003,178.128540,59763
2016-01-04,181.949997,182.300003,176.000000,177.399994,175.020782,60151
2016-01-05,178.000000,186.000000,176.500000,179.800003,177.388611,106176
2016-01-06,180.949997,185.899994,178.949997,180.250000,177.832565,142548
2016-01-07,177.000000,179.949997,171.000000,171.350006,169.051941,66307
2016-01-08,172.500000,177.699997,171.000000,173.800003,171.469070,51489
2016-01-11,172.000000,176.800003,168.000000,175.550003,173.195587,48281
2016-01-12,177.000000,179.500000,171.000000,176.699997,174.330185,53185
2016-01-13,176.000000,180.000000,162.000000,163.300003,161.109879,161930
2016-01-14,160.800003,164.000000,156.199997,162.449997,160.271301,62633
2016-01-15,165.000000,165.000000,148.000000,150.550003,148.530899,44299
2016-01-18,150.000000,155.399994,133.000000,137.550003,135.705261,58789
2016-01-19,138.800003,149.000000,137.000000,146.199997,144.239212,34019
2016-01-20,143.800003,143.800003,133.800003,139.600006,137.727753,158678
2016-01-21,143.750000,145.899994,136.899994,143.800003,141.871414,85256
2016-01-22,145.000000,152.649994,143.550003,150.699997,148.678864,84230
2016-01-25,150.899994,158.800003,150.000000,153.649994,151.589325,81972
2016-01-27,155.000000,162.000000,155.000000,158.199997,156.078293,39744
2016-01-28,157.050003,159.800003,153.000000,154.199997,152.131927,16870
2016-01-29,156.000000,160.000000,150.000000,152.699997,150.652054,43293
2016-02-01,156.500000,157.600006,150.649994,151.300003,149.270844,27101
2016-02-02,154.399994,154.449997,141.300003,143.800003,141.871414,29410
2016-02-03,142.500000,149.800003,137.000000,141.800003,139.898254,35655
2016-02-04,143.000000,143.850006,137.000000,139.550003,137.678421,16987
2016-02-05,140.000000,142.899994,137.050003,140.399994,138.517014,15207
2016-02-08,138.000000,144.000000,136.800003,141.949997,140.046234,12966
2016-02-09,139.000000,143.899994,131.300003,133.199997,131.413589,27175
2016-02-10,132.000000,133.250000,122.500000,127.150002,125.444725,54771
2016-02-11,127.150002,128.899994,110.599998,112.550003,111.040527,41242
2016-02-12,112.000000,118.900002,106.199997,116.550003,114.986893,45998
2016-02-15,120.050003,129.949997,117.050003,124.250000,122.583611,34966
2016-02-16,122.650002,126.000000,116.000000,118.349998,116.762749,32703
2016-02-17,117.199997,119.500000,110.000000,116.949997,115.381516,34569
2016-02-18,120.949997,127.599998,120.000000,123.449997,121.794334,45393
2016-02-19,122.050003,125.949997,122.000000,124.150002,122.484955,12674
2016-02-22,123.000000,128.500000,120.099998,126.250000,124.556793,22403
2016-02-23,127.599998,133.250000,125.000000,130.449997,128.700455,50732
2016-02-24,130.000000,134.800003,128.949997,132.850006,131.068283,45778
2016-02-25,129.600006,137.699997,129.500000,133.300003,131.512222,22491
2016-02-26,134.050003,135.449997,131.199997,134.250000,132.449509,11770
2016-02-29,135.399994,135.399994,122.900002,129.949997,128.207169,23475
2016-03-01,134.000000,135.449997,126.699997,133.550003,131.758896,7787
2016-03-02,137.000000,140.000000,134.000000,136.250000,134.422668,35925
2016-03-03,136.649994,140.949997,136.600006,138.100006,136.247864,21196
2016-03-04,138.399994,140.699997,135.000000,138.899994,137.037140,24535
2016-03-08,135.350006,145.899994,135.350006,139.500000,137.629105,33242
2016-03-09,139.000000,142.699997,135.350006,140.199997,138.319687,97336
2016-03-10,140.399994,147.500000,139.000000,143.600006,141.674118,80657
2016-03-11,146.050003,148.500000,143.800003,147.500000,145.521790,93934
2016-03-14,147.800003,152.550003,140.250000,142.550003,140.638199,135227
2016-03-15,142.899994,149.000000,140.800003,145.449997,143.499298,149330
2016-03-16,148.949997,148.949997,141.300003,143.600006,141.674118,38012
2016-03-17,145.000000,146.750000,142.949997,143.850006,141.920761,19256
2016-03-18,145.000000,145.000000,140.600006,142.449997,140.539520,46857
2016-03-21,141.399994,146.899994,141.399994,144.750000,142.808670,7645
2016-03-22,145.000000,148.000000,141.250000,143.000000,141.082138,8151
2016-03-23,144.000000,144.899994,142.000000,142.899994,140.983490,4653
2016-03-28,144.300003,144.300003,139.199997,141.149994,139.256958,187298
2016-03-29,140.350006,142.199997,139.000000,141.649994,139.750259,51488
2016-03-30,142.550003,154.000000,142.500000,149.350006,147.347000,66954
2016-03-31,150.899994,152.750000,147.800003,149.500000,147.494980,37816
2016-04-01,149.300003,157.000000,149.050003,151.899994,149.862762,25892
2016-04-04,151.600006,152.699997,149.000000,150.649994,148.629547,17889
2016-04-05,151.000000,151.000000,148.000000,149.750000,147.741623,12938
2016-04-06,150.000000,153.000000,149.100006,151.550003,149.517487,186160
2016-04-07,151.000000,154.699997,143.399994,146.449997,144.485886,28749
2016-04-08,146.000000,149.699997,144.500000,146.899994,144.929825,14675
2016-04-11,147.199997,149.750000,146.000000,146.149994,144.189911,13463
2016-04-12,150.000000,152.500000,147.500000,149.050003,147.050995,25045
2016-04-13,151.399994,153.000000,148.199997,149.500000,147.494980,8221
2016-04-18,147.000000,155.000000,147.000000,153.850006,151.786636,29128
2016-04-20,157.000000,166.500000,155.399994,165.050003,162.836426,157721
2016-04-21,167.000000,167.600006,161.050003,163.399994,161.208557,31964
2016-04-22,162.750000,162.750000,156.600006,157.449997,155.338364,33097
2016-04-25,158.550003,159.000000,154.399994,156.199997,154.105118,26976
2016-04-26,155.199997,156.800003,152.550003,156.000000,153.907791,32894
2016-04-27,155.100006,159.350006,155.100006,157.300003,155.190369,13594
2016-04-28,155.100006,158.800003,152.149994,157.300003,155.190369,33600
2016-04-29,157.300003,163.449997,154.449997,161.199997,159.038071,22454
2016-05-02,165.199997,166.500000,158.199997,164.550003,162.343124,80406
2016-05-03,166.449997,166.800003,161.000000,164.399994,162.195129,29115
2016-05-04,162.000000,165.000000,161.250000,162.500000,160.320633,17501
2016-05-05,161.699997,163.800003,159.699997,161.699997,159.531342,13942
2016-05-06,160.000000,163.250000,160.000000,162.850006,160.665939,6429
2016-05-09,165.899994,165.899994,156.100006,158.800003,156.670227,13840
2016-05-10,157.100006,160.149994,156.100006,157.050003,154.943726,9219
2016-05-11,156.000000,157.850006,153.000000,156.300003,154.203766,2436
2016-05-12,153.350006,187.550003,153.350006,180.350006,177.931213,829205
2016-05-13,180.350006,184.899994,172.250000,173.649994,171.321075,104774
2016-05-16,173.399994,176.300003,171.100006,173.699997,171.370407,20793
2016-05-17,176.000000,182.000000,171.699997,173.149994,170.827774,56874
2016-05-18,174.250000,176.000000,168.600006,172.649994,170.334488,14145
2016-05-19,174.000000,174.649994,168.350006,169.500000,167.226761,20736
2016-05-20,168.000000,173.800003,166.000000,170.500000,168.213318,15284
2016-05-23,174.000000,174.000000,165.199997,166.199997,163.970993,12722
2016-05-24,166.000000,166.000000,158.449997,160.100006,157.952805,28778
2016-05-25,160.350006,167.250000,158.550003,160.500000,158.347443,24183
2016-05-26,164.000000,165.000000,160.000000,160.699997,158.544754,5311
2016-05-27,160.000000,168.000000,159.199997,160.100006,157.952805,17857
2016-05-30,162.800003,162.800003,157.250000,157.649994,155.535660,2725
2016-05-31,157.449997,167.000000,157.449997,162.899994,160.715240,23176
2016-06-01,166.000000,176.300003,163.750000,169.800003,167.522736,63937
2016-06-02,171.300003,176.000000,168.500000,173.000000,170.679794,22149
2016-06-03,176.949997,176.949997,166.250000,168.199997,165.944199,16924
2016-06-06,167.000000,173.000000,165.100006,166.050003,163.823013,8276
2016-06-07,168.899994,176.250000,166.699997,173.050003,170.729141,26984
2016-06-08,192.000000,199.750000,185.000000,186.750000,184.245392,1274439
2016-06-09,187.050003,188.699997,181.100006,183.750000,181.285629,118694
2016-06-10,184.000000,184.000000,177.000000,178.100006,175.711411,89289
2016-06-13,176.100006,178.000000,171.399994,175.949997,173.590240,27839
2016-06-14,173.600006,185.750000,173.600006,182.550003,180.101715,74168
2016-06-15,182.750000,183.699997,178.199997,180.050003,177.635254,30320
2016-06-16,182.000000,182.000000,172.899994,177.350006,174.971481,41071
2016-06-17,180.100006,200.000000,180.100006,189.399994,186.859848,464196
2016-06-20,189.899994,195.600006,188.199997,194.550003,191.940781,191887
2016-06-21,195.000000,195.800003,189.000000,189.899994,187.353149,55220
2016-06-22,190.949997,195.000000,187.000000,187.699997,185.182648,60878
2016-06-23,188.850006,192.399994,184.500000,185.800003,183.308151,39628
2016-06-24,183.000000,183.850006,174.000000,181.699997,179.263138,73668
2016-06-27,186.449997,192.000000,183.000000,189.500000,186.958511,62655
2016-06-28,190.899994,197.000000,188.050003,192.949997,190.362244,93207
2016-06-29,194.300003,195.449997,190.000000,190.800003,188.241074,32431
2016-06-30,192.350006,195.000000,191.149994,192.550003,189.967590,48194
2016-07-01,193.850006,194.100006,189.199997,190.399994,187.846436,34810
2016-07-04,190.000000,194.899994,190.000000,193.199997,190.608871,44175
2016-07-05,192.899994,194.800003,191.500000,194.000000,191.398163,58335
2016-07-07,194.300003,219.899994,193.500000,207.300003,204.519775,664009
2016-07-08,207.300003,212.500000,204.949997,208.550003,205.753021,119106
2016-07-11,210.350006,218.949997,208.300003,212.699997,209.847366,114315
2016-07-12,211.300003,221.000000,208.949997,216.000000,213.103119,181348
2016-07-13,217.550003,217.550003,207.649994,208.350006,205.555710,56442
2016-07-14,209.699997,219.000000,206.050003,216.649994,213.744385,87495
2016-07-15,216.899994,217.750000,212.000000,213.449997,210.587296,43452
2016-07-18,213.300003,216.899994,206.500000,208.399994,205.605011,35459
2016-07-19,208.899994,212.449997,204.500000,210.600006,207.775528,31055
2016-07-20,211.949997,215.000000,209.500000,211.500000,208.663452,30250
2016-07-21,211.949997,214.899994,209.000000,209.649994,206.838257,30921
2016-07-22,209.949997,214.000000,208.699997,212.750000,209.896683,35627
2016-07-25,213.350006,218.899994,212.000000,215.800003,212.905792,53670
2016-07-26,214.949997,215.949997,208.800003,213.050003,210.192657,49440
2016-07-27,212.050003,225.300003,212.000000,217.399994,214.484314,127875
2016-07-28,219.250000,223.850006,218.000000,220.750000,217.789398,56096
2016-07-29,220.649994,222.800003,217.000000,219.149994,216.210846,40348
2016-08-01,220.350006,229.550003,218.649994,225.399994,222.377029,176466
2016-08-02,225.500000,236.350006,224.250000,230.649994,227.556625,166388
2016-08-03,232.850006,234.000000,220.000000,223.500000,220.502502,85103
2016-08-04,225.899994,234.899994,222.000000,224.899994,221.883743,63337
2016-08-05,226.750000,229.699997,223.000000,227.399994,224.350220,53751
2016-08-08,229.600006,231.750000,226.100006,229.300003,226.224716,57069
2016-08-09,230.800003,231.000000,213.300003,219.899994,216.950806,176540
2016-08-10,220.250000,225.000000,218.000000,222.199997,219.219940,45480
2016-08-11,220.000000,233.899994,218.300003,222.550003,219.565247,432922
2016-08-12,224.949997,224.949997,215.100006,216.800003,213.892380,81331
2016-08-16,215.050003,220.000000,213.949997,214.350006,211.475220,41450
2016-08-17,211.250000,215.750000,205.500000,206.699997,203.927856,50008
2016-08-18,206.000000,211.649994,204.500000,207.000000,204.223801,33010
2016-08-19,208.949997,214.000000,205.750000,211.899994,209.058090,52869
2016-08-22,209.699997,214.850006,207.050003,213.000000,210.143356,24487
2016-08-23,211.100006,219.399994,211.050003,217.100006,214.188370,100063
2016-08-24,216.899994,219.250000,213.500000,216.949997,214.040375,24483
2016-08-25,216.000000,227.000000,215.100006,220.449997,217.493408,69382
2016-08-26,224.800003,228.000000,220.000000,225.050003,222.031738,55326
2016-08-29,225.949997,233.050003,222.899994,224.350006,221.341125,90375
2016-08-30,224.600006,228.050003,224.350006,225.500000,222.475693,170036
2016-08-31,229.649994,239.000000,225.300003,230.250000,227.161987,114204
2016-09-01,231.300003,234.800003,230.000000,231.550003,228.444565,77374
2016-09-02,231.899994,234.550003,228.949997,229.449997,226.372696,45371
2016-09-06,231.800003,234.000000,220.199997,231.149994,228.049911,99954
2016-09-07,232.949997,252.449997,229.500000,245.350006,242.059494,337171
2016-09-08,246.600006,250.750000,241.000000,246.699997,243.391373,206776
2016-09-09,245.000000,254.800003,243.000000,249.850006,246.499146,90742
2016-09-12,245.000000,251.449997,240.000000,245.949997,242.651428,110004
2016-09-14,243.649994,264.799988,243.649994,260.149994,256.661011,253610
2016-09-15,259.750000,262.799988,256.149994,259.350006,255.871704,150518
2016-09-16,260.350006,266.649994,258.100006,260.200012,256.710297,148794
2016-09-19,264.899994,273.899994,263.549988,268.549988,264.948334,327774
2016-09-20,269.799988,273.899994,267.000000,270.250000,266.625549,107653
2016-09-21,271.799988,279.700012,270.850006,274.899994,271.213165,107662
2016-09-22,278.200012,286.799988,276.500000,284.049988,280.240448,183909
2016-09-23,286.649994,294.799988,282.000000,284.600006,280.783112,241886
2016-09-26,280.000000,291.049988,276.000000,282.149994,278.365936,172531
2016-09-27,279.000000,287.799988,275.000000,277.750000,274.024933,130550
2016-09-28,280.000000,305.000000,277.000000,295.200012,291.240906,471944
2016-09-29,296.549988,304.000000,260.250000,270.500000,266.872162,297814
2016-09-30,269.500000,282.500000,269.500000,277.649994,273.926270,158260
2016-10-03,280.399994,295.799988,280.399994,291.450012,287.541229,202066
2016-10-04,294.799988,297.200012,289.350006,291.200012,287.294556,123622
2016-10-05,292.000000,294.899994,279.100006,283.049988,279.253815,131641
2016-10-06,284.000000,291.000000,280.450012,281.899994,278.611420,135170
2016-10-07,282.049988,284.899994,273.000000,275.450012,272.236725,134960
2016-10-10,277.700012,285.000000,275.000000,282.049988,278.759644,120938
2016-10-13,283.250000,288.700012,275.500000,279.399994,276.140594,435600
2016-10-14,283.000000,284.799988,264.799988,266.750000,263.638184,632731
2016-10-17,269.500000,276.799988,266.500000,267.850006,264.725372,134078
2016-10-18,269.950012,279.000000,269.000000,277.200012,273.966248,173719
2016-10-19,279.500000,284.149994,274.000000,275.600006,272.384949,146584
2016-10-20,276.250000,288.399994,275.500000,279.100006,275.844086,344423
2016-10-21,280.899994,280.899994,276.899994,278.049988,274.806335,80696
2016-10-24,279.899994,280.649994,273.899994,275.450012,272.236725,75172
2016-10-25,277.200012,279.000000,273.049988,275.799988,272.582581,135111
2016-10-26,272.450012,287.000000,269.100006,274.100006,270.902405,386587
2016-10-27,276.299988,279.399994,272.100006,273.549988,270.358856,68209
2016-10-28,279.950012,279.950012,270.149994,272.049988,268.876343,92911
2016-11-01,278.649994,278.700012,271.500000,272.700012,269.518738,55518
2016-11-02,269.950012,271.299988,264.100006,265.549988,262.452179,77063
2016-11-03,267.000000,270.750000,263.600006,264.850006,261.760376,61166
2016-11-04,269.899994,270.000000,258.600006,259.850006,256.818695,68985
2016-11-07,265.850006,267.700012,261.250000,264.549988,261.463837,40840
2016-11-08,270.000000,270.000000,260.000000,260.799988,257.757568,64886
2016-11-09,225.000000,252.399994,210.949997,248.000000,245.106903,131797
2016-11-10,262.000000,262.000000,252.399994,257.750000,254.743149,60940
2016-11-11,250.000000,250.000000,230.250000,231.300003,228.601730,147484
2016-11-15,234.949997,234.949997,188.050003,204.250000,201.867264,225043
2016-11-16,213.699997,215.000000,201.000000,208.800003,206.364212,77417
2016-11-17,210.750000,212.600006,196.399994,200.000000,197.666855,70102
2016-11-18,200.250000,204.800003,192.800003,195.500000,193.219360,105849
2016-11-21,193.000000,199.899994,176.949997,178.750000,176.664749,102144
2016-11-22,180.199997,183.750000,176.000000,178.600006,176.516495,89604
2016-11-23,177.500000,188.000000,176.000000,186.500000,184.324341,119565
2016-11-24,187.899994,188.699997,180.899994,185.699997,183.533691,51821
2016-11-25,184.600006,199.000000,184.600006,196.149994,193.861755,149150
2016-11-28,196.000000,204.500000,192.000000,197.649994,195.344254,129587
2016-11-29,197.800003,209.500000,197.800003,205.350006,202.954453,80872
2016-11-30,210.949997,224.000000,203.100006,222.149994,219.558456,180008
2016-12-01,221.699997,230.750000,221.649994,224.199997,221.584549,257612
2016-12-02,220.550003,222.550003,211.649994,213.699997,211.207047,64270
2016-12-05,215.600006,215.699997,205.149994,211.050003,208.587967,69408
2016-12-06,213.100006,230.000000,211.149994,215.250000,212.738953,35622
2016-12-07,216.949997,217.350006,211.199997,213.350006,210.861130,35569
2016-12-08,217.699997,219.399994,212.199997,212.850006,210.366959,51568
2016-12-09,215.000000,218.050003,209.300003,212.350006,209.872787,34510
2016-12-12,215.949997,215.949997,210.100006,211.449997,208.983276,26511
2016-12-13,209.649994,216.350006,209.649994,213.000000,210.515213,34953
2016-12-14,212.050003,214.750000,205.000000,210.850006,208.390289,48315
2016-12-15,218.000000,218.000000,208.000000,212.350006,209.872787,101492
2016-12-16,212.399994,220.399994,210.699997,217.500000,214.962723,162168
2016-12-19,218.000000,227.949997,213.250000,222.949997,220.349136,185087
2016-12-20,225.699997,228.800003,222.949997,225.250000,222.622299,66582
2016-12-21,227.449997,227.449997,223.000000,224.149994,221.535126,28323
2016-12-22,224.500000,225.100006,219.949997,221.050003,218.471298,60490
2016-12-23,222.949997,224.750000,210.149994,214.399994,211.898880,30780
2016-12-26,211.149994,218.949997,205.399994,206.649994,204.239258,30852
2016-12-27,207.699997,213.250000,207.699997,212.449997,209.971619,53773
2016-12-28,215.000000,218.000000,210.649994,211.949997,209.477448,43872
2016-12-29,214.899994,214.899994,210.850006,212.199997,209.724533,15511
2016-12-30,213.000000,217.850006,212.350006,216.100006,213.579041,32024
2017-01-02,218.949997,222.000000,216.649994,218.399994,215.852203,86605
2017-01-03,224.000000,230.649994,217.100006,229.199997,226.526215,99903
2017-01-04,231.199997,242.000000,230.500000,237.050003,234.284653,85603
2017-01-05,237.949997,243.399994,237.100006,242.300003,239.473419,52884
2017-01-06,243.949997,244.350006,235.050003,235.850006,233.098648,44219
2017-01-09,236.649994,238.800003,226.399994,232.800003,230.084229,22022
2017-01-10,232.050003,237.750000,231.149994,235.850006,233.098648,23213
2017-01-11,237.600006,246.149994,235.149994,242.199997,239.374557,148962
2017-01-12,240.899994,255.000000,240.600006,252.199997,249.257889,387527
2017-01-13,251.149994,255.000000,248.000000,249.350006,246.441147,100766
2017-01-16,251.600006,261.549988,248.100006,258.549988,255.533813,222294
2017-01-17,258.250000,260.850006,254.050003,255.149994,252.173477,54280
2017-01-18,256.899994,261.649994,255.500000,256.500000,253.507736,69500
2017-01-19,257.000000,262.500000,256.200012,257.750000,254.743149,206338
2017-01-20,257.049988,260.000000,251.000000,252.800003,249.850906,49092
2017-01-23,255.100006,258.799988,250.600006,255.199997,252.222916,51500
2017-01-24,257.600006,280.799988,256.000000,274.450012,271.248322,784055
2017-01-25,277.100006,283.000000,270.500000,273.450012,270.260040,776035
2017-01-27,270.549988,275.700012,268.500000,269.500000,266.356110,78688
2017-01-30,266.100006,277.600006,265.049988,275.149994,271.940186,192610
2017-01-31,273.700012,278.500000,268.649994,274.149994,270.951843,278560
2017-02-01,274.200012,278.500000,268.649994,272.600006,269.419922,237578
2017-02-02,274.350006,279.200012,270.799988,272.700012,269.518738,104832
2017-02-03,272.899994,277.000000,270.100006,270.899994,267.739716,47815
2017-02-06,271.000000,276.000000,270.149994,271.049988,267.888000,75396
2017-02-07,273.600006,277.000000,271.149994,273.450012,270.260040,97926
2017-02-08,274.950012,274.950012,270.500000,271.299988,268.135101,31285
2017-02-09,273.250000,273.600006,266.750000,268.950012,265.812500,44226
2017-02-10,271.000000,281.950012,269.000000,276.250000,273.027344,228214
2017-02-13,276.250000,281.350006,273.200012,274.700012,271.495453,303123
2017-02-14,275.799988,279.399994,274.100006,276.899994,273.669739,108907
2017-02-15,276.000000,276.950012,265.549988,267.399994,264.280579,67585
2017-02-16,269.600006,274.899994,265.100006,270.549988,267.393799,63738
2017-02-17,272.799988,274.399994,270.299988,271.450012,268.283325,56062
2017-02-20,273.000000,275.000000,271.000000,272.700012,269.518738,31693
2017-02-21,274.200012,284.000000,272.049988,282.399994,279.105591,304179
2017-02-22,282.399994,291.000000,278.350006,280.500000,277.227753,439929
2017-02-23,281.700012,286.899994,280.399994,282.250000,278.957367,144425
2017-02-27,284.000000,285.799988,280.000000,280.549988,277.277161,80416
2017-02-28,280.700012,287.899994,280.000000,284.149994,280.835175,92497
2017-03-01,286.250000,286.399994,280.100006,281.250000,277.968994,69047
2017-03-02,283.799988,284.899994,277.649994,278.899994,275.646454,71699
2017-03-03,279.750000,282.399994,278.100006,279.600006,276.338287,69772
2017-03-06,280.250000,283.500000,277.250000,279.600006,276.338287,153696
2017-03-07,284.000000,289.450012,282.149994,286.750000,283.404877,305695
2017-03-08,287.399994,288.799988,280.500000,281.200012,277.919647,73415
2017-03-09,281.000000,283.500000,276.649994,279.700012,276.437103,74821
2017-03-10,284.950012,286.399994,281.000000,285.600006,282.268250,209941
2017-03-14,290.000000,310.000000,288.149994,301.350006,297.834534,757644
2017-03-15,302.049988,307.399994,300.000000,304.250000,300.700684,169729
2017-03-16,306.950012,328.850006,305.700012,324.350006,320.566223,452770
2017-03-17,325.950012,331.000000,319.049988,325.850006,322.048737,275600
2017-03-20,327.899994,346.399994,323.100006,343.950012,339.937592,371143
2017-03-21,345.500000,350.700012,328.899994,335.549988,331.635559,325666
2017-03-22,326.000000,332.950012,326.000000,330.299988,326.446838,113586
2017-03-23,332.000000,353.299988,330.350006,348.950012,344.879272,242691
2017-03-24,349.000000,367.000000,349.000000,356.700012,352.538849,460180
2017-03-27,358.250000,360.700012,350.000000,351.399994,347.300629,282808
2017-03-28,354.750000,358.000000,350.549988,356.250000,352.094086,106200
2017-03-29,357.399994,373.149994,357.399994,362.049988,357.826447,197014
2017-03-30,363.000000,372.200012,360.000000,364.750000,360.494904,164435
2017-03-31,365.149994,377.000000,362.299988,368.149994,363.855286,121019
2017-04-03,371.000000,374.000000,366.000000,368.200012,363.904694,139429
2017-04-05,370.000000,374.000000,366.049988,369.649994,365.337769,89745
2017-04-06,368.899994,379.350006,367.500000,371.850006,367.512115,146150
2017-04-07,372.450012,383.000000,369.750000,377.750000,373.343292,829090
2017-04-10,377.750000,391.149994,377.399994,385.750000,381.249939,318603
2017-04-11,385.000000,391.950012,383.000000,385.700012,381.200562,269319
2017-04-12,385.000000,387.200012,373.850006,376.700012,372.305542,97059
2017-04-13,376.700012,380.000000,373.200012,375.350006,370.971283,167070
2017-04-17,379.950012,385.000000,369.250000,372.299988,367.956818,121221
2017-04-18,374.950012,385.000000,370.500000,376.200012,371.811371,198364
2017-04-19,375.899994,381.850006,370.000000,373.850006,369.488770,32424
2017-04-20,377.299988,381.000000,374.250000,379.149994,374.726959,77874
2017-04-21,382.000000,386.500000,377.000000,382.600006,378.136719,118454
2017-04-24,386.000000,393.799988,382.600006,390.149994,385.598602,159616
2017-04-25,393.700012,396.700012,385.000000,386.100006,381.595886,68658
2017-04-26,388.000000,392.649994,381.000000,382.950012,378.482635,50521
2017-04-27,386.700012,386.700012,376.350006,378.049988,373.639740,37716
2017-04-28,382.500000,387.799988,375.250000,382.700012,378.235535,38888
2017-05-02,382.000000,388.750000,379.450012,383.600006,379.125031,63941
2017-05-03,386.500000,390.399994,384.100006,386.899994,382.386536,54283
2017-05-04,385.049988,387.000000,378.200012,382.799988,378.334351,59134
2017-05-05,382.799988,383.899994,378.299988,380.200012,375.764679,46246
2017-05-08,379.500000,389.500000,378.000000,384.750000,380.261597,56082
2017-05-09,385.000000,388.250000,381.500000,386.750000,382.238312,69353
2017-05-10,389.399994,391.600006,382.250000,387.899994,383.374878,48551
2017-05-11,387.899994,394.899994,383.200012,386.049988,381.546417,107053
2017-05-12,389.399994,389.500000,380.500000,382.200012,377.741364,27700
2017-05-15,383.000000,389.950012,382.500000,386.000000,381.497040,40167
2017-05-16,388.899994,389.899994,382.500000,383.799988,379.322662,34321
2017-05-17,384.049988,389.649994,381.500000,386.049988,381.546417,39546
2017-05-18,383.500000,387.000000,374.149994,377.899994,373.491516,52392
2017-05-19,381.950012,382.350006,351.700012,372.200012,367.858032,169956
2017-05-22,371.000000,381.799988,360.000000,362.649994,358.419434,85807
2017-05-23,360.000000,361.899994,340.100006,345.700012,341.667175,104984
2017-05-24,352.000000,352.000000,333.250000,337.700012,333.760498,38633
2017-05-25,337.049988,350.000000,334.000000,343.850006,339.838745,49219
2017-05-26,349.700012,358.950012,342.100006,354.700012,350.562195,36730
2017-05-29,358.500000,369.000000,358.000000,364.500000,360.247833,70395
2017-05-30,367.950012,376.200012,357.049988,362.750000,358.518280,154509
2017-05-31,364.950012,377.000000,364.000000,374.450012,370.081757,99319
2017-06-01,380.000000,382.000000,371.200012,380.450012,376.011780,56031
2017-06-02,380.450012,391.000000,380.450012,384.450012,379.965118,56462
2017-06-05,386.000000,404.200012,381.250000,400.350006,395.679626,279926
2017-06-06,404.450012,407.500000,399.000000,400.549988,395.877289,83465
2017-06-07,399.000000,404.200012,390.500000,395.649994,391.034454,35215
2017-06-08,398.850006,400.000000,391.250000,393.950012,389.354340,42582
2017-06-09,396.100006,398.000000,391.049988,393.899994,389.304901,28292
2017-06-12,393.899994,394.750000,391.500000,392.899994,388.316528,21848
2017-06-13,393.049988,403.000000,390.000000,394.649994,390.046112,57777
2017-06-14,394.149994,402.000000,391.100006,398.399994,393.752380,114262
2017-06-15,401.600006,410.750000,395.299988,408.549988,403.783936,163659
2017-06-16,411.000000,417.899994,411.000000,415.149994,410.306976,137661
2017-06-19,417.750000,424.000000,407.100006,416.100006,411.245880,114365
2017-06-20,417.000000,421.399994,412.549988,417.100006,412.234222,90984
2017-06-21,416.950012,420.000000,412.200012,413.799988,408.972717,36711
2017-06-22,415.149994,416.049988,406.000000,407.600006,402.845093,41524
2017-06-23,405.100006,413.899994,402.299988,411.600006,406.798401,73927
2017-06-27,420.000000,420.000000,404.850006,418.450012,413.568481,154573
2017-06-28,417.500000,429.000000,417.500000,423.549988,418.608948,303671
2017-06-29,424.850006,425.950012,420.850006,424.200012,419.251404,47170
2017-06-30,423.000000,436.500000,421.100006,430.799988,425.774414,176841
2017-07-03,435.000000,460.000000,430.000000,454.750000,449.445007,252903
2017-07-04,460.000000,460.000000,446.000000,449.299988,444.058624,68317
2017-07-05,445.049988,450.000000,440.250000,445.649994,440.451141,52101
2017-07-06,445.000000,468.799988,445.000000,454.950012,449.642670,133070
2017-07-07,458.899994,458.899994,447.000000,449.700012,444.453949,35577
2017-07-10,450.049988,456.000000,445.000000,453.450012,448.160187,8900
2017-07-11,455.000000,465.850006,451.000000,453.200012,447.913116,47214
2017-07-12,454.950012,457.049988,442.149994,446.500000,441.291290,25724
2017-07-13,445.000000,458.850006,442.200012,447.149994,441.933716,52146
2017-07-14,445.149994,454.399994,442.799988,447.100006,441.884277,18081
2017-07-17,450.899994,451.049988,433.049988,436.750000,431.654999,27938
2017-07-18,438.799988,438.799988,419.000000,421.799988,416.879395,40371
2017-07-19,423.899994,433.350006,423.000000,428.700012,423.698883,17821
2017-07-20,425.200012,444.899994,425.200012,431.700012,426.663940,46291
2017-07-21,433.850006,436.500000,425.649994,427.700012,422.710602,32298
2017-07-24,430.049988,437.500000,422.149994,426.500000,421.524536,37424
2017-07-25,429.049988,430.950012,415.000000,417.850006,412.975464,32594
2017-07-26,417.850006,420.299988,405.000000,417.200012,412.333038,45915
2017-07-27,417.200012,423.000000,411.200012,414.899994,410.059875,16287
2017-07-28,414.750000,426.350006,410.299988,419.750000,414.853302,16375
2017-07-31,427.600006,427.600006,412.500000,416.100006,411.245880,18189
2017-08-01,418.000000,418.799988,413.600006,416.000000,411.147064,10923
2017-08-02,412.899994,415.700012,405.049988,408.100006,403.339233,24808
2017-08-03,416.200012,416.200012,405.250000,407.549988,402.795593,17217
2017-08-04,410.299988,432.799988,406.950012,423.850006,418.905487,53287
2017-08-07,424.500000,426.000000,416.600006,420.100006,415.199219,20827
2017-08-08,420.100006,423.700012,405.500000,408.850006,404.080475,57157
2017-08-09,409.000000,415.850006,405.649994,409.200012,404.426422,25379
2017-08-10,409.000000,415.350006,392.200012,400.600006,395.926727,97779
2017-08-11,405.000000,407.000000,380.000000,399.799988,395.136017,52151
2017-08-14,408.000000,409.000000,396.100006,399.200012,394.543030,20006
2017-08-16,400.000000,409.000000,400.000000,402.899994,398.199890,28399
2017-08-17,403.500000,423.000000,400.200012,411.350006,406.551300,65663
2017-08-18,411.000000,413.000000,400.000000,409.100006,404.327545,36653
2017-08-21,407.100006,412.750000,402.950012,404.600006,399.880035,33311
2017-08-22,408.750000,413.000000,400.049988,408.250000,403.487488,27044
2017-08-23,409.950012,424.850006,409.950012,416.049988,411.196472,98707
2017-08-24,419.799988,448.000000,418.000000,434.750000,429.678314,311234
2017-08-28,447.950012,453.549988,437.250000,444.450012,439.265167,112152
2017-08-29,449.000000,449.000000,429.000000,432.899994,427.849884,75890
2017-08-30,440.000000,443.000000,435.600006,439.899994,434.768219,82355
2017-08-31,442.899994,463.600006,436.000000,457.000000,451.668762,242710
2017-09-01,460.200012,472.799988,460.000000,464.049988,458.636505,192504
2017-09-04,467.100006,467.100006,442.100006,455.200012,449.889801,80325
2017-09-05,459.500000,467.000000,451.149994,460.049988,454.683197,168566
2017-09-06,462.000000,468.399994,451.549988,458.149994,453.594116,74636
2017-09-07,461.700012,462.450012,452.500000,455.100006,451.362640,32034
2017-09-08,458.000000,458.000000,449.500000,452.000000,448.288086,28329
2017-09-11,452.000000,456.600006,446.000000,447.850006,444.172150,28725
2017-09-12,447.899994,460.850006,447.850006,453.450012,449.726196,53663
2017-09-13,456.549988,461.350006,448.000000,451.200012,447.494690,71044
2017-09-14,457.000000,460.200012,450.500000,456.799988,453.048645,45839
2017-09-15,456.799988,475.000000,452.049988,467.649994,463.809570,177864
2017-09-18,475.000000,478.850006,465.000000,469.549988,465.693970,169507
2017-09-19,475.500000,502.000000,475.500000,491.850006,487.810852,562139
2017-09-20,500.000000,518.000000,496.100006,503.549988,499.414734,362410
2017-09-21,506.899994,513.450012,488.000000,496.049988,491.976318,151225
2017-09-22,494.799988,499.950012,486.049988,491.950012,487.910034,79872
2017-09-25,497.000000,497.000000,467.100006,477.649994,473.727417,81812
2017-09-26,475.000000,484.799988,470.500000,476.100006,472.190155,92112
2017-09-27,482.000000,482.000000,472.000000,473.399994,469.512329,74590
2017-09-28,480.000000,484.000000,465.000000,467.799988,463.958313,81437
2017-09-29,472.350006,477.000000,468.100006,472.399994,468.520538,212778
2017-10-03,479.000000,483.450012,460.000000,466.000000,462.173126,213716
2017-10-04,471.000000,480.000000,464.100006,466.700012,462.867371,185043
2017-10-05,470.450012,477.899994,470.000000,472.600006,468.718933,60616
2017-10-06,478.000000,494.000000,476.000000,487.049988,483.050232,97133
2017-10-09,496.850006,499.000000,490.000000,494.149994,490.091919,99585
2017-10-10,500.000000,503.000000,493.000000,495.850006,491.777985,68797
2017-10-11,500.000000,501.000000,482.549988,486.049988,482.058441,84214
2017-10-12,490.899994,495.100006,486.000000,491.350006,487.314941,29993
2017-10-13,495.000000,504.450012,481.000000,487.200012,483.199036,71928
2017-10-16,494.899994,497.899994,487.250000,490.450012,486.422363,71741
2017-10-17,493.899994,495.200012,488.100006,488.899994,484.885071,43705
2017-10-18,491.950012,508.500000,485.000000,503.500000,499.365143,330861
2017-10-19,509.000000,510.000000,498.000000,502.899994,498.770050,31645
2017-10-23,510.000000,512.250000,498.000000,499.350006,495.249268,48260
2017-10-24,501.000000,501.000000,489.299988,492.299988,488.257141,58846
2017-10-25,497.500000,499.950012,488.000000,490.750000,486.719849,35031
2017-10-26,491.000000,495.000000,483.000000,484.399994,480.421997,34267
2017-10-27,484.000000,493.000000,482.399994,484.750000,480.769135,42468
2017-10-30,489.899994,497.399994,484.100006,494.500000,490.439056,47272
2017-10-31,500.000000,504.049988,490.100006,496.649994,492.571411,62312
2017-11-01,497.149994,510.000000,495.149994,501.100006,496.984863,136207
2017-11-02,496.000000,512.000000,496.000000,502.049988,497.927032,71869
2017-11-03,498.000000,504.149994,491.049988,494.600006,490.538239,40697
2017-11-06,504.000000,505.000000,488.200012,492.649994,488.604248,51653
2017-11-07,498.000000,498.000000,481.750000,483.000000,479.033508,49263
2017-11-08,487.000000,494.000000,475.549988,485.500000,481.513000,40090
2017-11-09,487.100006,499.000000,487.100006,493.950012,489.893585,126399
2017-11-10,495.299988,502.000000,488.000000,490.549988,486.521484,71796
2017-11-13,493.700012,497.850006,481.200012,485.350006,481.364227,67762
2017-11-14,488.250000,495.000000,483.200012,491.149994,487.116577,34484
2017-11-15,490.000000,491.500000,477.100006,480.750000,476.801971,74617
2017-11-16,489.799988,489.799988,478.299988,479.549988,475.611847,27706
2017-11-17,485.899994,497.149994,483.500000,489.549988,485.529694,56930
2017-11-20,493.500000,501.000000,490.000000,493.799988,489.744812,51405
2017-11-21,495.799988,498.049988,491.049988,493.950012,489.893585,34310
2017-11-22,491.200012,499.899994,482.000000,489.200012,485.182587,172482
2017-11-23,495.000000,498.399994,487.000000,488.399994,484.389160,39289
2017-11-24,495.000000,497.350006,488.399994,492.500000,488.455475,82712
2017-11-27,505.000000,516.349976,499.000000,503.149994,499.018036,516244
2017-11-28,507.899994,514.900024,502.000000,505.649994,501.497498,119446
2017-11-29,507.399994,514.099976,503.000000,505.000000,500.852844,80869
2017-11-30,505.000000,532.000000,501.049988,508.750000,504.572052,292439
2017-12-01,513.000000,519.000000,502.100006,505.450012,501.299133,91791
2017-12-04,509.899994,509.899994,495.100006,496.299988,492.224274,80538
2017-12-05,495.600006,518.950012,488.000000,502.299988,498.175018,90561
2017-12-06,502.899994,503.500000,488.000000,490.899994,486.868622,47348
2017-12-07,490.000000,499.000000,489.049988,495.549988,491.480438,62991
2017-12-08,500.000000,517.000000,498.000000,512.349976,508.142456,118692
2017-12-11,510.649994,520.000000,506.000000,508.649994,504.472870,52025
2017-12-12,520.000000,525.000000,507.000000,512.500000,508.291229,416518
2017-12-13,518.000000,518.000000,506.600006,508.950012,504.770416,105080
2017-12-14,508.200012,513.799988,500.000000,502.350006,498.224609,75086
2017-12-15,510.000000,543.299988,508.100006,526.900024,522.572998,722106
2017-12-18,519.900024,529.000000,492.100006,517.299988,513.051819,195479
2017-12-19,521.000000,530.000000,517.049988,525.900024,521.581238,130466
2017-12-20,527.000000,544.200012,526.000000,530.150024,525.796326,571088
2017-12-21,532.900024,543.000000,526.400024,539.299988,534.871155,164965
2017-12-22,541.900024,548.000000,532.400024,539.650024,535.218323,203922
2017-12-26,544.000000,548.000000,538.000000,543.849976,539.383789,111135
2017-12-27,547.900024,548.849976,535.049988,538.750000,534.325684,130000
2017-12-28,543.750000,565.000000,541.549988,558.450012,553.863892,402944
2017-12-29,588.000000,598.000000,572.000000,576.349976,571.616882,1282295
2018-01-01,580.000000,583.000000,563.049988,570.150024,565.467834,187627
2018-01-02,578.000000,578.000000,560.000000,567.799988,563.137085,105671
2018-01-03,572.950012,579.849976,560.000000,571.950012,567.253052,92578
2018-01-04,575.000000,576.750000,561.000000,570.299988,565.616577,103405
2018-01-05,573.799988,576.450012,568.000000,571.400024,566.707581,82107
2018-01-08,614.950012,614.950012,577.250000,582.599976,577.815552,162711
2018-01-09,586.000000,599.900024,579.450012,588.150024,583.320007,347991
2018-01-10,589.099976,603.000000,587.950012,599.450012,594.527222,217378
2018-01-11,598.700012,603.000000,589.500000,593.150024,588.278931,116440
2018-01-12,596.900024,617.000000,593.049988,611.950012,606.924561,231421
2018-01-15,612.000000,618.150024,601.000000,602.200012,597.254639,159508
2018-01-16,601.500000,609.450012,581.200012,589.299988,584.460510,154915
2018-01-17,585.099976,594.900024,538.950012,587.950012,583.121704,127341
2018-01-18,592.599976,609.900024,586.000000,589.299988,584.460510,117987
2018-01-19,588.950012,589.299988,576.900024,583.049988,578.261841,66513
2018-01-22,581.799988,600.000000,581.799988,593.650024,588.774841,46382
2018-01-23,599.799988,602.000000,583.250000,591.950012,587.088745,52416
2018-01-24,592.950012,602.000000,585.549988,589.650024,584.807739,133979
2018-01-25,589.900024,591.450012,573.000000,576.150024,571.418518,71785
2018-01-29,584.650024,584.650024,550.000000,551.599976,547.070129,141379
2018-01-30,555.000000,565.200012,545.150024,550.400024,545.880005,60942
2018-01-31,548.000000,562.500000,544.000000,549.900024,545.384155,98644
2018-02-01,557.000000,565.000000,550.000000,557.799988,553.219238,63927
2018-02-02,550.049988,553.900024,530.000000,533.950012,529.565125,105367
2018-02-05,510.000000,529.049988,505.000000,523.950012,519.647217,114128
2018-02-06,499.000000,504.950012,482.200012,493.000000,488.951385,171515
2018-02-07,505.000000,515.000000,502.299988,506.750000,502.588470,46361
2018-02-08,508.000000,517.400024,504.399994,513.849976,509.630127,50986
2018-02-09,493.000000,519.500000,493.000000,513.500000,509.283020,33940
2018-02-12,516.000000,520.750000,509.000000,516.250000,512.010437,47944
2018-02-14,516.750000,534.450012,512.000000,526.849976,522.523376,68149
2018-02-15,528.099976,540.500000,528.099976,534.150024,529.763489,68426
2018-02-16,540.000000,540.000000,511.899994,516.599976,512.357544,53386
2018-02-19,522.000000,522.000000,504.250000,507.549988,503.381897,24222
2018-02-20,507.549988,519.750000,496.000000,496.649994,492.571411,57124
2018-02-21,501.149994,502.950012,496.000000,498.000000,493.910309,38521
2018-02-22,498.000000,506.350006,492.600006,495.250000,491.182922,40890
2018-02-23,496.200012,516.000000,496.200012,507.149994,502.985168,51280
2018-02-26,512.349976,513.700012,483.600006,497.399994,493.315247,81509
2018-02-27,498.100006,504.299988,495.399994,497.850006,493.761566,30156
2018-02-28,494.500000,497.700012,488.000000,490.200012,486.174377,32004
2018-03-01,492.000000,497.399994,491.100006,492.350006,488.306732,53267
2018-03-05,492.549988,492.549988,485.000000,487.100006,483.099823,23251
2018-03-06,490.000000,491.799988,482.250000,484.750000,480.769135,38314
2018-03-07,482.100006,482.149994,470.000000,473.899994,470.008240,44689
2018-03-08,476.100006,489.899994,462.299988,465.350006,461.528442,27235
2018-03-09,467.350006,479.000000,465.500000,467.149994,463.313690,25983
2018-03-12,471.000000,475.899994,458.250000,466.000000,462.173126,44641
2018-03-13,466.000000,484.000000,465.000000,470.850006,466.983276,38940
2018-03-14,470.549988,474.149994,466.600006,470.549988,466.685760,22708
2018-03-15,481.950012,483.500000,467.899994,470.899994,467.032867,119391
2018-03-16,471.000000,474.950012,461.299988,465.100006,461.280518,26820
2018-03-19,462.000000,466.799988,455.000000,457.149994,453.395782,23410
2018-03-20,460.450012,465.000000,450.000000,461.250000,457.462097,27590
2018-03-21,464.799988,479.450012,455.000000,460.350006,456.569519,38443
2018-03-22,464.950012,464.950012,451.100006,453.750000,450.023743,37283
2018-03-23,447.950012,457.100006,420.000000,443.750000,440.105835,53907
2018-03-26,444.000000,456.000000,444.000000,447.700012,444.023407,50030
2018-03-27,451.299988,456.500000,443.100006,447.250000,443.577118,37114
2018-03-28,446.000000,461.000000,446.000000,452.149994,448.436859,65991
2018-04-02,452.149994,484.850006,452.149994,478.100006,474.173737,36838
2018-04-03,483.600006,504.700012,479.000000,501.450012,497.332001,51517
2018-04-04,510.000000,515.000000,489.799988,495.649994,491.579620,53613
2018-04-05,503.500000,511.049988,493.549988,498.399994,494.307037,29532
2018-04-06,494.299988,504.500000,494.299988,499.799988,495.695526,30447
2018-04-09,509.000000,509.000000,495.350006,503.549988,499.414734,42614
2018-04-10,504.950012,508.700012,498.000000,500.149994,496.042664,37104
2018-04-11,499.899994,504.000000,495.649994,499.100006,495.001282,32587
2018-04-12,502.450012,507.500000,497.000000,498.350006,494.257477,24335
2018-04-13,498.350006,507.500000,495.100006,499.549988,495.447571,23120
2018-04-16,496.899994,504.000000,492.750000,499.899994,495.794739,53063
2018-04-17,506.899994,506.899994,495.000000,495.950012,491.877167,14654
2018-04-18,497.000000,499.899994,495.000000,498.450012,494.356628,15798
2018-04-19,499.950012,499.950012,487.450012,489.399994,485.380951,46740
2018-04-20,490.450012,490.450012,485.000000,486.649994,482.653534,13776
2018-04-23,482.000000,489.700012,477.649994,482.399994,478.438446,55151
2018-04-24,479.149994,490.000000,476.000000,488.500000,484.488312,49666
2018-04-25,488.250000,490.000000,470.000000,475.049988,471.148804,24054
2018-04-26,475.899994,483.899994,472.100006,474.149994,470.256165,21889
2018-04-27,475.000000,487.549988,472.399994,483.750000,479.777344,20170
2018-04-30,484.000000,489.500000,476.000000,479.500000,475.562256,18068
2018-05-02,480.000000,482.799988,472.100006,473.850006,469.958649,10249
2018-05-03,470.000000,473.799988,458.000000,465.549988,461.726807,58501
2018-05-04,465.549988,469.899994,451.600006,459.299988,455.528107,33373
2018-05-07,462.000000,468.750000,452.000000,455.600006,451.858521,32006
2018-05-08,460.000000,464.000000,452.000000,453.000000,449.279877,16078
2018-05-09,453.000000,455.850006,445.399994,447.850006,444.172150,28606
2018-05-10,447.000000,455.000000,446.100006,448.549988,444.866394,16320
2018-05-11,448.950012,452.950012,445.000000,451.000000,447.296295,24493
2018-05-14,453.899994,459.299988,447.000000,447.600006,443.924225,20149
2018-05-15,447.000000,459.149994,441.250000,445.399994,441.742279,68544
2018-05-16,444.700012,459.899994,435.500000,453.500000,449.775757,67276
2018-05-17,458.750000,458.950012,447.799988,454.950012,451.213867,14669
2018-05-18,460.000000,469.750000,449.399994,452.000000,448.288086,19983
2018-05-21,451.000000,455.000000,422.000000,426.799988,423.295013,90785
2018-05-22,421.000000,445.899994,421.000000,436.850006,433.262512,62529
2018-05-23,438.850006,441.600006,424.600006,427.649994,424.138031,46250
2018-05-24,431.500000,434.649994,427.649994,431.549988,428.006012,26480
2018-05-25,432.700012,434.750000,425.100006,429.750000,426.220795,32861
2018-05-28,434.000000,434.000000,423.000000,428.450012,424.931519,22002
2018-05-29,430.049988,430.799988,422.200012,423.049988,419.575806,18073
2018-05-30,415.049988,430.250000,415.049988,421.700012,418.236938,44556
2018-05-31,421.700012,427.000000,418.549988,424.750000,421.261871,32091
2018-06-01,421.000000,425.049988,411.799988,415.049988,411.641541,27434
2018-06-04,417.000000,417.000000,393.000000,394.899994,391.656982,81973
2018-06-05,392.000000,392.100006,345.299988,356.399994,353.473175,202100
2018-06-06,356.399994,368.950012,351.149994,360.000000,357.043579,170520
2018-06-07,362.100006,371.000000,360.000000,363.799988,360.812408,122793
2018-06-08,361.000000,365.149994,355.799988,361.950012,358.977631,69072
2018-06-11,361.950012,372.200012,361.149994,362.399994,359.423889,79733
2018-06-12,366.100006,366.100006,357.950012,360.450012,357.489929,57527
2018-06-13,363.750000,364.000000,356.100006,357.799988,354.861664,59415
2018-06-14,357.700012,359.250000,352.799988,355.299988,352.382202,81874
2018-06-15,354.500000,358.850006,351.500000,352.750000,349.853149,37630
2018-06-18,352.450012,356.299988,339.000000,340.850006,338.050873,76753
2018-06-19,338.000000,339.399994,328.100006,333.649994,330.910004,285154
2018-06-20,333.649994,352.100006,331.000000,345.600006,342.761841,115253
2018-06-21,346.700012,347.000000,335.000000,335.950012,333.191132,64253
2018-06-22,337.899994,337.899994,330.299988,333.299988,330.562866,18877
2018-06-25,331.000000,335.799988,325.549988,327.350006,324.661743,29333
2018-06-26,325.000000,333.899994,320.000000,324.799988,322.132660,119800
2018-06-27,322.500000,328.649994,305.000000,309.149994,306.611206,85329
2018-06-28,306.600006,310.450012,298.149994,306.149994,303.635834,135745
2018-06-29,306.100006,311.450012,301.049988,302.850006,300.362946,50380
2018-07-02,304.850006,305.000000,296.000000,297.649994,295.205627,34157
2018-07-03,297.200012,297.200012,281.649994,285.649994,283.304169,99371
2018-07-04,289.850006,289.850006,277.149994,285.149994,282.808289,76780
2018-07-05,284.899994,296.149994,282.200012,293.250000,290.841766,221317
2018-07-06,296.000000,309.850006,283.600006,295.000000,292.577393,344755
2018-07-09,299.000000,313.399994,299.000000,309.750000,307.206268,113755
2018-07-10,313.299988,328.299988,311.350006,318.950012,316.330719,140869
2018-07-11,320.000000,324.000000,305.500000,312.450012,309.884094,61909
2018-07-12,316.000000,320.000000,308.149994,311.799988,309.239441,40629
2018-07-13,308.500000,311.799988,300.000000,302.399994,299.916626,37820
2018-07-16,301.450012,301.450012,289.149994,290.299988,287.915985,57981
2018-07-17,294.000000,294.000000,282.299988,290.950012,288.560669,52783
2018-07-18,288.600006,291.799988,280.000000,286.450012,284.097626,123812
2018-07-19,283.450012,294.000000,281.049988,290.149994,287.767212,39781
2018-07-20,286.000000,290.450012,280.649994,282.549988,280.229645,38078
2018-07-23,289.000000,289.049988,280.200012,281.950012,279.634583,26245
2018-07-24,284.649994,289.899994,282.899994,286.299988,283.948822,65044
2018-07-25,286.100006,301.450012,286.100006,297.000000,294.560974,61590
2018-07-26,295.299988,303.500000,293.200012,299.600006,297.139618,50729
2018-07-27,297.600006,307.000000,295.250000,301.950012,299.470337,37894
2018-07-30,302.799988,304.750000,299.000000,303.049988,300.561279,24878
2018-07-31,305.899994,305.899994,293.149994,298.399994,295.949493,62953
2018-08-01,305.000000,307.500000,297.100006,299.450012,296.990845,41934
2018-08-02,299.950012,300.500000,287.000000,290.399994,288.015167,56880
2018-08-03,294.000000,298.000000,290.000000,292.700012,290.296295,50687
2018-08-06,299.500000,299.500000,292.000000,294.149994,291.734375,44428
2018-08-07,297.000000,297.000000,280.000000,282.000000,279.684174,79847
2018-08-08,282.500000,282.500000,269.350006,275.350006,273.088776,174793
2018-08-09,273.000000,279.250000,272.000000,272.799988,270.559692,74903
2018-08-10,272.100006,274.799988,265.100006,266.100006,263.914734,101072
2018-08-13,264.899994,266.549988,236.949997,254.100006,252.013290,122386
2018-08-14,233.350006,244.000000,225.000000,230.199997,228.309540,348847
2018-08-16,228.000000,235.850006,221.000000,222.750000,220.920731,294716
2018-08-17,223.000000,230.850006,223.000000,224.100006,222.259659,342987
2018-08-20,226.350006,229.000000,221.800003,223.149994,221.317444,100150
2018-08-21,224.000000,239.899994,221.750000,233.649994,231.731216,854167
2018-08-23,237.500000,273.200012,237.500000,258.950012,256.823456,1203392
2018-08-24,257.700012,269.000000,252.000000,255.399994,253.302612,419505
2018-08-27,257.149994,260.000000,242.199997,244.350006,242.343353,131623
2018-08-28,245.000000,250.399994,232.000000,233.899994,231.979156,160843
2018-08-29,234.000000,248.899994,231.000000,241.500000,239.516754,206516
2018-08-30,243.399994,244.800003,236.000000,239.649994,237.681946,82593
2018-08-31,236.699997,241.800003,234.100006,234.649994,232.722992,62681
2018-09-03,236.550003,237.800003,231.300003,232.449997,230.541077,67123
2018-09-04,234.000000,234.000000,226.100006,228.100006,226.226807,59722
2018-09-05,227.399994,229.949997,224.199997,226.949997,225.086227,53617
2018-09-06,228.899994,233.000000,225.050003,225.699997,223.846497,51598
2018-09-07,225.949997,236.000000,223.600006,227.699997,225.830078,83239
2018-09-10,226.899994,229.250000,223.500000,224.699997,224.134369,61975
2018-09-11,226.449997,230.399994,218.949997,220.649994,220.094559,85756
2018-09-12,218.149994,222.000000,216.149994,217.649994,217.102112,47958
2018-09-14,222.399994,227.850006,218.500000,222.949997,222.388763,68292
2018-09-17,221.899994,224.949997,218.399994,220.550003,219.994812,47261
2018-09-18,222.500000,228.850006,220.600006,223.250000,222.688019,75835
2018-09-19,225.600006,228.050003,216.649994,219.850006,219.296585,83632
2018-09-21,221.000000,223.649994,201.149994,208.850006,208.324265,86497
2018-09-24,207.800003,209.000000,201.000000,206.750000,206.229553,64898
2018-09-25,204.000000,215.399994,199.000000,211.800003,211.266846,87508
2018-09-26,214.800003,214.800003,200.149994,202.550003,202.040131,30649
2018-09-27,204.500000,205.000000,193.000000,196.050003,195.556488,59985
2018-09-28,196.000000,199.000000,179.199997,183.649994,183.187698,85099
2018-10-01,181.050003,183.449997,170.000000,177.250000,176.803818,101708
2018-10-03,177.500000,182.250000,174.300003,177.800003,177.352432,45409
2018-10-04,176.899994,177.399994,172.000000,173.949997,173.512115,53409
2018-10-05,171.199997,174.899994,170.699997,172.149994,171.716644,34507
2018-10-08,170.449997,175.000000,161.649994,164.100006,163.686920,57143
2018-10-09,165.800003,166.800003,156.050003,161.449997,161.043579,96237
2018-10-10,161.550003,173.149994,158.899994,170.899994,170.469788,73278
2018-10-11,167.699997,168.050003,161.300003,165.250000,164.834015,41136
2018-10-12,169.399994,189.899994,166.800003,178.000000,177.551926,143777
2018-10-15,179.449997,195.000000,178.149994,190.250000,189.771088,158625
2018-10-16,187.500000,197.000000,187.500000,189.550003,189.072845,58436
2018-10-17,191.699997,196.399994,181.000000,182.550003,182.090469,71595
2018-10-19,182.500000,184.399994,175.100006,179.399994,178.948395,27208
2018-10-22,181.350006,182.649994,171.250000,172.550003,172.115646,199101
2018-10-23,170.000000,174.899994,167.500000,168.850006,168.424957,18430
2018-10-24,171.699997,176.000000,168.949997,170.050003,169.621933,32076
2018-10-25,167.000000,175.000000,161.300003,171.899994,171.467270,54278
2018-10-26,173.000000,181.949997,170.000000,173.199997,172.764008,90893
2018-10-29,176.850006,182.199997,172.000000,176.899994,176.454681,45941
2018-10-30,176.899994,182.000000,174.750000,178.449997,178.000793,59360
2018-10-31,179.600006,182.000000,177.550003,178.699997,178.250153,22856
2018-11-01,181.399994,185.949997,178.050003,184.399994,183.935806,56491
2018-11-02,193.000000,193.000000,185.000000,185.899994,185.432037,66750
2018-11-05,185.000000,186.500000,179.000000,180.000000,179.546890,28198
2018-11-06,182.800003,183.000000,178.649994,180.800003,180.344879,29007
2018-11-07,183.199997,183.250000,180.949997,181.800003,181.342361,9162
2018-11-09,183.699997,183.699997,178.050003,179.050003,178.599289,74148
2018-11-12,180.500000,181.949997,175.100006,177.899994,177.452164,65256
2018-11-13,180.500000,186.500000,178.250000,183.850006,183.387207,85510
2018-11-14,185.050003,186.500000,179.000000,180.649994,180.195251,55925
2018-11-15,178.000000,178.500000,167.050003,175.199997,174.758972,95766
2018-11-16,174.199997,191.149994,172.399994,181.050003,180.594254,103627
2018-11-19,182.500000,184.949997,178.750000,183.149994,182.688950,17304
2018-11-20,180.050003,183.750000,177.050003,181.449997,180.993240,35338
2018-11-21,180.649994,185.000000,177.800003,184.199997,183.736313,63486
2018-11-22,184.199997,191.550003,182.649994,187.850006,187.377136,53238
2018-11-26,192.750000,193.949997,182.750000,187.100006,186.629028,116089
2018-11-27,189.750000,207.000000,187.050003,200.449997,199.945404,254033
2018-11-28,201.000000,209.899994,199.000000,200.850006,200.344406,174586
2018-11-29,202.250000,202.449997,186.600006,194.250000,193.761017,105169
2018-11-30,197.300003,207.399994,196.000000,203.949997,203.436600,200053
2018-12-03,204.399994,205.050003,195.350006,197.300003,196.803345,42886
2018-12-04,198.000000,209.899994,195.300003,203.500000,202.987732,231614
2018-12-05,202.500000,202.500000,195.100006,198.800003,198.299561,101625
2018-12-06,196.500000,196.500000,189.000000,189.649994,189.172592,54666
2018-12-07,190.199997,195.649994,185.500000,193.399994,192.913147,65535
2018-12-10,191.000000,191.949997,182.100006,184.300003,183.836075,37599
2018-12-11,183.500000,190.199997,180.800003,187.350006,186.878387,46812
2018-12-12,188.699997,190.000000,181.149994,182.899994,182.439590,245956
2018-12-13,184.000000,189.000000,182.850006,183.949997,183.486938,100803
2018-12-14,185.399994,188.000000,182.500000,183.250000,182.788712,60407
2018-12-17,184.100006,190.899994,181.149994,187.149994,186.678879,136116
2018-12-18,187.000000,189.000000,182.600006,187.550003,187.077881,60393
2018-12-19,190.000000,192.149994,187.899994,190.399994,189.920700,119125
2018-12-20,190.000000,194.199997,188.000000,193.050003,192.564041,65797
2018-12-21,193.100006,198.000000,190.000000,192.350006,191.865814,93229
2018-12-24,193.000000,193.899994,188.300003,190.399994,189.920700,42256
2018-12-26,188.149994,189.449997,185.100006,187.449997,186.978134,54760
2018-12-27,187.500000,191.350006,184.149994,185.100006,184.634064,33603
2018-12-28,185.000000,187.300003,184.000000,185.800003,185.332291,42522
2018-12-31,162.199997,181.550003,162.199997,178.850006,178.399796,935567
2019-01-01,178.000000,178.000000,173.000000,174.300003,173.861237,95183
2019-01-02,175.500000,175.500000,165.899994,167.000000,166.579620,186247
2019-01-03,169.500000,170.000000,162.100006,162.949997,162.539810,184403
2019-01-04,163.000000,163.949997,157.199997,158.050003,157.652145,133004
2019-01-07,159.000000,160.649994,149.050003,153.050003,152.664734,310194
2019-01-08,156.500000,156.500000,151.250000,153.000000,152.614853,90029
2019-01-09,154.449997,154.850006,148.000000,149.500000,149.123672,89677
2019-01-10,149.500000,151.699997,144.199997,145.199997,144.834488,118670
2019-01-11,145.850006,145.850006,140.250000,141.149994,140.794678,98340
2019-01-14,141.449997,141.699997,135.149994,136.250000,135.907013,90345
2019-01-15,136.300003,154.750000,130.050003,149.149994,148.774536,462995
2019-01-16,150.550003,165.000000,150.000000,163.100006,162.689438,737331
2019-01-17,162.800003,162.800003,147.100006,155.199997,154.809311,192759
2019-01-18,156.449997,160.800003,151.300003,153.449997,153.063721,120300
2019-01-21,153.500000,158.350006,148.199997,150.000000,149.622406,100158
2019-01-22,151.199997,151.199997,146.500000,147.250000,146.879333,31363
2019-01-23,146.149994,146.199997,143.149994,145.100006,144.734741,40150
2019-01-24,147.000000,149.600006,144.000000,147.500000,147.128708,39882
2019-01-25,147.000000,159.949997,144.649994,148.350006,147.976563,276183
2019-01-28,146.000000,148.899994,142.050003,145.500000,145.133728,37214
2019-01-29,145.500000,150.000000,144.550003,147.350006,146.979080,71065
2019-01-30,149.000000,159.000000,147.500000,154.550003,154.160950,176628
2019-01-31,153.250000,159.000000,153.000000,157.100006,156.704544,49051
2019-02-01,157.000000,162.800003,155.000000,157.600006,157.203278,70597
2019-02-04,157.000000,158.000000,153.300003,154.149994,153.761948,63423
2019-02-05,154.000000,159.000000,152.050003,152.350006,151.966492,33327
2019-02-06,151.600006,155.000000,151.050003,152.449997,152.066238,22061
2019-02-07,151.199997,154.600006,151.199997,153.100006,152.714615,33821
2019-02-08,154.500000,160.000000,150.300003,154.850006,154.460205,58097
2019-02-11,155.800003,155.800003,150.300003,152.699997,152.315613,30243
2019-02-12,153.000000,154.550003,151.550003,153.050003,152.664734,63497
2019-02-14,149.899994,154.850006,147.000000,153.000000,152.614853,51428
2019-02-15,153.000000,153.000000,148.550003,152.100006,151.717133,23573
2019-02-18,152.000000,153.250000,150.350006,152.050003,151.667252,48233
2019-02-19,151.500000,161.649994,151.500000,158.100006,157.702026,132328
2019-02-20,158.100006,165.000000,158.100006,163.250000,162.839050,113442
2019-02-21,166.300003,169.899994,163.350006,168.100006,167.676849,86830
2019-02-22,173.800003,173.800003,169.300003,172.300003,171.866272,112279
2019-02-25,171.100006,177.000000,171.100006,175.100006,174.659225,83559
2019-02-26,172.000000,180.800003,168.050003,174.149994,173.711609,78975
2019-02-27,173.000000,177.500000,170.100006,172.649994,172.215378,36198
2019-02-28,174.100006,177.000000,172.000000,175.399994,174.958466,23625
2019-03-01,176.500000,180.000000,175.050003,176.649994,176.205322,42562
2019-03-05,179.000000,188.000000,176.949997,187.550003,187.077881,164198
2019-03-06,189.050003,199.300003,189.050003,195.300003,194.808380,178777
2019-03-07,197.350006,211.699997,196.300003,206.600006,206.079941,467449
2019-03-08,207.000000,212.899994,204.949997,206.350006,205.830566,120277
2019-03-11,206.000000,222.000000,203.449997,217.399994,216.852737,353798
2019-03-12,218.199997,227.750000,218.199997,226.199997,225.630585,335527
2019-03-13,227.800003,242.000000,225.000000,239.949997,239.345978,444149
2019-03-14,242.399994,248.000000,230.500000,238.350006,237.750015,267310
2019-03-15,240.899994,243.500000,235.550003,236.649994,236.054276,74955
2019-03-18,236.500000,239.949997,227.350006,234.550003,233.959579,72373
2019-03-19,233.000000,239.699997,230.000000,237.649994,237.051758,54963
2019-03-20,237.500000,238.899994,231.050003,232.699997,232.114227,36959
2019-03-22,233.000000,234.000000,226.550003,228.199997,227.625549,92829
2019-03-25,226.899994,226.899994,210.300003,211.800003,211.266846,54677
2019-03-26,210.050003,229.649994,210.000000,227.500000,226.927322,130326
2019-03-27,227.000000,233.050003,226.550003,229.449997,228.872406,94069
2019-03-28,233.000000,240.000000,225.350006,238.949997,238.348495,150218
2019-04-01,246.000000,248.949997,240.000000,242.050003,241.440689,73325
2019-04-02,243.399994,245.000000,237.649994,239.500000,238.897110,36188
2019-04-03,239.800003,242.000000,222.949997,234.949997,234.358566,39501
2019-04-04,234.300003,239.000000,229.000000,234.350006,233.760086,43336
2019-04-05,234.350006,237.949997,227.699997,231.000000,230.418503,52128
2019-04-08,233.300003,235.000000,228.000000,229.949997,229.371155,60604
2019-04-09,229.000000,231.949997,222.350006,225.199997,224.633102,41308
2019-04-10,225.000000,227.000000,218.449997,221.399994,220.842667,47026
2019-04-11,221.000000,223.500000,212.350006,215.350006,214.807907,47836
2019-04-12,215.399994,221.500000,214.149994,217.149994,216.603363,64814
2019-04-15,219.000000,219.000000,209.050003,211.399994,210.867844,65964
2019-04-16,211.800003,214.199997,205.500000,207.300003,206.778168,70907
2019-04-18,208.850006,211.850006,197.000000,201.000000,200.494019,86509
2019-04-22,199.300003,199.899994,195.050003,196.800003,196.304596,33460
2019-04-23,196.350006,205.699997,195.000000,197.300003,196.803345,71563
2019-04-24,198.750000,199.899994,191.000000,193.500000,193.012909,54012
2019-04-25,194.649994,197.000000,189.500000,191.149994,190.668808,38489
2019-04-26,192.500000,192.500000,188.600006,191.149994,190.668808,57642
2019-04-30,191.199997,193.100006,184.000000,191.199997,190.718689,34519
2019-05-02,187.250000,190.899994,182.149994,186.750000,186.279892,41406
2019-05-03,186.800003,187.449997,183.399994,184.149994,183.686432,29703
2019-05-06,181.800003,186.449997,178.550003,180.050003,179.596771,58912
2019-05-07,183.800003,183.800003,178.350006,179.949997,179.497009,200908
2019-05-08,179.649994,182.149994,178.100006,181.100006,180.644119,165073
2019-05-09,180.000000,184.649994,178.149994,181.399994,180.943359,236025
2019-05-10,181.899994,194.850006,181.899994,192.800003,192.314667,229193
2019-05-13,193.949997,201.500000,190.000000,195.199997,194.708618,289123
2019-05-14,194.600006,205.000000,191.100006,203.100006,202.588745,161917
2019-05-15,203.100006,216.600006,203.100006,215.000000,214.458786,253163
2019-05-16,215.050003,229.649994,214.850006,224.350006,223.785248,232753
2019-05-17,225.949997,233.550003,225.949997,228.649994,228.074417,249049
2019-05-20,236.000000,238.000000,228.550003,231.600006,231.016998,176571
2019-05-21,231.750000,232.000000,225.000000,227.000000,226.428574,107266
2019-05-22,225.050003,237.050003,225.050003,235.000000,234.408432,160426
2019-05-23,238.600006,260.000000,236.100006,248.850006,248.223587,870890
2019-05-24,251.000000,260.000000,248.000000,249.800003,249.171188,588120
2019-05-27,250.100006,252.000000,241.550003,249.699997,249.071426,215908
2019-05-28,248.149994,253.750000,246.050003,249.199997,248.572693,173810
2019-05-29,244.100006,245.550003,236.449997,242.500000,241.889557,172479
2019-05-30,243.000000,249.899994,243.000000,248.600006,247.974213,168781
2019-05-31,250.550003,255.800003,248.000000,252.899994,252.263367,430389
2019-06-03,252.899994,254.750000,248.000000,250.699997,250.068909,166783
2019-06-04,250.699997,259.899994,250.500000,258.600006,257.949036,207453
2019-06-06,258.049988,260.899994,257.000000,258.950012,258.298157,143171
2019-06-07,258.500000,260.899994,251.000000,254.699997,254.058838,157452
2019-06-10,251.500000,261.899994,251.500000,260.399994,259.744507,211151
2019-06-11,261.000000,264.000000,258.649994,262.500000,261.839203,162337
2019-06-12,263.000000,263.049988,258.000000,262.850006,262.188324,73868
2019-06-13,258.250000,268.000000,258.250000,267.899994,267.225616,249713
2019-06-14,268.950012,272.299988,265.850006,271.500000,270.816559,183274
2019-06-17,274.850006,274.850006,267.049988,268.799988,268.123352,93418
2019-06-18,268.399994,271.399994,261.000000,265.600006,264.931427,124930
2019-06-19,265.000000,265.000000,258.500000,259.399994,258.747009,99708
2019-06-20,252.600006,266.000000,252.600006,260.399994,259.744507,77369
2019-06-21,260.399994,264.000000,255.500000,261.299988,260.642212,94978
2019-06-24,262.649994,264.500000,254.100006,255.449997,254.806961,94047
2019-06-25,255.000000,261.600006,251.649994,257.750000,257.101166,142825
2019-06-26,257.350006,258.549988,251.350006,255.449997,254.806961,138883
2019-06-27,253.949997,257.549988,250.500000,255.199997,254.557587,211287
2019-06-28,255.750000,255.800003,251.000000,251.050003,250.418045,223754
2019-07-01,250.000000,253.899994,248.500000,248.600006,247.974213,163354
2019-07-02,250.850006,250.850006,233.649994,246.600006,245.979248,249991
2019-07-03,241.000000,246.600006,236.899994,244.500000,243.884521,206291
2019-07-04,245.750000,247.449997,240.949997,241.750000,241.141449,165118
2019-07-05,245.750000,245.750000,235.000000,237.449997,236.852264,134728
2019-07-08,238.899994,238.899994,217.899994,229.800003,229.221527,333575
2019-07-09,227.800003,230.199997,219.000000,220.850006,220.294067,196581
2019-07-10,222.949997,224.149994,214.100006,215.000000,214.458786,160888
2019-07-11,215.100006,226.000000,211.000000,222.750000,222.189270,182988
2019-07-12,222.949997,226.000000,220.550003,223.100006,222.538406,183714
2019-07-15,223.199997,231.000000,223.149994,230.149994,229.570648,191592
2019-07-16,230.199997,231.949997,226.350006,228.699997,228.124298,108811
2019-07-17,230.850006,231.600006,224.949997,226.800003,226.229080,44982
2019-07-18,226.800003,228.699997,217.050003,219.300003,218.747955,182708
2019-07-19,219.000000,223.350006,215.600006,222.500000,221.939911,104647
2019-07-22,228.000000,228.000000,219.050003,221.850006,221.291550,53850
2019-07-23,221.850006,224.899994,219.500000,222.699997,222.139404,64751
2019-07-24,223.850006,224.699997,218.600006,221.000000,220.443680,55387
2019-07-25,219.699997,222.500000,216.600006,221.000000,220.443680,50327
2019-07-26,219.800003,222.000000,217.399994,221.449997,220.892548,29572
2019-07-29,221.649994,221.649994,215.000000,218.500000,217.949966,47443
2019-07-30,217.399994,221.500000,215.699997,217.449997,216.902618,175497
2019-07-31,217.449997,221.699997,212.050003,213.000000,212.463821,72162
2019-08-01,211.149994,214.449997,195.600006,204.850006,204.334335,88319
2019-08-02,205.550003,216.949997,196.050003,210.350006,209.820496,155129
2019-08-05,205.250000,207.000000,197.750000,201.000000,200.494019,76266
2019-08-06,199.000000,221.899994,196.699997,212.250000,211.715714,277092
2019-08-07,214.000000,219.899994,213.100006,215.699997,215.157013,95781
2019-08-08,218.000000,223.050003,214.850006,219.800003,219.246704,38947
2019-08-09,217.949997,232.399994,216.949997,229.199997,228.623032,94781
2019-08-13,228.000000,237.399994,222.000000,227.600006,227.027069,190341
2019-08-14,225.600006,231.399994,220.149994,222.649994,222.089523,39551
2019-08-16,222.050003,225.000000,216.149994,223.750000,223.186752,37790
2019-08-19,219.000000,226.100006,217.100006,218.800003,218.249222,23207
2019-08-20,216.949997,220.800003,213.149994,213.500000,212.962555,14191
2019-08-21,213.500000,214.600006,203.250000,204.399994,203.885468,32398
2019-08-22,204.399994,207.949997,195.050003,197.050003,196.553970,42663
2019-08-23,197.050003,211.449997,190.550003,208.750000,208.224518,59697
2019-08-26,211.149994,221.949997,209.250000,219.800003,219.246704,135483
2019-08-27,220.000000,222.649994,216.199997,220.800003,220.244186,86977
2019-08-28,221.199997,224.500000,218.000000,221.399994,220.842667,91886
2019-08-29,221.850006,223.500000,216.250000,218.850006,218.299103,81289
2019-08-30,218.550003,221.750000,215.149994,217.699997,217.151978,70785
2019-09-03,211.550003,218.000000,208.600006,214.050003,213.511185,92917
2019-09-04,212.550003,229.449997,212.500000,227.000000,226.428574,150858
2019-09-05,227.850006,236.000000,227.050003,235.449997,234.857300,166157
2019-09-06,235.000000,236.899994,234.000000,235.649994,235.056793,85503
2019-09-09,235.000000,237.000000,230.000000,235.699997,235.106674,95817
2019-09-11,237.100006,240.899994,231.500000,238.100006,237.500641,92891
2019-09-12,237.000000,242.699997,234.250000,234.949997,234.358566,97679
2019-09-13,238.000000,242.000000,233.000000,241.000000,240.393341,119570
2019-09-16,239.949997,253.699997,236.300003,245.750000,245.131378,146335
2019-09-17,245.750000,246.000000,231.600006,235.100006,234.508194,64621
2019-09-18,237.899994,240.000000,233.199997,237.850006,237.251266,136505
2019-09-19,233.600006,239.949997,226.000000,238.350006,237.750015,107606
2019-09-20,236.350006,248.000000,234.100006,238.000000,238.000000,367791
2019-09-23,238.149994,242.199997,236.000000,238.850006,238.850006,68395
2019-09-24,239.000000,246.899994,235.250000,244.600006,244.600006,131839
2019-09-25,244.600006,244.600006,238.600006,240.750000,240.750000,51452
2019-09-26,243.000000,243.000000,239.149994,241.750000,241.750000,83747
2019-09-27,239.050003,242.050003,236.300003,237.050003,237.050003,32674
2019-09-30,240.949997,240.949997,224.399994,228.949997,228.949997,38678
2019-10-01,238.800003,238.850006,223.100006,228.899994,228.899994,84202
2019-10-03,228.899994,237.000000,226.000000,230.100006,230.100006,111651
2019-10-04,230.300003,234.449997,225.000000,225.899994,225.899994,30086
2019-10-07,226.000000,226.750000,213.000000,215.100006,215.100006,53937
2019-10-09,215.250000,217.699997,183.500000,210.149994,210.149994,91907
2019-10-10,209.750000,215.899994,204.149994,207.500000,207.500000,73017
2019-10-11,207.250000,214.399994,203.350006,213.750000,213.750000,44448
2019-10-14,218.500000,223.699997,212.300003,218.149994,218.149994,66544
2019-10-15,220.500000,221.000000,215.000000,217.949997,217.949997,38401
2019-10-16,219.850006,222.449997,216.449997,220.300003,220.300003,28980
2019-10-17,221.500000,233.500000,212.449997,227.649994,227.649994,235275
2019-10-18,226.350006,242.000000,226.350006,237.850006,237.850006,352428
2019-10-22,237.000000,253.850006,233.000000,240.100006,240.100006,158989
2019-10-23,240.550003,243.000000,235.300003,238.250000,238.250000,42556
2019-10-24,235.000000,243.000000,232.100006,237.250000,237.250000,51897
2019-10-25,233.050003,250.600006,233.050003,241.250000,241.250000,88521
2019-10-27,null,null,null,null,null,null
2019-10-29,237.000000,251.600006,236.149994,248.300003,248.300003,255537
2019-10-30,248.350006,249.000000,235.000000,238.300003,238.300003,86470
2019-10-31,240.649994,241.699997,230.649994,238.699997,238.699997,63365
2019-11-01,234.000000,241.449997,233.100006,236.300003,236.300003,21469
2019-11-04,233.350006,239.699997,233.199997,237.100006,237.100006,21922
2019-11-05,239.500000,239.800003,226.100006,228.199997,228.199997,49019
2019-11-06,225.000000,233.699997,225.000000,231.300003,231.300003,29965
2019-11-07,232.600006,234.000000,226.149994,229.250000,229.250000,40013
2019-11-08,227.000000,228.800003,224.100006,225.199997,225.199997,23069
2019-11-11,225.199997,228.949997,222.350006,225.100006,225.100006,31115
2019-11-13,226.000000,239.350006,222.250000,226.250000,226.250000,43101
2019-11-14,228.350006,234.399994,226.199997,230.350006,230.350006,28581
2019-11-15,234.000000,234.000000,226.250000,227.250000,227.250000,88361
2019-11-18,225.250000,234.000000,225.149994,230.699997,230.699997,89197
2019-11-19,232.500000,235.899994,223.550003,229.350006,229.350006,85522
2019-11-20,227.500000,242.800003,227.500000,235.149994,235.149994,188224
2019-11-21,236.000000,239.000000,232.149994,235.699997,235.699997,31702
2019-11-22,238.199997,243.000000,234.199997,239.899994,239.899994,126425
2019-11-25,239.899994,252.399994,236.449997,248.300003,248.300003,339987
2019-11-26,249.649994,250.750000,243.000000,243.500000,243.500000,63085
2019-11-27,242.300003,245.750000,240.300003,242.449997,242.449997,29518
2019-11-28,243.000000,258.000000,242.600006,254.699997,254.699997,279367
2019-11-29,254.449997,254.449997,247.000000,247.500000,247.500000,54622
2019-12-02,247.000000,248.399994,242.149994,242.850006,242.850006,27119
2019-12-03,241.199997,250.899994,235.550003,246.899994,246.899994,68806
2019-12-04,245.000000,246.500000,240.399994,242.649994,242.649994,26252
2019-12-05,241.500000,243.850006,235.199997,238.250000,238.250000,22927
2019-12-06,238.250000,239.649994,229.000000,230.149994,230.149994,48286
2019-12-09,233.399994,233.399994,225.000000,225.750000,225.750000,28177
2019-12-10,227.449997,227.500000,215.350006,218.100006,218.100006,50406
2019-12-11,219.399994,222.649994,215.050003,220.449997,220.449997,31873
2019-12-12,218.050003,226.199997,215.050003,224.199997,224.199997,101829
2019-12-13,218.000000,231.399994,218.000000,226.899994,226.899994,30164
2019-12-16,228.550003,228.850006,224.149994,225.550003,225.550003,10088
2019-12-17,223.149994,229.399994,219.000000,228.199997,228.199997,46457
2019-12-18,228.899994,228.899994,223.000000,225.850006,225.850006,27061
2019-12-19,221.350006,226.449997,221.199997,222.449997,222.449997,11904
2019-12-20,222.000000,226.250000,219.800003,222.850006,222.850006,17286
2019-12-23,225.000000,231.699997,221.350006,224.800003,224.800003,60670
2019-12-24,224.500000,229.350006,223.000000,223.500000,223.500000,24458
2019-12-26,223.649994,224.899994,219.050003,222.350006,222.350006,21584
2019-12-27,224.600006,224.949997,220.199997,222.050003,222.050003,17966
2019-12-30,220.050003,223.250000,217.000000,218.800003,218.800003,20623
2019-12-31,219.550003,226.899994,218.050003,219.149994,219.149994,73933
2020-01-01,217.750000,224.600006,217.699997,219.350006,219.350006,24722
2020-01-02,219.500000,226.550003,217.550003,225.600006,225.600006,45185
2020-01-03,227.500000,229.000000,222.350006,223.399994,223.399994,28251
2020-01-06,222.000000,223.000000,212.500000,213.750000,213.750000,19847
2020-01-07,215.149994,219.899994,215.149994,216.800003,216.800003,12468
2020-01-08,210.000000,217.949997,208.000000,212.949997,212.949997,32550
2020-01-09,215.800003,221.600006,215.800003,219.399994,219.399994,23248
2020-01-10,222.000000,224.000000,215.899994,218.449997,218.449997,16276
2020-01-13,219.000000,226.699997,219.000000,221.449997,221.449997,47282
2020-01-14,222.850006,225.850006,218.750000,222.300003,222.300003,27819
2020-01-15,224.250000,224.250000,206.000000,210.250000,210.250000,70393
2020-01-16,212.899994,224.699997,212.050003,217.750000,217.750000,53408
2020-01-17,215.000000,220.899994,215.000000,217.600006,217.600006,29067
2020-01-20,217.600006,219.899994,217.500000,218.250000,218.250000,12482
2020-01-21,218.000000,220.899994,215.199997,219.750000,219.750000,24158
2020-01-22,220.000000,220.250000,212.149994,215.399994,215.399994,16773
2020-01-23,218.949997,219.800003,214.050003,218.850006,218.850006,15159
2020-01-24,217.000000,219.850006,215.550003,216.600006,216.600006,14178
2020-01-27,219.000000,219.000000,215.250000,216.750000,216.750000,13025
2020-01-28,216.350006,219.850006,212.649994,213.699997,213.699997,14354
2020-01-29,211.600006,217.350006,209.350006,211.399994,211.399994,20355
2020-01-30,210.199997,218.850006,206.100006,214.699997,214.699997,18887
2020-01-31,214.699997,217.699997,211.550003,213.399994,213.399994,54019
2020-02-03,203.850006,216.750000,201.000000,214.050003,214.050003,87269
2020-02-04,218.000000,225.850006,216.399994,223.100006,223.100006,112685
2020-02-05,222.000000,227.000000,221.399994,226.300003,226.300003,101677
2020-02-06,225.500000,229.949997,224.750000,229.000000,229.000000,149061
2020-02-07,230.000000,230.149994,226.050003,228.800003,228.800003,92476
2020-02-10,226.500000,233.000000,226.500000,231.750000,231.750000,119811
2020-02-11,233.649994,242.000000,229.550003,240.649994,240.649994,276590
2020-02-12,239.149994,245.000000,237.850006,239.949997,239.949997,73912
2020-02-13,240.149994,249.949997,235.250000,243.250000,243.250000,328619
2020-02-14,244.399994,245.899994,233.100006,241.699997,241.699997,165410
2020-02-17,235.800003,248.000000,235.500000,243.000000,243.000000,175063
2020-02-18,243.000000,255.000000,238.000000,246.149994,246.149994,479250
2020-02-19,240.800003,253.399994,240.750000,251.649994,251.649994,235544
2020-02-20,249.000000,255.949997,245.949997,251.050003,251.050003,94686
2020-02-24,248.250000,250.899994,245.449997,249.399994,249.399994,78320
2020-02-25,248.100006,262.000000,245.600006,258.549988,258.549988,304243
2020-02-26,262.000000,262.000000,255.000000,259.750000,259.750000,62932
2020-02-27,257.799988,262.100006,251.199997,259.950012,259.950012,91379
2020-02-28,254.000000,254.000000,240.000000,247.850006,247.850006,90697
2020-03-02,245.000000,261.450012,241.199997,248.699997,248.699997,295396
2020-03-03,250.000000,254.000000,241.000000,246.850006,246.850006,64264