Date,Open,High,Low,Close,Adj Close,Volume
2001-09-10,7.500000,8.430000,7.250000,8.055000,2.329677,320210
2001-09-11,8.225000,8.390000,7.775000,7.810000,2.258818,175410
2001-09-12,7.235000,7.500000,7.235000,7.365000,2.130115,80530
2001-09-13,7.400000,7.500000,7.255000,7.395000,2.138791,78400
2001-09-14,6.905000,7.080000,6.885000,6.885000,1.991288,60780
2001-09-17,6.500000,6.500000,6.340000,6.340000,1.833663,135960
2001-09-18,6.350000,6.810000,6.350000,6.540000,1.891506,71170
2001-09-19,6.700000,6.950000,6.700000,6.850000,1.981166,22940
2001-09-20,6.995000,7.000000,6.700000,6.865000,1.985504,21260
2001-09-21,6.425000,7.200000,6.420000,7.005000,2.025995,55310
2001-09-24,7.280000,7.280000,7.050000,7.115000,2.057809,29110
2001-09-25,7.300000,7.300000,6.900000,6.915000,1.999965,22860
2001-09-26,7.300000,7.300000,6.900000,6.920000,2.001411,29330
2001-09-27,7.040000,7.075000,6.905000,7.005000,2.025995,31790
2001-09-28,7.010000,7.045000,6.440000,6.470000,1.871261,113420
2001-10-01,6.610000,6.840000,6.600000,6.745000,1.950798,68780
2001-10-02,null,null,null,null,null,null
2001-10-03,6.700000,6.900000,6.700000,6.860000,1.984058,35470
2001-10-04,6.980000,6.980000,6.335000,6.560000,1.897292,88370
2001-10-05,6.790000,6.800000,6.540000,6.670000,1.929105,39090
2001-10-08,6.590000,6.700000,6.405000,6.420000,1.856800,52270
2001-10-09,6.500000,6.540000,6.385000,6.430000,1.859692,50410
2001-10-10,6.615000,6.615000,6.300000,6.375000,1.843786,143850
2001-10-11,6.495000,6.495000,6.260000,6.315000,1.826432,198430
2001-10-12,6.400000,6.400000,6.110000,6.165000,1.783049,102500
2001-10-15,6.375000,6.380000,6.270000,6.285000,1.817756,99900
2001-10-16,6.300000,6.445000,6.300000,6.395000,1.849570,172820
2001-10-17,6.600000,6.600000,6.405000,6.515000,1.884277,113200
2001-10-18,6.500000,6.550000,6.410000,6.425000,1.858247,91090
2001-10-19,6.750000,6.750000,6.335000,6.350000,1.836555,88370
2001-10-22,6.620000,6.700000,6.575000,6.625000,1.916091,159580
2001-10-23,6.700000,6.840000,6.580000,6.640000,1.920429,167420
2001-10-24,6.690000,6.900000,6.480000,6.585000,1.904522,174210
2001-10-25,6.600000,6.610000,6.410000,6.445000,1.864031,57820
2001-10-26,null,null,null,null,null,null
2001-10-29,6.600000,6.625000,6.460000,6.475000,1.872708,432490
2001-10-30,6.400000,6.525000,6.315000,6.360000,1.839447,445970
2001-10-31,6.500000,6.500000,6.260000,6.300000,1.822094,295170
2001-11-01,6.475000,6.500000,6.305000,6.335000,1.832216,376880
2001-11-02,6.435000,6.785000,6.355000,6.610000,1.911752,326620
2001-11-05,6.825000,7.130000,6.825000,7.125000,2.060701,1424210
2001-11-06,7.700000,7.700000,7.170000,7.700000,2.227004,1588900
2001-11-07,7.980000,8.320000,7.980000,8.320000,2.406321,405700
2001-11-08,8.700000,8.950000,8.020000,8.795000,2.543701,2919050
2001-11-09,8.750000,9.300000,8.445000,8.790000,2.542254,2193640
2001-11-12,9.200000,9.450000,9.005000,9.125000,2.639144,912360
2001-11-13,9.100000,9.185000,8.670000,8.970000,2.594315,415850
2001-11-14,9.480000,9.590000,8.855000,9.000000,2.602991,756810
2001-11-15,9.000000,9.000000,8.680000,8.775000,2.537917,779980
2001-11-16,null,null,null,null,null,null
2001-11-19,8.900000,9.435000,8.680000,9.435000,2.728802,1569010
2001-11-20,9.880000,10.100000,9.300000,9.650000,2.790985,1598210
2001-11-21,9.475000,9.730000,9.315000,9.345000,2.702773,539930
2001-11-22,9.300000,9.700000,9.200000,9.265000,2.679635,678680
2001-11-23,9.400000,9.565000,8.910000,9.300000,2.689757,1089270
2001-11-26,9.700000,10.050000,9.500000,10.050000,2.906673,939570
2001-11-27,10.490000,10.855000,10.275000,10.855000,3.139497,1600560
2001-11-28,10.910000,11.000000,10.100000,10.155000,2.937042,1423080
2001-11-29,10.250000,10.435000,9.800000,10.165000,2.939934,481690
2001-11-30,null,null,null,null,null,null
2001-12-03,10.500000,10.955000,10.500000,10.955000,3.168418,1032270
2001-12-04,11.005000,11.550000,11.005000,11.370000,3.288446,1083090
2001-12-05,11.595000,12.000000,10.940000,11.765000,3.402689,1539780
2001-12-06,11.990000,12.000000,11.050000,11.155000,3.226264,916950
2001-12-07,11.100000,11.685000,10.900000,11.390000,3.294230,706140
2001-12-10,12.000000,12.315000,11.805000,12.305000,3.558867,1217290
2001-12-11,12.935000,12.935000,11.900000,12.040000,3.482224,1128840
2001-12-12,12.290000,12.385000,11.675000,11.745000,3.396904,433010
2001-12-13,11.700000,11.800000,10.865000,11.090000,3.207464,766680
2001-12-14,11.000000,11.490000,10.600000,11.215000,3.243616,690170
2001-12-17,null,null,null,null,null,null
2001-12-18,11.300000,12.100000,10.905000,11.380000,3.291338,829430
2001-12-19,11.300000,11.600000,10.540000,10.565000,3.055623,557930
2001-12-20,10.490000,10.565000,9.725000,9.875000,2.856059,497910
2001-12-21,9.300000,9.795000,9.090000,9.090000,2.629021,427790
2001-12-24,9.200000,9.200000,8.375000,8.970000,2.594315,704860
2001-12-25,null,null,null,null,null,null
2001-12-26,9.040000,9.430000,8.805000,8.915000,2.578407,366820
2001-12-27,8.890000,9.000000,8.600000,8.810000,2.548040,157090
2001-12-28,9.000000,9.200000,8.700000,9.145000,2.644928,252280
2001-12-31,9.425000,9.770000,9.210000,9.505000,2.749048,1492980
2002-01-01,9.705000,9.925000,9.035000,9.125000,2.639144,1832540
2002-01-02,9.105000,9.390000,9.010000,9.050000,2.617452,1224290
2002-01-03,9.200000,9.325000,9.120000,9.180000,2.655051,683560
2002-01-04,9.310000,9.470000,9.245000,9.310000,2.692650,1206140
2002-01-07,9.630000,10.320000,9.325000,10.075000,2.913904,2525780
2002-01-08,10.300000,10.525000,9.825000,9.895000,2.861845,1851160
2002-01-09,11.800000,11.800000,9.205000,9.280000,2.683973,1483740
2002-01-10,9.470000,9.605000,9.175000,9.415000,2.723018,902230
2002-01-11,9.420000,9.600000,9.000000,9.185000,2.656497,1258430
2002-01-14,9.690000,11.025000,9.690000,10.885000,3.148173,4819130
2002-01-15,11.295000,11.525000,10.700000,10.930000,3.161188,6359850
2002-01-16,11.080000,11.460000,10.905000,11.025000,3.188664,3383490
2002-01-17,10.950000,12.090000,10.800000,11.510000,3.328936,7889960
2002-01-18,11.400000,11.475000,10.430000,10.535000,3.046945,4634520
2002-01-21,10.600000,11.450000,10.410000,11.200000,3.239278,3785180
2002-01-22,12.400000,12.400000,10.800000,11.175000,3.232047,2429940
2002-01-23,11.200000,11.350000,10.710000,10.825000,3.130819,1643350
2002-01-24,11.180000,11.195000,10.700000,10.815000,4.067246,1961870
2002-01-25,10.980000,11.150000,10.730000,10.910000,4.102973,1491360
2002-01-28,11.000000,11.000000,10.565000,10.650000,4.005193,1043940
2002-01-29,10.770000,10.870000,10.590000,10.625000,3.995791,665310
2002-01-30,10.650000,10.650000,10.035000,10.320000,3.881088,1883470
2002-01-31,10.390000,10.590000,10.310000,10.515000,3.954424,1250060
2002-02-01,10.650000,10.740000,10.410000,10.455000,3.931858,1435450
2002-02-04,10.500000,10.500000,10.220000,10.275000,3.864166,1023930
2002-02-05,10.100000,10.900000,10.100000,10.460000,3.933739,4317700
2002-02-06,10.595000,10.850000,10.500000,10.560000,3.971347,3012810
2002-02-07,10.650000,10.670000,10.150000,10.240000,3.851002,2433000
2002-02-08,10.390000,10.465000,10.165000,10.305000,3.875448,955390
2002-02-11,10.410000,10.500000,10.210000,10.270000,3.862286,812300
2002-02-12,10.350000,10.895000,10.265000,10.485000,3.943142,1820680
2002-02-13,10.675000,10.865000,10.360000,10.435000,3.924338,1463930
2002-02-14,10.595000,10.600000,10.330000,10.440000,3.926217,669680
2002-02-15,10.425000,10.495000,10.215000,10.285000,3.867927,626150
2002-02-18,10.110000,10.780000,10.110000,10.600000,3.986389,1373310
2002-02-19,10.600000,11.400000,10.535000,10.875000,4.089810,4496390
2002-02-20,10.780000,12.250000,10.780000,11.990000,4.509133,7371290
2002-02-21,12.450000,12.640000,11.800000,11.925000,4.484688,9184040
2002-02-22,11.950000,12.490000,11.690000,12.270000,4.614434,7087770
2002-02-25,12.600000,13.580000,12.600000,13.105000,4.928455,12595080
2002-02-26,13.400000,13.590000,12.780000,13.020000,4.896489,6375960
2002-02-27,13.200000,13.400000,12.510000,12.620000,4.746061,3042590
2002-02-28,12.745000,13.005000,11.215000,11.380000,4.279728,3820200
2002-03-01,11.490000,12.050000,11.400000,11.940000,4.490328,2156980
2002-03-04,12.200000,12.380000,12.045000,12.130000,4.561784,1635260
2002-03-05,12.250000,12.600000,12.200000,12.320000,4.633236,1469790
2002-03-06,12.500000,12.580000,12.100000,12.150000,4.569305,1104060
2002-03-07,12.100000,12.450000,11.965000,12.160000,4.573065,828820
2002-03-08,12.345000,12.500000,12.005000,12.045000,4.529818,678080
2002-03-11,12.200000,12.320000,11.880000,11.950000,4.494090,818940
2002-03-12,12.080000,12.190000,11.520000,11.570000,4.351182,584690
2002-03-13,11.530000,11.790000,11.500000,11.605000,4.364345,576140
2002-03-14,11.745000,12.685000,11.635000,12.135000,4.563665,2781130
2002-03-15,12.390000,12.390000,11.910000,12.135000,4.563665,1070250
2002-03-18,12.285000,12.490000,12.100000,12.165000,4.574946,916760
2002-03-19,12.300000,12.345000,11.810000,11.880000,4.467764,491060
2002-03-20,12.000000,12.000000,11.600000,11.685000,4.394431,499160
2002-03-21,11.750000,11.890000,11.650000,11.715000,4.405712,305230
2002-03-22,11.750000,11.750000,11.400000,11.440000,4.302291,434950
2002-03-25,null,null,null,null,null,null
2002-03-26,11.700000,11.700000,11.325000,11.415000,4.292891,280170
2002-03-27,11.850000,11.850000,11.315000,11.385000,4.281608,331540
2002-03-28,11.500000,11.790000,11.360000,11.660000,4.385029,634320
2002-03-29,null,null,null,null,null,null
2002-04-01,11.830000,11.875000,11.650000,11.695000,4.398191,387560
2002-04-02,11.750000,12.570000,11.725000,12.055000,4.533577,1555920
2002-04-03,12.105000,13.100000,12.000000,12.950000,4.870165,5425440
2002-04-04,13.200000,13.250000,12.455000,12.580000,4.731018,3272940
2002-04-05,12.690000,13.150000,12.600000,12.905000,4.853242,3881800
2002-04-08,13.050000,13.340000,12.555000,12.655000,4.759223,2631520
2002-04-09,12.775000,12.775000,12.315000,12.410000,4.667084,1500920
2002-04-10,12.500000,13.000000,12.400000,12.735000,4.789309,2068650
2002-04-11,12.970000,13.000000,12.655000,12.715000,4.781787,1847100
2002-04-12,12.695000,13.780000,12.695000,13.455000,5.060082,6828360
2002-04-15,15.500000,15.500000,13.230000,13.360000,5.024354,4973960
2002-04-16,13.500000,14.425000,13.070000,14.255000,5.360942,7584000
2002-04-17,14.680000,14.760000,13.810000,13.925000,5.236839,6917440
2002-04-18,14.150000,14.200000,13.605000,13.795000,5.187947,2298090
2002-04-19,13.900000,13.965000,13.300000,13.435000,5.052560,1780780
2002-04-22,13.605000,13.930000,13.500000,13.720000,5.159742,2008680
2002-04-23,13.825000,13.825000,13.505000,13.655000,5.135297,933460
2002-04-24,13.800000,14.900000,13.675000,14.645000,5.507611,6220860
2002-04-25,14.700000,14.990000,14.025000,14.185000,5.334616,4114270
2002-04-26,14.300000,14.500000,13.910000,14.130000,5.313932,1883160
2002-04-29,14.300000,14.300000,13.700000,13.810000,5.193589,1027510
2002-04-30,13.950000,14.325000,13.825000,14.245000,5.357181,1496690
2002-05-01,null,null,null,null,null,null
2002-05-02,14.325000,14.500000,14.010000,14.070000,5.291369,732400
2002-05-03,14.220000,14.390000,14.000000,14.040000,5.280086,1311200
2002-05-06,14.200000,14.280000,13.900000,14.000000,5.265042,859470
2002-05-07,14.090000,14.150000,13.630000,13.700000,5.152221,1075650
2002-05-08,13.945000,13.945000,13.505000,13.625000,5.124016,909010
2002-05-09,13.860000,13.990000,13.490000,13.545000,5.093930,1342680
2002-05-10,13.675000,13.890000,13.500000,13.810000,5.193589,790350
2002-05-13,13.840000,13.985000,13.550000,13.675000,5.142819,1066240
2002-05-14,13.670000,13.740000,13.500000,13.560000,5.099570,361770
2002-05-15,13.600000,13.850000,13.050000,13.100000,4.926576,1173960
2002-05-16,13.295000,13.350000,12.720000,12.805000,4.815634,1029890
2002-05-17,12.800000,12.800000,12.100000,12.440000,4.678367,1270080
2002-05-20,12.500000,12.590000,11.510000,11.725000,4.409473,914430
2002-05-21,11.610000,11.610000,10.700000,10.910000,4.102973,1470000
2002-05-22,11.000000,11.600000,10.875000,11.390000,4.283490,1291890
2002-05-23,11.445000,11.495000,11.225000,11.275000,4.240240,455970
2002-05-24,11.690000,12.090000,11.600000,12.010000,4.516654,1146770
2002-05-27,12.190000,12.190000,11.750000,11.865000,4.462124,696210
2002-05-28,11.510000,11.730000,10.110000,11.280000,4.242119,491380
2002-05-29,11.500000,11.700000,11.290000,11.515000,4.330498,646720
2002-05-30,11.520000,11.900000,11.485000,11.525000,4.334259,596150
2002-05-31,11.515000,11.525000,11.275000,11.320000,4.257164,450300
2002-06-03,11.725000,11.725000,11.505000,11.595000,4.360583,554860
2002-06-04,11.700000,11.880000,11.505000,11.750000,4.418876,507030
2002-06-05,11.800000,11.985000,11.690000,11.860000,4.460242,436770
2002-06-06,12.000000,12.200000,11.850000,11.925000,4.484688,514520
2002-06-07,11.850000,11.860000,11.425000,11.535000,4.338019,471260
2002-06-10,11.850000,11.880000,11.700000,11.755000,4.420756,446950
2002-06-11,11.900000,12.200000,11.900000,12.085000,4.544860,541220
2002-06-12,12.100000,12.500000,12.000000,12.180000,4.580587,884670
2002-06-13,12.080000,12.390000,11.600000,11.765000,4.424516,1312920
2002-06-14,11.700000,12.100000,11.510000,11.675000,4.390670,987290
2002-06-17,11.770000,11.900000,11.620000,11.675000,4.390670,650870
2002-06-18,11.910000,11.910000,11.505000,11.540000,4.339900,564120
2002-06-19,11.750000,11.925000,11.325000,11.860000,4.460242,995790
2002-06-20,11.870000,11.870000,11.575000,11.655000,4.383148,272370
2002-06-21,11.740000,11.835000,11.600000,11.770000,4.426396,275090
2002-06-24,11.840000,11.890000,11.645000,11.785000,4.432038,358720
2002-06-25,11.800000,11.830000,11.610000,11.620000,4.369986,232560
2002-06-26,11.500000,11.680000,11.400000,11.430000,4.298532,289410
2002-06-27,11.675000,11.700000,11.450000,11.575000,4.353063,250050
2002-06-28,11.765000,11.765000,10.890000,11.075000,4.165025,1060960
2002-07-01,11.295000,11.440000,11.200000,11.225000,4.221437,748620
2002-07-02,11.005000,11.450000,11.005000,11.290000,4.245881,607300
2002-07-03,11.345000,11.470000,11.250000,11.395000,4.285369,404800
2002-07-04,11.450000,12.475000,11.390000,12.345000,4.642640,3179800
2002-07-05,12.600000,12.875000,12.210000,12.285000,4.620075,1525220
2002-07-08,12.490000,12.600000,12.200000,12.300000,4.625716,1318010
2002-07-09,12.300000,12.600000,12.110000,12.420000,4.670846,936430
2002-07-10,12.485000,12.485000,12.075000,12.105000,4.552382,489780
2002-07-11,12.190000,12.245000,11.910000,12.065000,4.537339,671480
2002-07-12,12.140000,12.280000,11.715000,11.810000,4.441441,798040
2002-07-15,11.800000,11.880000,11.515000,11.635000,4.375626,418110
2002-07-16,11.620000,11.785000,11.505000,11.545000,4.341780,384080
2002-07-17,11.640000,11.640000,11.320000,11.380000,4.279728,377300
2002-07-18,11.595000,11.680000,11.485000,11.520000,4.332378,279950
2002-07-19,11.560000,12.090000,11.485000,11.700000,4.400071,1524680
2002-07-22,11.450000,11.650000,11.205000,11.270000,4.238359,632520
2002-07-23,11.200000,11.465000,11.120000,11.350000,4.268445,350960
2002-07-24,11.325000,11.500000,11.110000,11.155000,4.195111,427690
2002-07-25,11.570000,11.595000,11.200000,11.235000,4.225197,652220
2002-07-26,11.200000,11.210000,10.750000,10.805000,4.063485,664050
2002-07-29,10.990000,10.990000,10.300000,10.620000,3.993911,525800
2002-07-30,11.000000,11.000000,10.300000,10.465000,3.935619,494520
2002-07-31,10.400000,10.500000,10.125000,10.300000,3.873567,600260
2002-08-01,10.580000,10.690000,10.360000,10.490000,3.945021,337520
2002-08-02,10.200000,10.500000,10.200000,10.420000,3.918696,275770
2002-08-05,10.540000,10.640000,10.430000,10.575000,3.976989,256020
2002-08-06,10.515000,10.990000,10.500000,10.855000,4.082288,455690
2002-08-07,11.090000,11.160000,10.850000,10.910000,4.102973,377840
2002-08-08,11.045000,11.045000,10.510000,10.580000,3.978868,334210
2002-08-09,10.625000,10.790000,10.535000,10.730000,4.035279,195390
2002-08-12,10.845000,10.930000,10.725000,10.790000,4.057844,213590
2002-08-13,10.800000,10.850000,10.685000,10.735000,4.037160,234980
2002-08-14,10.040000,10.650000,10.040000,10.565000,5.179428,160750
2002-08-15,null,null,null,null,null,null
2002-08-16,10.700000,10.770000,10.575000,10.635000,5.213746,158230
2002-08-19,10.700000,10.745000,10.530000,10.565000,5.179428,118660
2002-08-20,10.600000,10.645000,10.425000,10.480000,5.137756,204060
2002-08-21,10.490000,10.690000,10.490000,10.555000,5.174525,150380
2002-08-22,10.600000,10.680000,10.460000,10.475000,5.135306,135220
2002-08-23,10.460000,10.595000,10.460000,10.505000,5.150014,135320
2002-08-26,10.595000,10.650000,10.520000,10.585000,5.189233,209390
2002-08-27,10.660000,10.715000,10.525000,10.565000,5.179428,146130
2002-08-28,10.565000,10.600000,10.500000,10.520000,5.157370,101590
2002-08-29,10.480000,10.595000,10.425000,10.460000,5.127953,135380
2002-08-30,10.465000,10.750000,10.465000,10.630000,5.211295,140160
2002-09-02,10.610000,11.250000,10.610000,11.105000,5.444160,605760
2002-09-03,11.280000,11.890000,11.150000,11.440000,5.608391,3202650
2002-09-04,11.400000,11.400000,11.040000,11.165000,5.473576,815880
2002-09-05,11.280000,11.440000,11.115000,11.190000,5.485830,497710
2002-09-06,11.100000,11.220000,10.715000,10.780000,5.284831,611110
2002-09-09,10.850000,10.860000,10.510000,10.570000,5.181879,388560
2002-09-10,null,null,null,null,null,null
2002-09-11,10.670000,10.790000,10.600000,10.680000,5.235806,190700
2002-09-12,10.795000,10.860000,10.705000,10.805000,5.297086,280120
2002-09-13,10.500000,10.500000,10.010000,10.120000,4.961270,2190200
2002-09-16,10.250000,10.300000,10.150000,10.185000,4.993135,457140
2002-09-17,10.285000,10.340000,10.140000,10.205000,5.002940,363560
2002-09-18,10.290000,10.290000,10.025000,10.055000,4.929405,253230
2002-09-19,10.125000,10.275000,9.900000,9.920000,4.863221,458300
2002-09-20,9.825000,10.085000,9.710000,9.960000,4.882830,334860
2002-09-23,10.190000,10.190000,9.820000,9.865000,4.836257,199360
2002-09-24,9.530000,9.785000,9.530000,9.630000,4.721050,250730
2002-09-25,9.480000,9.645000,9.465000,9.520000,4.667124,211420
2002-09-26,11.400000,11.400000,9.575000,9.780000,4.794586,779140
2002-09-27,9.995000,9.995000,9.645000,9.700000,4.755366,417290
2002-09-30,9.815000,10.000000,9.400000,9.465000,4.640160,1389460
2002-10-01,9.500000,9.585000,9.400000,9.465000,4.640160,366720
2002-10-02,null,null,null,null,null,null
2002-10-03,9.700000,9.700000,9.425000,9.485000,4.649965,204130
2002-10-04,9.560000,9.585000,9.400000,9.485000,4.649965,443810
2002-10-07,9.760000,9.935000,9.525000,9.750000,4.779880,817180
2002-10-08,9.850000,9.990000,9.660000,9.705000,4.757818,1177250
2002-10-09,9.830000,9.840000,9.460000,9.495000,4.654867,521340
2002-10-10,9.440000,9.525000,9.400000,9.455000,4.635257,310040
2002-10-11,9.525000,9.625000,9.450000,9.490000,4.652416,321380
2002-10-14,9.730000,9.730000,9.500000,9.555000,4.684283,497380
2002-10-15,null,null,null,null,null,null
2002-10-16,9.900000,9.900000,9.505000,9.525000,4.669575,415310
2002-10-17,9.540000,9.540000,9.450000,9.485000,4.649965,223890
2002-10-18,9.500000,9.615000,9.455000,9.465000,4.640160,282090
2002-10-21,9.535000,9.555000,9.385000,9.415000,4.615647,322510
2002-10-22,9.600000,9.600000,9.305000,9.325000,4.571526,123510
2002-10-23,9.495000,9.495000,9.200000,9.210000,4.515148,218840
2002-10-24,9.300000,9.345000,9.025000,9.095000,4.458770,368500
2002-10-25,9.025000,9.160000,9.025000,9.090000,4.456318,209900
2002-10-28,9.075000,9.340000,9.075000,9.250000,4.534758,398830
2002-10-29,9.365000,9.490000,9.225000,9.360000,4.588684,290460
2002-10-30,9.460000,9.580000,9.450000,9.495000,4.654867,325460
2002-10-31,9.500000,9.650000,9.460000,9.550000,4.681830,458420
2002-11-01,9.400000,9.650000,9.400000,9.590000,4.701440,228660
2002-11-04,9.680000,9.700000,9.500000,9.640000,4.725952,141430
2002-11-05,9.900000,9.900000,9.600000,9.610000,4.711245,92110
2002-11-06,null,null,null,null,null,null
2002-11-07,9.900000,9.950000,9.700000,9.715000,4.762721,417340
2002-11-08,9.950000,9.950000,9.620000,9.720000,4.765172,134580
2002-11-11,9.525000,9.790000,9.400000,9.495000,4.654867,138450
2002-11-12,9.400000,9.550000,9.400000,9.490000,4.652416,88040
2002-11-13,9.900000,9.900000,9.400000,9.445000,4.630354,160130
2002-11-14,9.425000,9.560000,9.425000,9.515000,4.664673,113230
2002-11-15,9.700000,9.700000,9.500000,9.550000,4.681830,549050
2002-11-18,9.650000,9.935000,9.550000,9.850000,4.828904,640190
2002-11-19,null,null,null,null,null,null
2002-11-20,9.860000,9.900000,9.500000,9.625000,4.718599,847540
2002-11-21,9.750000,9.800000,9.580000,9.625000,4.718599,347470
2002-11-22,9.825000,9.845000,9.655000,9.700000,4.755366,235820
2002-11-25,9.525000,9.755000,9.525000,9.695000,4.752915,237930
2002-11-26,9.800000,10.040000,9.700000,9.845000,4.826453,692160
2002-11-27,9.945000,9.945000,9.750000,9.785000,4.797038,271370
2002-11-28,9.800000,9.875000,9.780000,9.800000,4.804392,388160
2002-11-29,9.800000,9.950000,9.790000,9.875000,4.841159,372420
2002-12-02,10.000000,11.130000,10.000000,11.075000,5.429453,2722240
2002-12-03,11.200000,11.620000,10.725000,11.050000,5.417197,2086470
2002-12-04,10.775000,11.440000,10.775000,11.360000,5.569171,1405430
2002-12-05,11.400000,12.070000,11.400000,11.885000,5.826551,3211370
2002-12-06,11.995000,12.025000,11.600000,11.695000,5.733404,1146940
2002-12-09,11.870000,12.000000,11.300000,11.385000,5.581428,1228640
2002-12-10,11.300000,12.045000,11.200000,11.945000,5.855966,1224090
2002-12-11,12.170000,12.490000,12.085000,12.405000,6.081477,3471980
2002-12-12,12.490000,12.540000,12.010000,12.055000,5.909892,1223270
2002-12-13,12.180000,13.000000,12.100000,12.885000,6.316794,3603840
2002-12-16,13.100000,13.140000,12.210000,12.285000,6.022647,1417250
2002-12-17,12.255000,12.540000,12.100000,12.395000,6.076575,1301790
2002-12-18,12.600000,13.195000,12.600000,12.850000,6.299636,3098190
2002-12-19,12.735000,12.900000,12.510000,12.550000,6.152563,921660
2002-12-20,12.685000,12.990000,12.590000,12.895000,6.321696,1229470
2002-12-23,12.800000,13.440000,12.740000,13.095000,6.419745,3064030
2002-12-24,13.130000,13.850000,13.100000,13.745000,6.738404,3756810
2002-12-25,null,null,null,null,null,null
2002-12-26,13.855000,14.750000,13.505000,14.670000,7.191880,7262660
2002-12-27,14.850000,15.590000,14.575000,14.685000,7.199235,7259340
2002-12-30,14.640000,14.880000,14.155000,14.565000,7.140404,2764040
2002-12-31,14.450000,15.140000,14.450000,14.575000,7.145308,3075600
2003-01-01,14.740000,14.790000,14.465000,14.525000,7.120794,1081060
2003-01-02,14.630000,14.775000,14.050000,14.120000,6.922246,1300000
2003-01-03,14.600000,14.645000,14.240000,14.445000,7.081575,2856060
2003-01-06,14.515000,15.050000,14.500000,14.650000,7.182075,4940720
2003-01-07,14.730000,14.735000,14.135000,14.260000,6.990880,1799970
2003-01-08,14.690000,16.059999,14.305000,15.855000,7.772819,11468010
2003-01-09,15.910000,17.090000,15.900000,16.930000,8.299832,10712000
2003-01-10,17.340000,17.760000,16.510000,17.469999,8.564563,9742700
2003-01-13,17.240000,17.299999,16.225000,16.420000,8.049808,5266000
2003-01-14,16.490000,17.000000,16.320000,16.750000,8.211589,6764000
2003-01-15,16.650000,17.325001,16.650000,16.879999,8.275319,4754300
2003-01-16,16.930000,17.150000,16.500000,16.555000,8.115990,3285060
2003-01-17,16.680000,16.889999,16.299999,16.495001,8.086576,3196100
2003-01-20,16.480000,16.535000,15.910000,15.975000,7.831649,2485320
2003-01-21,15.500000,16.650000,15.500000,16.065001,7.875770,4354410
2003-01-22,16.105000,16.389999,15.860000,15.935000,7.812039,2567030
2003-01-23,15.960000,16.049999,15.225000,15.515000,7.606136,2758030
2003-01-24,15.950000,15.950000,14.525000,14.965000,7.336502,3250500
2003-01-27,17.200001,17.200001,14.005000,14.200000,6.961466,2530220
2003-01-28,14.340000,15.985000,13.930000,15.810000,7.750759,5961200
2003-01-29,15.310000,15.700000,14.860000,15.055000,7.380625,3219250
2003-01-30,15.075000,15.350000,14.695000,14.815000,7.262964,1565080
2003-01-31,14.775000,15.130000,14.430000,14.790000,7.250709,1825860
2003-02-03,14.895000,15.500000,14.800000,15.420000,7.559563,2096940
2003-02-04,15.540000,15.600000,14.805000,14.900000,7.304636,1764700
2003-02-05,14.800000,15.380000,14.730000,14.825000,7.267867,2285890
2003-02-06,14.855000,16.025000,14.855000,15.950000,7.819392,4964880
2003-02-07,16.555000,17.370001,15.055000,15.295000,7.498281,16288590
2003-02-10,15.300000,15.370000,14.455000,14.520000,7.118344,5291570
2003-02-11,14.740000,14.875000,14.150000,14.350000,7.035002,2946530
2003-02-12,14.490000,14.490000,14.000000,14.070000,6.897735,2874440
2003-02-13,null,null,null,null,null,null
2003-02-14,14.100000,14.290000,13.515000,13.590000,6.662416,3084890
2003-02-17,13.980000,14.590000,13.980000,14.415000,7.066868,3521580
2003-02-18,14.550000,14.550000,13.965000,14.085000,6.905087,2367660
2003-02-19,14.210000,14.400000,14.090000,14.150000,6.936954,2042040
2003-02-20,14.250000,14.250000,13.675000,13.880000,6.804586,1389980
2003-02-21,13.900000,14.590000,13.700000,14.180000,6.951660,3925060
2003-02-24,14.300000,14.795000,14.200000,14.405000,7.061965,4250630
2003-02-25,14.000000,15.225000,14.000000,15.080000,7.392879,9609820
2003-02-26,15.235000,15.600000,15.125000,15.345000,7.522794,9225980
2003-02-27,15.010000,15.955000,15.010000,15.685000,7.689476,6742080
2003-02-28,15.510000,15.875000,14.870000,15.130000,7.417392,3839850
2003-03-03,15.270000,15.645000,15.075000,15.395000,7.547307,3349310
2003-03-04,15.390000,15.490000,14.935000,15.005000,7.356112,2024810
2003-03-05,14.740000,14.930000,14.545000,14.740000,7.226198,1758610
2003-03-06,14.980000,15.700000,14.980000,15.175000,7.439451,6881520
2003-03-07,14.995000,15.145000,14.510000,14.635000,7.174723,3064490
2003-03-10,14.900000,14.900000,14.080000,14.175000,6.949209,1356300
2003-03-11,14.645000,14.645000,14.035000,14.560000,7.137952,1907340
2003-03-12,14.695000,15.160000,14.255000,14.365000,7.042356,4486500
2003-03-13,14.550000,14.635000,14.140000,14.280000,7.000684,1564370
2003-03-14,null,null,null,null,null,null
2003-03-17,14.150000,14.150000,13.650000,13.860000,6.794782,2002660
2003-03-18,null,null,null,null,null,null
2003-03-19,14.250000,14.550000,14.060000,14.295000,7.008039,3275950
2003-03-20,14.100000,14.900000,13.930000,14.765000,7.238454,3853230
2003-03-21,14.730000,15.195000,14.600000,14.740000,7.226198,2147340
2003-03-24,14.710000,14.790000,14.150000,14.225000,6.973721,849150
2003-03-25,13.885000,14.250000,13.765000,14.180000,6.951660,1099350
2003-03-26,14.370000,14.525000,13.950000,14.075000,6.900184,2034340
2003-03-27,14.100000,14.295000,13.850000,13.955000,6.841355,696020
2003-03-28,14.050000,14.150000,13.700000,13.740000,6.735953,940750
2003-03-31,13.615000,13.750000,12.310000,12.525000,6.140306,1676720
2003-04-01,12.495000,13.150000,12.495000,12.915000,6.331501,1362680
2003-04-02,13.075000,13.220000,12.975000,13.130000,6.436904,628460
2003-04-03,13.500000,13.925000,13.250000,13.630000,6.682026,2985470
2003-04-04,13.850000,13.925000,13.300000,13.790000,6.760466,1503520
2003-04-07,14.210000,14.740000,14.210000,14.380000,7.049711,4830390
2003-04-08,14.400000,15.240000,14.225000,14.920000,7.314441,8005330
2003-04-09,14.800000,15.550000,14.800000,15.150000,7.427196,4204130
2003-04-10,15.000000,15.200000,14.100000,14.210000,6.966368,2430130
2003-04-11,14.400000,15.160000,14.000000,14.930000,7.319344,2170570
2003-04-14,null,null,null,null,null,null
2003-04-15,15.600000,15.750000,14.820000,15.575000,7.635550,3239700
2003-04-16,15.700000,15.850000,15.100000,15.225000,7.463966,1624890
2003-04-17,14.990000,15.350000,14.900000,14.990000,7.348758,1200900
2003-04-18,null,null,null,null,null,null
2003-04-21,15.090000,15.130000,14.410000,14.495000,7.106088,1435150
2003-04-22,14.525000,14.850000,14.500000,14.660000,7.186979,860610
2003-04-23,14.900000,14.900000,14.400000,14.450000,7.084026,661170
2003-04-24,14.575000,14.700000,14.345000,14.390000,7.054612,516240
2003-04-25,14.350000,15.700000,14.350000,15.585000,7.640453,5955370
2003-04-28,15.600000,16.330000,15.600000,15.735000,7.713991,6851170
2003-04-29,15.800000,15.990000,15.470000,15.700000,7.696832,3074330
2003-04-30,15.745000,15.870000,15.455000,15.570000,7.633101,1245140
2003-05-01,null,null,null,null,null,null
2003-05-02,15.665000,16.344999,15.665000,16.230000,7.956661,3890880
2003-05-05,16.440001,16.740000,16.250000,16.540001,8.108637,3922680
2003-05-06,16.559999,17.100000,16.375000,16.490000,8.084123,2779870
2003-05-07,16.690001,16.725000,16.260000,16.309999,7.995880,1614280
2003-05-08,16.250000,16.629999,16.250000,16.350000,8.015490,1058280
2003-05-09,16.530001,16.549999,15.700000,15.980000,7.834100,1508930
2003-05-12,16.170000,16.740000,16.010000,16.084999,7.885574,3423660
2003-05-13,16.225000,16.465000,15.800000,15.890000,7.789977,1975850
2003-05-14,15.920000,17.290001,15.920000,16.930000,8.299832,6606140
2003-05-15,17.200001,17.500000,16.910000,17.090000,8.378269,4818730
2003-05-16,17.200001,17.995001,16.980000,17.825001,8.738602,5550780
2003-05-19,18.049999,18.184999,16.660000,17.395000,8.527796,9897020
2003-05-20,17.100000,17.299999,16.700001,16.850000,8.260613,3885270
2003-05-21,16.115000,17.500000,16.115000,16.840000,8.255709,10813560
2003-05-22,16.850000,17.049999,16.469999,16.545000,8.111089,2273500
2003-05-23,16.635000,16.895000,16.150000,16.440001,8.059612,4232760
2003-05-26,16.674999,17.250000,16.600000,16.840000,8.255709,4452650
2003-05-27,17.000000,17.750000,16.799999,17.575001,8.616040,8392330
2003-05-28,17.825001,18.500000,17.799999,18.020000,8.834197,9622770
2003-05-29,18.200001,18.959999,18.000000,18.695000,9.165112,7952480
2003-05-30,18.965000,19.799999,18.950001,19.549999,9.584271,8571740
2003-06-02,19.600000,20.280001,18.799999,19.459999,9.540150,6719840
2003-06-03,19.115000,19.790001,19.115000,19.570000,9.594075,2846650
2003-06-04,19.700001,20.870001,19.555000,20.475000,10.037748,5205750
2003-06-05,21.000000,21.219999,19.680000,20.170000,9.888221,5526430
2003-06-06,20.200001,21.500000,20.125000,21.340000,10.461808,7252250
2003-06-09,21.700001,22.650000,20.865000,22.485001,11.023139,9046150
2003-06-10,22.495001,22.950001,22.000000,22.620001,11.089321,5671060
2003-06-11,22.719999,23.480000,22.500000,23.195000,11.371211,4329800
2003-06-12,23.000000,24.900000,23.000000,24.575001,12.047746,7336060
2003-06-13,24.600000,24.799999,22.830000,24.035000,11.783014,12188250
2003-06-16,24.200001,24.200001,23.250000,23.584999,11.562406,3364700
2003-06-17,23.990000,24.525000,23.760000,24.090000,11.809978,4969890
2003-06-18,24.000000,24.290001,23.000000,23.350000,11.447199,3326570
2003-06-19,23.500000,23.889999,23.180000,23.320000,11.432490,3047350
2003-06-20,23.320000,23.674999,22.549999,23.475000,11.508479,4503560
2003-06-23,23.580000,23.900000,22.740000,22.985001,11.268259,1800970
2003-06-24,22.900000,24.049999,22.600000,23.875000,11.704577,4450590
2003-06-25,23.799999,24.600000,23.799999,24.084999,11.807529,4035790
2003-06-26,24.190001,26.000000,24.190001,25.790001,12.643393,9253800
2003-06-27,26.000000,30.700001,25.950001,29.745001,14.582311,21392700
2003-06-30,29.320000,32.540001,28.830000,29.985001,14.699965,26148610
2003-07-01,30.309999,30.889999,29.500000,30.295000,14.851945,14467740
2003-07-02,30.500000,30.900000,28.424999,29.629999,14.525928,18011390
2003-07-03,29.700001,31.889999,29.500000,30.700001,15.050492,24297640
2003-07-04,30.799999,31.400000,30.125000,30.475000,14.940187,5435790
2003-07-07,30.600000,31.000000,29.200001,29.540001,14.481810,3641500
2003-07-08,29.799999,30.790001,29.600000,29.865000,14.641137,5193540
2003-07-09,30.200001,32.990002,29.350000,31.059999,15.226981,21205160
2003-07-10,30.990000,35.500000,30.160000,33.669998,16.506516,32580170
2003-07-11,34.000000,36.480000,33.150002,34.494999,16.910967,15992000
2003-07-14,34.799999,35.740002,33.525002,34.154999,16.744286,8728050
2003-07-15,34.200001,35.064999,32.665001,33.744999,19.380413,8826230
2003-07-16,34.430000,34.680000,33.430000,34.150002,19.613014,4632890
2003-07-17,34.200001,34.639999,32.770000,33.165001,19.047302,4036150
2003-07-18,33.000000,34.395000,32.505001,33.240002,19.090378,7074850
2003-07-21,33.764999,33.799999,31.160000,31.450001,18.062349,5114120
2003-07-22,31.500000,33.764999,31.200001,33.299999,19.124838,10413780
2003-07-23,33.810001,35.599998,33.810001,34.910000,20.049496,12278530
2003-07-24,40.000000,40.000000,34.299999,35.744999,20.529053,8475160
2003-07-25,36.400002,39.099998,35.799999,38.494999,22.108425,19782520
2003-07-28,39.500000,41.660000,38.650002,39.584999,22.734432,24428540
2003-07-29,39.599998,40.439999,39.099998,39.619999,22.754541,11716660
2003-07-30,39.209999,39.700001,38.115002,38.599998,22.168736,8327990
2003-07-31,38.764999,38.764999,36.529999,37.040001,21.272795,6005940
2003-08-01,37.480000,38.869999,37.160000,38.389999,22.048126,7217810
2003-08-04,38.400002,39.270000,37.599998,38.544998,22.137146,3418780
2003-08-05,38.514999,40.459999,37.500000,38.055000,21.855726,8408650
2003-08-06,38.099998,39.169998,37.700001,38.279999,21.984947,5314770
2003-08-07,38.764999,39.459999,38.014999,38.320000,22.007927,3245150
2003-08-08,38.450001,39.790001,38.299999,39.250000,22.542042,6026730
2003-08-11,39.200001,39.764999,38.310001,38.485001,22.102684,3170410
2003-08-12,38.865002,38.965000,37.410000,37.805000,21.712149,3285590
2003-08-13,38.365002,38.485001,37.125000,37.384998,21.470930,2733840
2003-08-14,37.299999,38.965000,36.570000,38.560001,22.145756,6963780
2003-08-15,null,null,null,null,null,null
2003-08-18,39.270000,39.285000,37.825001,38.160000,21.916031,2288980
2003-08-19,38.500000,38.770000,37.115002,37.424999,21.493904,1452920
2003-08-20,37.770000,39.474998,37.400002,38.799999,22.283594,4325510
2003-08-21,39.474998,41.500000,39.474998,40.805000,23.435106,6747000
2003-08-22,41.849998,46.299999,41.305000,45.560001,26.166000,21001080
2003-08-25,45.400002,46.000000,40.509998,41.605000,23.894558,10739990
2003-08-26,41.445000,44.599998,41.439999,44.029999,25.287287,8237610
2003-08-27,44.299999,44.990002,43.150002,43.639999,25.063301,4888060
2003-08-28,44.064999,44.799999,43.000000,43.775002,25.140841,4913150
2003-08-29,44.264999,48.154999,43.250000,46.500000,26.705856,12677010
2003-09-01,46.799999,48.770000,45.500000,47.759998,27.429495,13019260
2003-09-02,47.700001,49.160000,46.529999,48.805000,28.029661,8427840
2003-09-03,49.299999,49.299999,46.404999,46.950001,26.964304,6324600
2003-09-04,47.099998,50.599998,47.000000,50.115002,28.782021,9926430
2003-09-05,47.099998,54.285000,47.099998,53.375000,30.654303,19428020
2003-09-08,53.500000,56.584999,53.009998,55.810001,32.052776,17164100
2003-09-09,56.099998,59.000000,55.009998,57.770000,33.178436,18788250
2003-09-10,57.790001,57.790001,53.500000,53.974998,30.998898,10747470
2003-09-11,54.099998,56.584999,54.000000,54.855000,31.504297,8214040
2003-09-12,59.900002,59.900002,53.009998,53.705002,30.843821,7278330
2003-09-15,57.000000,57.000000,49.660000,50.185001,28.822226,6652770
2003-09-16,49.799999,52.400002,46.099998,51.584999,29.626270,9053800
2003-09-17,53.500000,56.160000,51.500000,51.994999,29.861742,6802570
2003-09-18,51.500000,52.365002,48.209999,48.634998,27.932030,5443270
2003-09-19,49.330002,50.200001,45.945000,47.380001,27.211262,9918720
2003-09-22,48.200001,48.880001,45.855000,46.650002,26.792004,4730240
2003-09-23,46.099998,47.689999,45.500000,47.250000,27.136597,8448790
2003-09-24,45.700001,45.700001,38.525002,44.070000,25.310259,35906120
2003-09-25,42.599998,47.880001,42.000000,47.070000,27.033216,16463970
2003-09-26,21.600000,24.400000,21.500000,24.014999,13.792284,176610
2003-09-29,24.950001,24.950001,23.049999,23.190001,13.318471,171120
2003-09-30,23.500000,24.495001,23.250000,24.058001,13.816978,334820
2003-10-01,24.100000,26.250000,23.500000,25.315001,14.538899,706130
2003-10-02,null,null,null,null,null,null
2003-10-03,26.500000,26.500000,24.799999,24.990000,14.352242,653800
2003-10-06,26.250000,26.250000,24.850000,26.084999,14.981122,781360
2003-10-07,29.500000,29.500000,25.573000,25.968000,14.913927,510550
2003-10-08,29.400000,29.400000,24.500000,26.648001,15.304468,690120
2003-10-09,29.000000,29.000000,27.000000,28.600000,16.425539,920960
2003-10-10,29.000000,29.003000,27.510000,27.757999,15.941959,503980
2003-10-13,27.250000,29.253000,27.000000,28.225000,16.210167,2336080
2003-10-14,30.000000,30.000000,27.170000,28.313000,16.260708,821850
2003-10-15,29.950001,29.950001,27.000000,27.065001,15.543960,649060
2003-10-16,28.745001,28.745001,27.299999,27.655001,15.882807,223640
2003-10-17,30.500000,30.500000,27.150000,27.388000,15.729465,143900
2003-10-20,30.500000,30.500000,27.327999,27.565001,15.831116,482240
2003-10-21,28.750000,28.750000,26.500000,26.993000,15.502604,424600
2003-10-22,28.500000,28.500000,26.503000,26.993000,15.502604,887040
2003-10-23,28.500000,28.500000,25.700001,26.010000,14.938050,175910
2003-10-24,28.000000,28.000000,24.000000,26.438000,15.183859,451320
2003-10-27,26.049999,26.049999,25.075001,25.365000,14.567616,291190
2003-10-28,25.500000,25.549999,24.850000,25.299999,14.530283,198750
2003-10-29,25.400000,25.400000,24.250000,25.238001,14.494676,349410
2003-10-30,25.250000,26.350000,25.100000,25.730000,14.777242,274550
2003-10-31,24.350000,26.500000,24.350000,26.295000,15.101731,605740
2003-11-03,26.350000,27.500000,25.875000,26.945000,15.475038,357850
2003-11-04,27.500000,29.000000,27.003000,28.438000,16.332497,939920
2003-11-05,29.000000,30.750000,28.750000,30.334999,17.421982,2262850
2003-11-06,30.000000,30.900000,29.500000,29.930000,17.189383,871190
2003-11-07,30.000000,30.049999,28.799999,29.587999,16.992966,277350
2003-11-10,29.250000,29.750000,28.600000,29.528000,16.958508,92060
2003-11-11,29.750000,30.150000,28.750000,29.513000,16.949894,212910
2003-11-12,30.253000,31.200001,29.700001,30.565001,17.554073,590720
2003-11-13,31.150000,31.250000,29.900000,30.245001,17.370296,332990
2003-11-14,30.000000,30.225000,29.000000,29.673000,17.041782,647610
2003-11-17,29.600000,29.950001,29.100000,29.723000,17.070498,84760
2003-11-18,29.950001,31.245001,29.763000,30.775000,17.674681,307100
2003-11-19,30.750000,32.250000,30.750000,31.753000,18.236370,635760
2003-11-20,32.250000,32.500000,30.500000,30.643000,17.598873,378370
2003-11-21,30.450001,31.198000,29.950001,30.903000,17.748196,129500
2003-11-24,31.000000,31.700001,30.600000,31.555000,18.122650,187500
2003-11-25,31.549999,32.474998,31.500000,32.257999,18.526398,246720
2003-11-26,null,null,null,null,null,null
2003-11-27,32.000000,34.500000,31.950001,33.748001,19.382133,353940
2003-11-28,33.500000,34.750000,33.500000,34.323002,19.712370,237460
2003-12-01,34.900002,36.603001,34.250000,36.362999,20.883978,492440
2003-12-02,36.250000,36.250000,35.049999,35.669998,20.485979,440820
2003-12-03,35.750000,36.500000,35.063000,35.770000,20.543409,322170
2003-12-04,36.200001,36.250000,34.507999,36.099998,20.732935,532980
2003-12-05,36.500000,38.299999,36.250000,37.945000,21.792553,423490
2003-12-08,40.700001,40.700001,36.799999,37.193001,21.360666,330370
2003-12-09,37.500000,38.799999,37.500000,38.623001,22.181946,328130
2003-12-10,38.900002,38.900002,37.255001,38.287998,21.989544,263500
2003-12-11,38.000000,38.250000,36.502998,37.228001,21.380770,231450
2003-12-12,37.250000,38.500000,36.549999,36.884998,21.183769,114020
2003-12-15,37.500000,37.500000,36.349998,36.435001,20.925329,151670
2003-12-16,36.400002,36.950001,35.250000,36.090000,20.727186,198660
2003-12-17,35.502998,36.400002,35.250000,35.787998,20.553743,208360
2003-12-18,36.000000,36.250000,35.250000,35.998001,20.674355,156030
2003-12-19,35.250000,37.500000,35.250000,36.794998,21.132084,295460
2003-12-22,36.549999,37.000000,36.002998,36.805000,21.137829,154510
2003-12-23,36.250000,36.750000,35.500000,35.888000,20.611179,125820
2003-12-24,35.849998,37.500000,35.103001,36.452999,20.935667,486670
2003-12-25,null,null,null,null,null,null
2003-12-26,37.250000,37.494999,35.500000,36.275002,20.833441,258820
2003-12-29,36.500000,37.500000,36.200001,37.330002,21.439348,377620
2003-12-30,36.375000,37.000000,36.000000,36.404999,20.908102,125600
2003-12-31,37.395000,37.395000,34.849998,35.132999,20.177568,171150
2004-01-01,35.150002,36.470001,35.000000,35.813000,20.568102,106000
2004-01-02,36.250000,36.250000,35.500000,35.755001,20.534794,255170
2004-01-05,35.755001,36.147999,35.125000,35.590000,20.440029,436570
2004-01-06,35.500000,36.250000,34.404999,35.118000,20.168949,395760
2004-01-07,35.252998,35.498001,32.000000,33.580002,19.285650,323140
2004-01-08,34.500000,36.000000,33.049999,34.970001,20.083952,136940
2004-01-09,35.049999,36.599998,34.000000,34.595001,19.868584,361820
2004-01-12,34.673000,35.000000,33.349998,34.673000,19.913385,189650
2004-01-13,34.000000,34.700001,33.500000,34.188000,19.634834,138030
2004-01-14,34.750000,35.570000,33.555000,34.408001,19.761187,236790
2004-01-15,34.299999,35.750000,34.103001,34.509998,19.819765,184060
2004-01-16,34.049999,35.000000,33.950001,34.500000,19.814018,177080
2004-01-19,34.500000,35.250000,34.263000,35.005001,20.104052,226680
2004-01-20,35.450001,35.750000,34.500000,34.945000,20.069592,260830
2004-01-21,35.000000,35.000000,31.000000,31.733000,18.224880,345730
2004-01-22,32.500000,32.950001,29.299999,30.802999,17.690760,610930
2004-01-23,31.250000,32.400002,30.150000,31.395000,18.030764,190680
2004-01-26,null,null,null,null,null,null
2004-01-27,32.500000,33.950001,31.750000,32.970001,18.935316,299090
2004-01-28,32.250000,33.049999,31.750000,31.923000,18.334000,250140
2004-01-29,31.799999,32.900002,31.403000,32.220001,18.504576,66290
2004-01-30,32.000000,32.000000,30.000000,30.514999,17.525358,201050
2004-02-02,null,null,null,null,null,null
2004-02-03,30.000000,30.000000,26.000000,28.318001,16.263584,593940
2004-02-04,27.000000,29.799999,25.000000,29.195000,16.767256,639810
2004-02-05,28.600000,29.750000,28.600000,29.003000,16.656992,457160
2004-02-06,29.000000,31.750000,27.775000,30.458000,17.492620,1161900
2004-02-09,30.049999,30.750000,30.049999,30.542999,17.541439,157620
2004-02-10,31.049999,31.049999,30.250000,30.500000,17.516748,313300
2004-02-11,29.500000,30.700001,29.500000,30.493000,17.512722,373530
2004-02-12,31.900000,32.500000,29.850000,31.325001,17.990559,354340
2004-02-13,33.450001,34.474998,31.250000,33.818001,19.422338,533140
2004-02-16,34.500000,35.900002,33.000000,33.188000,19.060516,269290
2004-02-17,34.500000,35.000000,32.500000,34.287998,19.692265,211910
2004-02-18,34.250000,35.000000,33.553001,33.759998,19.389029,151500
2004-02-19,33.599998,33.755001,32.500000,32.728001,18.796328,327930
2004-02-20,32.099998,33.250000,32.099998,32.723000,18.793459,82130
2004-02-23,34.000000,34.000000,31.750000,31.889999,18.315048,101370
2004-02-24,31.950001,34.000000,31.924999,33.764999,19.391899,245770
2004-02-25,33.750000,34.750000,32.000000,32.723000,18.793459,247720
2004-02-26,33.450001,35.000000,33.250000,33.465000,19.219603,226480
2004-02-27,33.750000,33.775002,32.900002,33.748001,19.382133,149790
2004-03-01,34.500000,34.500000,32.950001,33.708000,19.359161,414990
2004-03-02,null,null,null,null,null,null
2004-03-03,34.395000,34.395000,33.049999,33.568001,19.278757,147880
2004-03-04,33.599998,33.750000,33.250000,33.612999,19.304600,224160
2004-03-05,33.500000,34.599998,33.400002,33.923000,19.482637,198710
2004-03-08,34.000000,35.500000,34.000000,34.973000,20.085678,287060
2004-03-09,34.000000,34.549999,33.750000,34.474998,19.799665,41890
2004-03-10,33.750000,34.150002,33.750000,33.865002,19.449331,143410
2004-03-11,33.700001,33.900002,33.275002,33.465000,19.219603,57500
2004-03-12,33.400002,34.549999,31.799999,34.438000,19.778418,213930
2004-03-15,33.400002,34.000000,32.799999,33.638000,19.318960,158500
2004-03-16,32.750000,33.750000,32.307999,32.882999,18.885347,92010
2004-03-17,33.450001,33.450001,32.525002,32.813000,18.845144,24230
2004-03-18,33.000000,33.000000,32.000000,32.044998,18.404068,38380
2004-03-19,32.002998,32.750000,31.500000,32.660000,18.757275,100090
2004-03-22,35.950001,35.950001,32.849998,33.595001,19.294266,149280
2004-03-23,33.250000,33.500000,31.750000,33.033001,18.971497,93840
2004-03-24,33.000000,33.340000,32.349998,32.884998,18.886496,122300
2004-03-25,69.000000,69.000000,65.699997,66.010002,37.910824,283020
2004-03-26,66.800003,67.000000,63.500000,64.830002,37.233135,130320
2004-03-29,64.000000,66.300003,63.599998,64.855003,37.247494,113220
2004-03-30,67.000000,67.000000,65.000000,65.205002,37.448505,187390
2004-03-31,66.000000,66.000000,64.709999,64.995003,37.327892,252710
2004-04-01,65.000000,65.900002,63.500000,64.190002,36.865574,247710
2004-04-02,64.900002,68.500000,64.199997,64.605003,37.103920,133460
2004-04-05,65.949997,67.500000,65.430000,65.705002,37.735661,355470
2004-04-06,69.900002,70.000000,65.000000,65.459999,37.594955,142110
2004-04-07,65.510002,67.500000,65.510002,65.735001,37.752888,160920
2004-04-08,66.599998,68.500000,65.900002,68.025002,39.068085,227150
2004-04-09,null,null,null,null,null,null
2004-04-12,68.699997,74.000000,68.699997,71.355003,40.980576,848170
2004-04-13,71.355003,73.489998,71.355003,72.000000,41.351006,513130
2004-04-14,null,null,null,null,null,null
2004-04-15,72.400002,74.000000,71.150002,72.864998,41.847782,403200
2004-04-16,73.589996,78.839996,71.305000,74.214996,42.623127,1130560
2004-04-19,74.625000,75.489998,72.504997,72.949997,41.896614,272840
2004-04-20,72.099998,75.400002,72.099998,74.775002,42.944740,228740
2004-04-21,74.500000,79.900002,73.800003,78.610001,45.147255,1636960
2004-04-22,78.699997,87.400002,78.699997,85.864998,49.313938,2390640
2004-04-23,85.000000,90.000000,81.000000,82.385002,47.315327,2241100
2004-04-26,null,null,null,null,null,null
2004-04-27,82.745003,86.480003,78.099998,81.449997,46.778316,1782580
2004-04-28,82.500000,84.900002,81.004997,82.430000,47.341148,1026230
2004-04-29,82.500000,82.500000,79.199997,80.695000,46.344715,781050
2004-04-30,81.000000,84.000000,80.000000,80.714996,46.356190,346840
2004-05-03,81.000000,82.500000,77.500000,81.510002,46.812778,580370
2004-05-04,82.500000,85.000000,82.500000,83.425003,47.912609,327470
2004-05-05,84.000000,87.000000,83.239998,86.720001,49.804996,570580
2004-05-06,88.500000,88.974998,84.205002,84.639999,48.610405,374640
2004-05-07,85.099998,85.540001,84.599998,85.029999,48.834385,431340
2004-05-10,83.010002,87.000000,83.010002,86.209999,49.512081,273900
2004-05-11,83.010002,85.150002,82.500000,83.555000,47.987259,405770
2004-05-12,83.599998,84.739998,82.025002,83.110001,47.731697,383460
2004-05-13,78.004997,85.300003,78.004997,83.949997,48.214123,474170
2004-05-14,84.800003,84.800003,67.500000,77.150002,44.308743,1059630
2004-05-17,77.209999,78.000000,61.840000,70.459999,40.466553,679340
2004-05-18,72.099998,74.900002,70.300003,74.129997,42.574314,728300
2004-05-19,76.989998,81.400002,76.625000,80.824997,46.419376,938980
2004-05-20,81.199997,81.900002,78.500000,79.930000,45.905346,256350
2004-05-21,78.010002,81.474998,76.599998,80.449997,46.204014,223460
2004-05-24,81.000000,85.000000,81.000000,84.330002,48.432362,252500
2004-05-25,82.699997,82.800003,78.434998,80.275002,46.103497,217650
2004-05-26,80.500000,83.099998,79.010002,80.050003,45.974285,315720
2004-05-27,80.500000,81.489998,79.010002,79.800003,45.830696,170550
2004-05-28,80.000000,80.900002,74.000000,75.029999,43.091194,443990
2004-05-31,76.000000,76.500000,67.730003,70.019997,40.213844,941000
2004-06-01,72.000000,72.000000,69.500000,71.474998,41.049484,791480
2004-06-02,71.400002,72.989998,70.000000,70.510002,40.495274,189280
2004-06-03,71.500000,72.000000,66.000000,66.059998,37.939541,460790
2004-06-04,66.500000,67.599998,64.199997,65.889999,37.841908,472530
2004-06-07,67.900002,70.000000,66.000000,66.629997,38.266907,168160
2004-06-08,63.810001,67.900002,63.810001,65.785004,37.781616,396670
2004-06-09,66.599998,68.500000,66.099998,67.989998,39.047981,245070
2004-06-10,67.900002,72.199997,67.699997,71.214996,40.900154,1562480
2004-06-11,70.800003,72.599998,70.699997,71.239998,40.914520,435940
2004-06-14,69.500000,70.300003,66.800003,68.419998,39.294941,422860
2004-06-15,68.400002,69.300003,66.000000,66.605003,38.252552,1741530
2004-06-16,68.900002,71.199997,67.110001,67.654999,38.855587,366510
2004-06-17,70.000000,72.500000,63.549999,64.894997,37.270458,2780990
2004-06-18,64.989998,65.099998,62.500000,63.014999,36.190742,1720260
2004-06-21,63.000000,63.950001,60.000000,60.814999,34.927238,767210
2004-06-22,60.799999,61.500000,59.090000,60.270000,34.614239,826730
2004-06-23,61.299999,61.889999,60.500000,60.805000,34.921486,673600
2004-06-24,61.000000,65.389999,58.799999,64.605003,37.103920,2099220
2004-06-25,68.500000,68.500000,62.250000,62.985001,36.173515,694290
2004-06-28,63.500000,65.400002,62.224998,62.785000,36.058655,2101540
2004-06-29,63.099998,65.190002,63.000000,64.790001,37.210163,755250
2004-06-30,62.099998,66.000000,62.099998,63.474998,36.454929,358760
2004-07-01,64.000000,64.699997,60.099998,63.334999,36.374527,207330
2004-07-02,63.500000,64.900002,62.799999,63.080002,36.228081,290070
2004-07-05,63.200001,64.800003,63.099998,64.305000,36.931614,323110
2004-07-06,64.004997,64.974998,62.799999,62.950001,36.153416,318360
2004-07-07,63.500000,64.500000,61.220001,61.470001,35.303417,516060
2004-07-08,61.860001,65.000000,61.000000,61.674999,35.421154,1207010
2004-07-09,61.599998,62.750000,60.500000,61.994999,35.604939,290980
2004-07-12,62.490002,62.790001,60.500000,61.014999,35.042107,291440
2004-07-13,61.994999,62.200001,61.000000,61.115002,39.284576,381500
2004-07-14,61.994999,61.994999,59.630001,60.035000,38.590351,286670
2004-07-15,60.880001,60.950001,58.000000,59.849998,38.471428,754960
2004-07-16,61.000000,63.000000,60.400002,62.700001,40.303402,848320
2004-07-19,63.200001,63.500000,60.500000,60.889999,39.139938,683500
2004-07-20,61.799999,62.400002,61.200001,62.099998,39.917728,340250
2004-07-21,62.400002,62.689999,61.529999,61.945000,39.818096,258970
2004-07-22,62.049999,62.990002,61.799999,61.950001,39.821301,362160
2004-07-23,61.799999,62.299999,61.099998,61.544998,39.560974,276100
2004-07-26,61.799999,63.000000,61.500000,62.634998,40.261620,396340
2004-07-27,63.500000,64.489998,62.000000,62.505001,40.178059,595490
2004-07-28,62.500000,62.994999,61.299999,61.505001,39.535263,120760
2004-07-29,62.299999,62.439999,59.320000,61.485001,39.522404,477250
2004-07-30,61.000000,63.500000,60.700001,62.130001,39.937012,620690
2004-08-02,62.490002,62.490002,61.000000,61.160000,39.313496,203980
2004-08-03,61.400002,61.994999,61.000000,61.049999,39.242786,130690
2004-08-04,61.700001,61.700001,61.299999,61.540001,39.557755,222200
2004-08-05,61.700001,62.500000,61.500000,62.090000,39.911297,473980
2004-08-06,62.095001,62.500000,62.000000,62.095001,39.914509,209520
2004-08-09,62.000000,63.990002,61.705002,63.189999,40.618374,295180
2004-08-10,63.500000,64.074997,63.000000,63.564999,40.859421,320700
2004-08-11,64.000000,66.400002,63.509998,65.099998,41.846123,921310
2004-08-12,65.599998,69.370003,64.720001,68.184998,43.829147,1088100
2004-08-13,69.000000,69.000000,66.364998,67.305000,43.263493,1408870
2004-08-16,66.199997,68.419998,65.154999,65.949997,42.392490,490790
2004-08-17,66.480003,67.500000,66.300003,67.080002,43.118866,327840
2004-08-18,67.199997,67.400002,55.619999,64.029999,41.158321,471790
2004-08-19,64.500000,66.500000,64.400002,65.089996,41.839687,535480
2004-08-20,65.000000,66.300003,64.500000,65.305000,41.977894,249550
2004-08-23,65.199997,66.849998,65.004997,65.605003,42.170727,255690
2004-08-24,66.000000,67.000000,65.599998,66.440002,42.707466,304110
2004-08-25,66.800003,68.000000,65.699997,67.739998,43.543102,342920
2004-08-26,68.000000,68.500000,67.254997,67.870003,43.626671,338540
2004-08-27,66.000000,68.690002,66.000000,67.800003,43.581669,533020
2004-08-30,68.000000,68.400002,67.199997,67.949997,43.678085,130070
2004-08-31,68.790001,68.790001,66.800003,67.375000,43.308479,139730
2004-09-01,67.699997,67.800003,65.599998,66.019997,42.437489,194630
2004-09-02,66.495003,67.000000,65.000000,65.080002,41.833260,226020
2004-09-03,65.500000,66.639999,65.500000,65.724998,42.247864,119680
2004-09-06,69.989998,69.989998,65.500000,66.745003,42.903519,176030
2004-09-07,67.400002,69.000000,66.610001,68.915001,44.298389,533380
2004-09-08,69.705002,70.900002,68.800003,70.565002,45.359001,770450
2004-09-09,73.555000,73.555000,64.209999,69.309998,44.552296,797920
2004-09-10,69.599998,70.489998,69.199997,69.699997,44.802982,357310
2004-09-13,71.400002,71.400002,70.099998,70.504997,45.320438,285980
2004-09-14,70.864998,71.500000,68.199997,69.019997,44.365883,555160
2004-09-15,69.800003,70.500000,68.629997,68.959999,44.327320,681710
2004-09-16,69.199997,69.500000,67.580002,67.910004,43.652382,371310
2004-09-17,69.525002,69.525002,67.599998,68.550003,44.063766,449320
2004-09-20,69.099998,69.099998,67.500000,67.864998,43.623455,526350
2004-09-21,68.699997,68.764999,67.239998,67.504997,43.392036,222390
2004-09-22,67.900002,68.375000,66.625000,66.885002,42.993507,549680
2004-09-23,67.300003,70.385002,67.000000,69.230003,44.500874,2050460
2004-09-24,68.900002,72.500000,68.900002,71.010002,45.645050,2212650
2004-09-27,71.504997,73.000000,70.800003,71.535004,45.982513,1872660
2004-09-28,71.500000,72.589996,71.199997,71.815002,46.162502,1120350
2004-09-29,71.500000,73.000000,71.500000,72.815002,46.805302,1157640
2004-09-30,73.000000,73.500000,72.400002,73.029999,46.943489,497020
2004-10-01,73.000000,73.540001,71.800003,72.739998,46.757088,511750
2004-10-04,72.900002,74.199997,72.150002,73.754997,47.409534,668890
2004-10-05,74.099998,74.400002,71.500000,72.080002,46.332851,783520
2004-10-06,72.599998,73.099998,72.309998,72.589996,46.660667,609250
2004-10-07,72.400002,73.000000,70.805000,71.099998,45.702900,521940
2004-10-08,71.110001,72.309998,69.099998,70.029999,45.015106,605990
2004-10-11,71.495003,71.495003,69.000000,69.169998,44.462303,289010
2004-10-12,68.900002,69.099998,66.199997,67.125000,43.147781,686440
2004-10-13,null,null,null,null,null,null
2004-10-14,67.199997,68.500000,65.199997,67.144997,43.160637,682300
2004-10-15,67.989998,67.989998,65.900002,66.245003,42.582123,373760
2004-10-18,67.400002,67.400002,63.209999,63.790001,41.004047,928220
2004-10-19,64.514999,66.970001,63.500000,64.540001,41.486149,1399660
2004-10-20,64.400002,65.389999,64.014999,64.339996,41.357586,349600
2004-10-21,64.794998,64.900002,63.005001,63.285000,40.679440,262980
2004-10-22,null,null,null,null,null,null
2004-10-25,63.994999,63.994999,61.799999,62.540001,40.200558,239790
2004-10-26,62.990002,62.990002,60.599998,60.950001,39.178505,632380
2004-10-27,60.130001,61.540001,55.459999,60.744999,39.046738,710510
2004-10-28,61.000000,63.595001,59.500000,61.200001,39.339214,2864220
2004-10-29,60.509998,63.099998,60.509998,62.020000,39.866295,1263280
2004-11-01,62.200001,63.500000,62.200001,62.605000,40.242340,672040
2004-11-02,62.700001,63.244999,62.200001,62.480000,40.161983,717940
2004-11-03,62.900002,63.200001,62.500000,62.919998,40.444813,1047870
2004-11-04,63.700001,65.000000,63.000000,63.535000,40.840137,1128140
2004-11-05,63.099998,64.000000,60.000000,63.070000,40.541241,263550
2004-11-08,63.799999,64.000000,62.500000,62.540001,40.200558,295830
2004-11-09,63.185001,63.200001,62.205002,62.355000,40.081642,204950
2004-11-10,62.189999,63.000000,62.189999,62.700001,40.303402,338230
2004-11-11,63.195000,63.200001,62.500000,62.674999,40.287334,198750
2004-11-12,62.709999,63.200001,62.599998,62.825001,40.383759,35360
2004-11-15,null,null,null,null,null,null
2004-11-16,62.790001,63.244999,62.500000,63.160000,40.599087,148650
2004-11-17,63.099998,63.389999,62.825001,63.009998,40.502666,258450
2004-11-18,63.000000,64.400002,63.000000,64.230003,41.286888,325250
2004-11-19,64.889999,64.900002,63.200001,63.965000,41.116543,463650
2004-11-22,62.099998,64.400002,62.099998,63.009998,40.502666,162770
2004-11-23,63.849998,64.599998,63.724998,63.910000,41.081184,194330
2004-11-24,65.419998,67.199997,62.500000,63.584999,40.872280,126130
2004-11-25,63.990002,64.000000,63.000000,63.240002,40.650513,131450
2004-11-26,null,null,null,null,null,null
2004-11-29,63.875000,63.875000,62.610001,63.380001,40.740501,159100
2004-11-30,63.990002,63.990002,63.174999,63.480000,40.804779,1223000
2004-12-01,62.500000,63.849998,62.500000,63.485001,40.807999,152150
2004-12-02,63.750000,64.199997,62.000000,63.619999,40.894775,533350
2004-12-03,64.400002,68.000000,63.450001,64.919998,41.730408,1395280
2004-12-06,65.000000,69.000000,64.900002,67.970001,43.690948,1641790
2004-12-07,68.514999,69.500000,67.000000,67.480003,43.375973,814210
2004-12-08,67.500000,68.190002,66.949997,67.065002,43.109219,234980
2004-12-09,67.599998,67.720001,67.000000,67.375000,43.308479,157150
2004-12-10,67.000000,67.389999,66.599998,66.709999,42.881023,378380
2004-12-13,65.305000,67.599998,65.305000,66.684998,42.864952,152150
2004-12-14,67.470001,68.945000,66.764999,68.720001,44.173042,590740
2004-12-15,69.199997,70.900002,69.000000,70.385002,45.243309,1358210
2004-12-16,71.400002,72.300003,70.580002,71.885002,46.207504,720570
2004-12-17,72.000000,73.879997,71.949997,72.889999,46.853512,795820
2004-12-20,74.500000,74.500000,71.599998,72.580002,46.654251,721110
2004-12-21,72.500000,73.300003,72.500000,73.004997,46.927425,343080
2004-12-22,74.000000,74.000000,72.300003,72.565002,46.644604,310340
2004-12-23,72.559998,73.199997,72.254997,72.790001,46.789242,280670
2004-12-24,72.900002,72.900002,71.000000,71.730003,46.107868,93780
2004-12-27,72.000000,73.000000,69.800003,70.230003,45.143669,190920
2004-12-28,70.699997,71.375000,69.010002,69.535004,44.696922,549130
2004-12-29,70.114998,70.500000,69.000000,69.480003,44.661568,585500
2004-12-30,69.989998,70.000000,68.705002,69.059998,44.391594,133420
2004-12-31,69.500000,69.790001,68.510002,68.889999,44.282318,155890
2005-01-03,69.495003,69.500000,68.500000,68.695000,44.156979,229630
2005-01-04,71.500000,73.989998,68.449997,68.639999,44.121624,760540
2005-01-05,69.500000,69.500000,65.500000,67.654999,43.488468,337740
2005-01-06,66.010002,67.000000,62.900002,64.404999,41.399372,248590
2005-01-07,68.000000,68.000000,65.000000,65.540001,42.128952,212030
2005-01-10,65.254997,67.500000,65.254997,66.364998,42.659256,119980
2005-01-11,66.500000,67.970001,65.000000,65.860001,42.334648,733080
2005-01-12,68.500000,68.500000,63.299999,64.790001,41.646854,239960
2005-01-13,65.000000,65.900002,63.500000,63.825001,41.026562,209650
2005-01-14,64.889999,64.989998,61.900002,62.174999,39.965931,167270
2005-01-17,62.950001,62.950001,57.000000,58.410000,37.545803,670400
2005-01-18,69.779999,69.779999,58.700001,59.174999,38.037544,731030
2005-01-19,59.200001,59.200001,56.500000,56.645000,36.411263,391270
2005-01-20,56.000000,58.500000,55.500000,55.735001,35.826317,200650
2005-01-24,56.400002,56.750000,52.064999,52.520000,33.759724,340330
2005-01-25,52.000000,53.400002,48.200001,51.514999,33.113712,1449660
2005-01-27,52.000000,58.500000,51.599998,56.660000,36.420902,1040800
2005-01-28,58.060001,60.500000,57.855000,58.244999,37.439735,895460
2005-01-31,59.445000,61.000000,59.000000,59.695000,38.371796,1022240
2005-02-01,60.200001,60.775002,59.005001,59.520000,38.259308,499030
2005-02-02,59.900002,59.900002,58.000000,58.395000,37.536160,312510
2005-02-03,58.500000,59.000000,57.500000,57.750000,37.121552,212440
2005-02-04,58.845001,58.845001,54.200001,54.450001,35.000317,747430
2005-02-07,55.900002,55.974998,52.400002,52.830002,33.958988,758650
2005-02-08,53.994999,54.599998,53.105000,53.755001,34.553581,392980
2005-02-09,54.355000,55.220001,54.299999,54.939999,35.315292,218780
2005-02-10,55.900002,55.900002,54.500000,55.439999,35.636688,201070
2005-02-11,54.799999,56.200001,54.799999,55.645000,35.768471,198330
2005-02-14,56.000000,56.299999,54.599998,55.935001,35.954876,312020
2005-02-15,55.299999,56.500000,55.299999,56.320000,36.202354,257740
2005-02-16,57.400002,57.400002,56.200001,56.735001,36.469124,152780
2005-02-17,56.299999,56.990002,55.200001,55.685001,35.794178,249570
2005-02-18,57.090000,57.090000,50.755001,55.665001,35.781322,190390
2005-02-21,56.299999,56.299999,55.000000,55.005001,35.357079,212950
2005-02-22,55.299999,55.799999,55.209999,55.535000,35.697754,105990
2005-02-23,55.209999,56.500000,55.209999,55.834999,35.890594,80380
2005-02-24,56.200001,56.400002,55.904999,56.005001,35.999874,78620
2005-02-25,56.389999,56.439999,55.700001,55.825001,35.884171,112360
2005-02-28,55.000000,57.125000,55.000000,55.785000,35.858456,132330
2005-03-01,55.709999,56.049999,54.200001,54.955002,35.324944,161750
2005-03-02,55.200001,56.494999,54.900002,56.115002,36.070583,130160
2005-03-03,56.200001,56.799999,55.810001,56.330002,36.208778,102590
2005-03-04,58.000000,59.150002,57.000000,58.855000,37.831841,852140
2005-03-07,59.990002,61.000000,58.000000,59.599998,38.310726,252160
2005-03-08,60.000000,62.395000,58.525002,60.785000,39.072449,206750
2005-03-09,61.490002,62.000000,59.200001,61.215000,39.348850,356770
2005-03-10,61.400002,61.599998,60.099998,60.849998,39.114223,113370
2005-03-11,61.400002,61.900002,58.959999,59.180000,38.040760,225620
2005-03-14,61.000000,61.000000,54.000000,57.799999,37.153694,491700
2005-03-15,58.500000,59.000000,57.110001,58.099998,37.346535,144680
2005-03-16,58.500000,58.500000,57.005001,57.445000,36.925503,220940
2005-03-17,57.849998,57.869999,56.000000,56.070000,36.041656,56380
2005-03-18,56.669998,56.985001,56.099998,56.154999,36.096294,68110
2005-03-21,56.669998,57.500000,55.900002,55.994999,35.993446,115320
2005-03-22,56.439999,56.849998,55.860001,56.025002,36.012733,96960
2005-03-23,56.849998,56.849998,55.000000,55.689999,35.797394,167400
2005-03-24,56.400002,56.400002,54.099998,54.400002,34.968182,135140
2005-03-28,54.790001,57.000000,54.410000,56.165001,36.102722,224190
2005-03-29,55.209999,56.000000,54.450001,55.125000,35.434212,67150
2005-03-30,56.509998,56.509998,54.799999,55.275002,35.530632,64100
2005-03-31,55.099998,55.669998,53.615002,54.709999,35.167450,154740
2005-04-01,54.869999,57.500000,54.020000,56.645000,36.411263,146800
2005-04-04,57.080002,59.700001,56.500000,58.849998,37.828632,179670
2005-04-05,59.450001,60.000000,58.514999,58.930000,37.880058,96540
2005-04-06,59.099998,59.299999,57.799999,57.845001,37.182625,32750
2005-04-07,58.799999,58.799999,57.000000,57.070000,36.684452,136430
2005-04-08,58.200001,58.500000,56.500000,57.200001,36.768021,71940
2005-04-11,59.875000,59.875000,54.500000,54.904999,35.292793,197340
2005-04-12,56.000000,56.299999,54.009998,54.389999,34.961750,103920
2005-04-13,55.500000,56.000000,54.900002,55.549999,35.707401,98060
2005-04-15,55.000000,55.500000,53.605000,54.384998,34.958546,276120
2005-04-18,53.500000,54.299999,52.790001,53.980000,34.698208,231950
2005-04-19,54.900002,54.900002,53.865002,54.070000,34.756065,434090
2005-04-20,54.990002,54.990002,53.000000,54.064999,34.752850,58480
2005-04-21,54.500000,55.900002,54.000000,55.250000,35.514557,40940
2005-04-22,57.000000,57.000000,55.000000,55.529999,35.694550,611560
2005-04-25,55.599998,56.200001,55.505001,55.985001,35.987019,38730
2005-04-26,56.099998,56.500000,55.650002,56.240002,36.150928,26640
2005-04-27,53.000000,58.700001,53.000000,57.215000,36.777653,230580
2005-04-28,57.500000,57.500000,56.105000,56.919998,36.588039,88200
2005-04-29,56.099998,56.799999,55.500000,56.445000,36.282700,81350
2005-05-02,55.599998,56.000000,52.849998,54.070000,34.756065,131590
2005-05-03,54.500000,55.799999,54.000000,55.439999,35.636688,21690
2005-05-04,56.000000,56.294998,54.900002,55.825001,35.884171,37350
2005-05-05,56.299999,62.599998,56.200001,61.634998,39.618828,1633280
2005-05-06,62.000000,64.940002,60.025002,61.200001,39.339214,989840
2005-05-09,61.400002,61.470001,58.810001,59.935001,38.526070,367160
2005-05-10,60.000000,60.799999,58.165001,60.189999,38.689983,155340
2005-05-11,59.500000,61.799999,59.500000,60.310001,38.767120,180940
2005-05-12,60.689999,61.500000,60.325001,61.020000,39.223503,338000
2005-05-13,60.799999,61.200001,60.299999,60.994999,39.207436,1005630
2005-05-16,61.000000,62.500000,61.000000,61.494999,39.528831,101590
2005-05-17,61.500000,61.700001,60.799999,61.014999,39.220291,70020
2005-05-18,60.794998,60.794998,55.525002,59.750000,38.407154,514330
2005-05-19,61.700001,61.700001,59.805000,60.250000,38.728550,83490
2005-05-20,60.610001,61.200001,60.119999,60.720001,39.030666,157160
2005-05-23,60.000000,63.900002,60.000000,62.564999,40.216621,1034500
2005-05-24,62.500000,63.595001,62.500000,63.200001,40.624802,917480
2005-05-25,63.895000,65.699997,62.509998,63.665001,40.923702,833200
2005-05-26,64.050003,66.000000,61.599998,62.810001,40.374111,1481150
2005-05-27,58.110001,65.199997,58.110001,62.735001,40.325897,1034330
2005-05-30,63.840000,64.199997,62.200001,62.560001,40.213417,319420
2005-05-31,63.000000,64.000000,61.110001,62.330002,40.065563,633290
2005-06-01,62.400002,62.400002,61.014999,61.509998,39.538475,799280
2005-06-02,61.500000,67.199997,61.230000,65.245003,41.939323,3604950
2005-06-03,66.389999,67.699997,65.099998,66.605003,42.813526,2933470
2005-06-06,68.470001,68.599998,66.930000,67.055000,43.102791,1024290
2005-06-07,67.500000,68.199997,66.305000,67.555000,43.424191,669830
2005-06-08,67.800003,68.400002,66.519997,66.839996,42.964584,1056390
2005-06-09,67.584999,68.400002,65.105003,65.529999,42.122520,436650
2005-06-10,66.000000,70.800003,66.000000,69.089996,44.410877,2427030
2005-06-13,69.900002,73.949997,69.400002,73.135002,47.011005,4365090
2005-06-14,72.900002,74.790001,70.599998,71.160004,45.741467,2300400
2005-06-15,71.699997,73.000000,71.449997,72.250000,46.442120,1258390
2005-06-16,72.305000,73.050003,69.699997,70.510002,45.323658,782540
2005-06-17,70.995003,71.500000,69.199997,69.485001,44.664787,491300
2005-06-20,70.889999,70.889999,68.004997,68.495003,44.028416,483380
2005-06-21,67.000000,70.980003,67.000000,69.760002,44.841553,590360
2005-06-22,69.839996,71.190002,69.800003,70.154999,45.095459,799370
2005-06-23,71.400002,71.400002,68.800003,70.029999,45.015106,596110
2005-06-24,69.000000,72.000000,68.894997,70.764999,45.487560,821830
2005-06-27,69.699997,72.199997,69.599998,71.239998,45.792892,992750
2005-06-28,71.599998,71.599998,68.500000,69.120003,44.430168,449460
2005-06-29,69.500000,69.790001,68.525002,69.099998,44.417305,245340
2005-06-30,69.550003,72.199997,69.300003,69.894997,44.928329,762300
2005-07-01,70.000000,71.190002,70.000000,70.379997,45.240086,382780
2005-07-04,70.989998,72.199997,70.599998,71.970001,46.262135,1019180
2005-07-05,72.599998,72.989998,69.205002,69.764999,44.844761,653430
2005-07-06,70.000000,71.550003,70.000000,70.279999,45.175812,379420
2005-07-07,70.599998,70.599998,68.099998,68.535004,44.054123,314330
2005-07-08,70.349998,70.900002,69.004997,70.570000,45.362225,289430
2005-07-11,71.800003,71.900002,69.900002,70.510002,45.323658,502500
2005-07-12,70.849998,71.699997,70.699997,71.144997,45.731834,729200
2005-07-13,71.900002,73.199997,71.639999,72.084999,46.336052,1164080
2005-07-14,72.500000,72.699997,70.900002,71.360001,45.870026,338610
2005-07-15,71.699997,73.025002,70.824997,72.595001,51.340347,635210
2005-07-18,73.000000,75.000000,73.000000,73.945000,52.295082,1672700
2005-07-19,74.900002,77.000000,72.504997,73.059998,51.669201,1521690
2005-07-20,75.379997,75.389999,72.599998,73.195000,51.764671,624320
2005-07-21,76.000000,79.900002,70.900002,71.519997,50.580090,1566470
2005-07-22,72.695000,73.589996,71.535004,71.824997,50.795788,670840
2005-07-25,73.349998,73.349998,70.699997,70.830002,50.092113,981010
2005-07-26,71.019997,71.900002,67.120003,69.845001,49.395512,313910
2005-07-27,70.900002,70.900002,69.250000,70.004997,49.508659,245160
2005-07-28,null,null,null,null,null,null
2005-07-29,69.800003,70.300003,68.500000,69.290001,49.002991,418080
2005-08-01,70.875000,74.400002,67.849998,70.305000,49.720825,690440
2005-08-02,70.500000,70.699997,70.110001,70.290001,49.710209,576670
2005-08-03,70.699997,75.000000,69.699997,71.544998,50.597771,4386220
2005-08-04,71.599998,72.339996,69.000000,69.540001,49.179802,1431520
2005-08-05,69.989998,71.800003,69.989998,71.279999,50.410343,1459230
2005-08-08,71.995003,72.995003,71.000000,71.764999,50.753361,1681110
2005-08-09,72.800003,72.989998,70.550003,70.845001,50.102726,753940
2005-08-10,67.510002,71.599998,65.699997,70.824997,50.088585,376730
2005-08-11,71.199997,73.500000,70.809998,72.919998,51.570190,934690
2005-08-12,73.995003,73.995003,72.500000,73.394997,51.906109,865190
2005-08-16,73.440002,78.760002,73.250000,77.480003,54.795082,3199820
2005-08-17,77.900002,78.599998,75.449997,75.849998,53.642338,914940
2005-08-18,75.690002,77.370003,74.205002,74.830002,52.920971,1041200
2005-08-19,76.250000,78.800003,76.000000,78.040001,55.191132,1777010
2005-08-22,78.000000,80.900002,76.510002,78.055000,55.201748,2011060
2005-08-23,78.500000,79.900002,76.004997,76.415001,54.041912,1125270
2005-08-24,76.000000,77.849998,75.000000,77.214996,54.607685,880510
2005-08-25,77.500000,78.000000,76.500000,77.500000,54.809238,429410
2005-08-26,77.800003,78.599998,76.555000,77.665001,54.925926,756630
2005-08-29,77.449997,77.949997,76.010002,77.800003,55.021404,449770
2005-08-30,78.639999,78.639999,76.199997,76.735001,54.268223,535010
2005-08-31,77.480003,77.889999,76.625000,76.970001,54.434414,311800
2005-09-01,77.790001,77.790001,76.309998,76.970001,54.434414,142860
2005-09-02,77.695000,82.489998,76.209999,78.980003,55.855923,2749660
2005-09-05,79.894997,79.995003,77.199997,77.834999,55.046154,613170
2005-09-06,78.934998,78.934998,77.709999,78.199997,55.304291,229350
2005-09-08,78.000000,79.000000,77.199997,77.754997,54.989578,360990
2005-09-09,78.900002,78.900002,76.410004,76.934998,54.409657,459440
2005-09-12,77.199997,78.400002,76.125000,77.945000,55.123943,485240
2005-09-13,77.099998,79.000000,76.099998,76.845001,54.346024,1338290
2005-09-14,77.495003,78.989998,75.114998,75.714996,53.546852,881740
2005-09-15,77.000000,77.500000,75.900002,76.464996,54.077259,771170
2005-09-16,76.599998,77.489998,76.004997,76.455002,54.070194,580350
2005-09-19,76.500000,77.400002,76.199997,76.885002,54.374298,734520
2005-09-20,76.114998,76.699997,75.000000,76.269997,53.939362,519860
2005-09-21,76.500000,76.800003,72.114998,76.000000,53.748425,992660
2005-09-22,74.000000,75.459999,72.150002,72.644997,51.375694,1009360
2005-09-23,74.000000,76.500000,72.114998,75.544998,53.426632,827970
2005-09-26,77.000000,77.934998,75.010002,77.565002,54.855206,372100
2005-09-27,77.599998,78.000000,76.500000,77.525002,54.826916,441230
2005-09-28,77.995003,78.500000,76.000000,76.415001,54.041912,228640
2005-09-29,77.000000,77.889999,75.110001,75.570000,53.444309,454340
2005-09-30,77.389999,77.389999,73.889999,75.614998,53.476139,501390
2005-10-03,75.790001,77.089996,75.790001,76.514999,54.112637,233770
2005-10-04,77.199997,82.889999,76.500000,82.320000,58.218029,3861680
2005-10-05,82.415001,83.349998,78.279999,79.000000,55.870052,936490
2005-10-06,79.000000,79.500000,77.099998,77.519997,54.823391,2369360
2005-10-07,78.995003,79.394997,77.400002,78.389999,55.438660,350390
2005-10-10,78.000000,79.000000,76.500000,77.110001,54.533432,181420
2005-10-11,77.000000,79.889999,76.010002,77.705002,54.954220,295170
2005-10-13,77.000000,80.800003,77.000000,79.059998,55.912502,571930
2005-10-14,77.904999,78.500000,75.724998,76.209999,53.896923,277880
2005-10-17,77.500000,77.989998,74.250000,74.739998,52.857323,320330
2005-10-18,77.000000,77.000000,74.000000,74.559998,52.730019,113520
2005-10-19,74.500000,75.180000,72.199997,73.934998,52.288013,996150
2005-10-20,75.279999,76.000000,73.000000,73.495003,51.976841,497590
2005-10-21,74.099998,74.139999,72.714996,73.474998,51.962696,793100
2005-10-24,74.199997,74.400002,71.320000,72.040001,50.947845,442810
2005-10-25,72.785004,72.785004,70.199997,70.514999,49.869339,159290
2005-10-26,70.500000,71.285004,69.349998,69.669998,49.271736,564670
2005-10-27,70.000000,70.000000,68.500000,69.035004,48.822659,434010
2005-10-28,69.400002,70.800003,68.400002,69.904999,49.437931,306550
2005-10-31,70.739998,71.400002,69.199997,70.250000,49.681934,364640
2005-11-02,68.500000,72.785004,68.500000,70.400002,49.788006,310370
2005-11-04,null,null,null,null,null,null
2005-11-07,66.610001,71.385002,66.565002,70.089996,49.568760,205590
2005-11-08,71.000000,72.000000,70.099998,71.209999,50.360851,345570
2005-11-09,72.500000,73.379997,70.610001,71.035004,50.237091,350870
2005-11-10,71.794998,72.334999,71.500000,71.669998,50.686172,104380
2005-11-11,72.879997,72.879997,71.125000,71.389999,50.488155,1297590
2005-11-14,71.800003,72.500000,71.500000,71.540001,50.594234,329150
2005-11-16,73.989998,73.989998,71.500000,71.584999,50.626057,141600
2005-11-17,71.699997,73.900002,71.599998,73.040001,51.655060,380900
2005-11-18,72.989998,73.300003,72.489998,73.165001,51.743462,230660
2005-11-21,70.000000,73.595001,69.300003,73.375000,51.891972,182880
2005-11-22,73.599998,75.199997,73.000000,73.599998,52.051098,535230
2005-11-23,73.970001,74.389999,73.099998,74.019997,52.348129,326690
2005-11-24,74.309998,75.349998,74.000000,74.519997,52.701733,167020
2005-11-25,77.790001,77.790001,72.105003,75.955002,53.716587,192410
2005-11-28,77.000000,78.500000,74.639999,76.290001,53.953506,746960
2005-11-29,75.980003,76.294998,73.099998,75.760002,53.578682,254400
2005-11-30,76.500000,76.500000,74.800003,75.584999,53.454929,331900
2005-12-01,75.410004,77.500000,75.014999,76.415001,54.041912,459970
2005-12-02,77.449997,77.500000,75.324997,76.169998,53.868641,169220
2005-12-05,75.500000,77.400002,73.514999,74.309998,52.553215,166550
2005-12-06,74.900002,77.000000,74.709999,75.470001,53.373585,435340
2005-12-07,76.000000,76.400002,75.300003,76.004997,53.751953,820040
2005-12-08,75.900002,77.500000,75.605003,75.824997,53.624649,186160
2005-12-09,75.849998,76.500000,75.000000,76.114998,53.829750,132980
2005-12-12,75.800003,77.800003,75.300003,76.135002,53.843884,603170
2005-12-13,76.900002,76.949997,75.904999,76.019997,53.762562,563160
2005-12-14,76.699997,77.489998,76.300003,76.360001,54.003014,285340
2005-12-15,76.599998,77.199997,76.099998,76.370003,54.010086,269130
2005-12-16,76.800003,78.500000,75.849998,77.699997,54.950680,633910
2005-12-19,78.000000,78.500000,76.099998,76.370003,54.010086,346290
2005-12-20,76.400002,77.000000,75.275002,76.089996,53.812065,305360
2005-12-21,74.889999,76.800003,74.889999,76.089996,53.812065,128490
2005-12-22,76.300003,76.699997,76.000000,76.519997,54.116165,199380
2005-12-23,76.800003,76.800003,76.000000,76.010002,53.755489,415120
2005-12-26,75.500000,75.870003,75.099998,75.430000,53.345306,86670
2005-12-27,75.025002,76.309998,75.000000,75.500000,53.394806,136820
2005-12-28,75.010002,76.389999,75.000000,75.709999,53.543327,799460
2005-12-29,75.800003,76.000000,75.125000,75.430000,53.345306,1206290
2005-12-30,75.550003,76.900002,75.550003,76.540001,54.130306,439120
2006-01-02,77.400002,77.400002,76.525002,77.029999,54.476845,84490
2006-01-03,77.500000,80.400002,76.805000,78.864998,55.774593,835900
2006-01-04,79.404999,81.599998,79.404999,80.224998,56.736401,863980
2006-01-05,80.300003,81.699997,80.105003,80.739998,57.100616,498350
2006-01-06,83.000000,84.500000,82.029999,83.830002,59.285919,791440
2006-01-09,84.900002,86.504997,83.445000,83.785004,59.254093,956230
2006-01-10,84.790001,85.000000,82.650002,83.300003,58.911106,328280
2006-01-12,80.599998,83.470001,80.150002,81.000000,57.284485,252500
2006-01-13,79.004997,82.449997,79.004997,80.339996,56.817730,178610
2006-01-16,81.250000,81.250000,78.500000,78.800003,55.728619,237240
2006-01-17,79.400002,80.394997,78.004997,78.470001,55.495239,286410
2006-01-18,78.599998,79.970001,77.205002,77.370003,54.717308,131900
2006-01-19,77.099998,80.555000,77.099998,79.775002,56.418159,360800
2006-01-20,78.800003,80.000000,78.800003,79.570000,56.273174,112470
2006-01-23,80.099998,80.099998,77.099998,77.815002,55.032017,102560
2006-01-24,77.500000,80.000000,77.500000,78.959999,55.841782,324490
2006-01-25,78.995003,79.000000,78.099998,78.915001,55.809959,135970
2006-01-27,78.699997,79.000000,77.315002,78.480003,55.502319,589170
2006-01-30,80.900002,82.790001,80.000000,82.355003,58.242775,930790
2006-01-31,82.900002,85.589996,82.900002,84.370003,59.667809,599250
2006-02-01,84.870003,85.230003,82.209999,82.855003,58.596386,496890
2006-02-02,84.599998,84.794998,81.735001,82.205002,58.136681,191350
2006-02-03,79.209999,84.500000,79.209999,83.989998,59.399071,528150
2006-02-06,84.995003,88.889999,83.125000,88.025002,62.252689,612030
2006-02-07,88.000000,89.300003,85.500000,85.790001,60.672050,388020
2006-02-08,86.989998,87.500000,85.110001,86.510002,61.181252,394400
2006-02-10,86.500000,91.779999,86.500000,91.040001,64.384956,1390250
2006-02-13,91.000000,95.900002,89.000000,95.165001,67.302223,1162780
2006-02-14,96.000000,96.500000,93.699997,95.025002,67.203201,812580
2006-02-15,96.000000,96.000000,92.389999,94.900002,67.114792,390170
2006-02-16,94.750000,99.400002,93.500000,96.684998,68.377174,929790
2006-02-17,94.000000,99.000000,92.250000,93.714996,66.276749,314800
2006-02-20,93.714996,95.400002,89.900002,94.235001,66.644501,526530
2006-02-21,95.400002,97.500000,95.000000,96.815002,68.469116,320820
2006-02-22,97.500000,98.000000,94.000000,97.529999,68.974785,358010
2006-02-23,97.199997,99.544998,97.199997,99.074997,70.067429,338230
2006-02-24,99.900002,100.400002,93.555000,96.510002,68.253418,377470
2006-02-27,99.000000,99.000000,95.529999,96.050003,67.928101,145020
2006-02-28,96.940002,97.625000,92.004997,93.720001,66.280281,248360
2006-03-01,94.440002,94.440002,91.500000,91.980003,65.049736,1011690
2006-03-02,94.400002,94.500000,93.000000,94.025002,66.495987,231940
2006-03-03,94.500000,94.500000,92.500000,94.089996,66.541954,243670
2006-03-06,92.000000,96.000000,92.000000,95.055000,67.224426,141250
2006-03-07,95.199997,98.300003,94.599998,97.480003,68.939423,317820
2006-03-08,97.099998,98.000000,92.305000,93.464996,66.099937,333150
2006-03-09,96.000000,97.000000,92.250000,96.345001,68.136726,311850
2006-03-10,96.400002,98.199997,95.000000,97.305000,68.815659,161340
2006-03-13,97.300003,97.695000,95.000000,96.480003,68.232224,93890
2006-03-14,96.750000,96.750000,93.500000,94.195000,66.616203,168420
2006-03-16,99.000000,99.000000,94.050003,95.004997,67.189049,390090
2006-03-17,96.000000,96.000000,94.209999,95.014999,67.196114,298830
2006-03-20,95.000000,98.800003,94.025002,95.080002,67.242096,166660
2006-03-21,95.800003,95.800003,94.010002,95.004997,67.189049,131950
2006-03-22,95.199997,97.489998,94.224998,96.714996,68.398392,285620
2006-03-23,97.000000,97.949997,93.000000,94.004997,66.481834,236450
2006-03-24,96.000000,96.000000,93.599998,94.144997,66.580849,162520
2006-03-27,94.500000,95.300003,93.000000,93.779999,66.322708,132710
2006-03-28,94.000000,94.995003,92.300003,92.550003,65.452843,119450
2006-03-29,93.000000,97.800003,92.500000,96.235001,68.058937,393900
2006-03-30,97.000000,103.599998,97.000000,99.644997,70.470528,1925310
2006-03-31,101.199997,104.599998,99.510002,101.394997,71.708160,1568680
2006-04-03,104.400002,107.000000,104.000000,105.830002,74.844681,906340
2006-04-04,106.000000,106.500000,104.000000,105.690002,74.745659,674530
2006-04-05,105.000000,105.974998,104.400002,105.059998,74.300102,611470
2006-04-07,102.500000,112.000000,101.055000,104.830002,74.137451,2015910
2006-04-10,104.500000,111.989998,104.500000,107.669998,76.145943,764200
2006-04-12,108.000000,109.000000,101.099998,102.930000,72.793755,590990
2006-04-13,102.620003,104.500000,98.599998,99.360001,70.268990,1755820
2006-04-17,101.000000,108.900002,101.000000,106.480003,75.304359,642650
2006-04-18,107.540001,111.364998,107.500000,110.720001,78.302956,1488550
2006-04-19,112.540001,113.900002,111.000000,111.495003,78.851044,1002040
2006-04-20,111.500000,112.500000,108.605003,110.309998,78.012985,588770
2006-04-21,110.870003,114.400002,110.500000,113.074997,79.968437,627980
2006-04-24,110.500000,118.000000,110.500000,114.125000,80.711021,875570
2006-04-25,115.000000,115.190002,113.400002,114.129997,80.714561,723060
2006-04-26,115.360001,117.500000,114.000000,114.074997,80.675644,332100
2006-04-27,114.000000,116.500000,114.000000,115.264999,81.517258,731710
2006-04-28,107.000000,115.500000,106.044998,115.355003,81.580894,656960
2006-05-02,118.000000,121.900002,117.500000,118.519997,83.819221,394890
2006-05-03,117.000000,124.000000,117.000000,120.779999,85.417549,369090
2006-05-04,121.010002,121.010002,113.500000,118.035004,83.476250,303000
2006-05-05,118.000000,123.599998,118.000000,121.870003,86.188416,427850
2006-05-08,129.000000,129.000000,121.000000,123.019997,87.001709,1189280
2006-05-09,123.510002,125.669998,121.610001,122.245003,86.453629,299250
2006-05-10,131.000000,131.000000,120.000000,121.945000,86.241455,538640
2006-05-11,123.000000,123.000000,121.099998,121.279999,85.771164,212220
2006-05-12,120.000000,123.000000,118.000000,118.709999,83.953598,253620
2006-05-15,119.739998,123.000000,114.004997,119.625000,84.600708,1205460
2006-05-16,120.000000,122.000000,111.500000,116.525002,82.408340,1050800
2006-05-17,119.680000,127.000000,117.519997,123.955002,87.662964,2395770
2006-05-18,121.955002,121.955002,106.525002,109.714996,77.592201,1798320
2006-05-19,113.199997,118.500000,108.500000,109.745003,77.613411,820730
2006-05-22,113.000000,113.000000,94.000000,104.235001,73.716660,557510
2006-05-23,104.000000,111.500000,104.000000,109.754997,77.620499,459230
2006-05-24,114.500000,114.500000,107.500000,108.599998,76.803642,412860
2006-05-25,108.400002,113.000000,101.500000,104.044998,73.582283,508650
2006-05-26,108.400002,110.300003,106.500000,109.385002,77.358826,730440
2006-05-29,106.400002,112.000000,106.400002,109.584999,77.500252,426300
2006-05-30,110.739998,110.989998,108.500000,109.360001,77.341133,294970
2006-05-31,105.000000,108.500000,101.500000,103.345001,73.087242,753720
2006-06-01,109.894997,109.894997,99.000000,100.184998,70.852432,57730
2006-06-02,98.500000,100.900002,96.000000,97.544998,68.985382,210660
2006-06-05,102.500000,102.500000,97.400002,97.949997,69.271805,397670
2006-06-06,96.004997,97.699997,91.500000,95.495003,67.535599,231650
2006-06-07,92.500000,95.599998,85.500000,87.714996,62.033459,189620
2006-06-08,84.504997,90.000000,84.500000,88.195000,62.372913,933950
2006-06-09,88.195000,99.699997,85.699997,96.815002,68.469116,385760
2006-06-12,100.000000,100.000000,92.500000,93.404999,66.057510,304600
2006-06-13,90.699997,90.699997,86.000000,86.589996,61.237831,208620
2006-06-14,91.500000,93.900002,82.500000,83.364998,58.957054,199230
2006-06-15,85.500000,87.500000,84.000000,85.974998,60.802883,131120
2006-06-16,92.000000,97.930000,87.500000,94.269997,66.669258,288290
2006-06-19,95.000000,96.000000,90.099998,95.010002,67.192589,143510
2006-06-20,92.495003,97.500000,91.400002,96.014999,67.903343,502650
2006-06-21,97.000000,100.500000,95.099998,99.750000,70.544800,167880
2006-06-22,102.000000,104.900002,99.000000,99.425003,70.314949,210190
2006-06-23,95.110001,100.099998,95.110001,97.989998,69.300087,41780
2006-06-26,101.500000,101.500000,92.599998,92.940002,65.728661,105520
2006-06-27,95.000000,95.000000,90.099998,90.324997,63.879288,227710
2006-06-28,88.500000,90.699997,88.500000,88.995003,62.938686,497860
2006-06-29,89.504997,91.485001,88.500000,88.540001,62.616913,78620
2006-06-30,91.199997,92.000000,88.500000,88.945000,62.903324,298700
2006-07-03,89.699997,89.699997,87.800003,87.949997,62.199635,96180
2006-07-04,88.000000,88.449997,84.500000,84.855003,60.010811,338520
2006-07-05,85.199997,86.150002,84.000000,85.250000,60.290169,633950
2006-07-06,85.900002,90.000000,85.000000,89.474998,63.278156,1915420
2006-07-07,90.834999,91.000000,86.699997,87.364998,66.626038,429220
2006-07-10,87.000000,89.400002,86.000000,88.125000,67.205627,192580
2006-07-11,89.300003,89.300003,87.500000,88.574997,67.548813,29900
2006-07-12,86.205002,92.000000,86.205002,91.224998,69.569748,200540
2006-07-13,91.290001,96.900002,90.099998,96.529999,73.615425,200130
2006-07-14,93.000000,96.000000,92.500000,93.775002,71.514420,213260
2006-07-17,93.500000,95.150002,91.000000,91.669998,69.909103,211370
2006-07-18,91.800003,92.900002,87.224998,88.260002,67.308571,134470
2006-07-19,88.550003,90.180000,85.800003,86.820000,66.210411,339010
2006-07-20,87.699997,89.279999,87.699997,88.410004,67.422981,88610
2006-07-21,86.980003,87.500000,85.000000,85.790001,65.424919,73590
2006-07-24,88.000000,88.000000,84.209999,86.794998,66.191353,122220
2006-07-25,88.000000,88.900002,84.559998,85.519997,65.219009,101210
2006-07-26,87.279999,87.279999,84.500000,85.099998,64.898712,200490
2006-07-27,86.959999,87.000000,80.309998,82.309998,62.771008,755240
2006-07-28,84.199997,87.500000,84.199997,85.714996,65.367722,272450
2006-07-31,86.500000,90.000000,86.500000,89.769997,68.460144,278070
2006-08-01,90.800003,92.400002,86.879997,88.985001,67.861496,429440
2006-08-02,89.500000,90.690002,88.500000,89.830002,68.505890,117940
2006-08-03,91.800003,91.849998,88.400002,89.114998,67.960632,196330
2006-08-04,91.000000,91.500000,89.305000,89.625000,68.349564,112710
2006-08-07,88.019997,92.985001,88.019997,92.404999,70.469635,227300
2006-08-08,93.500000,94.599998,92.610001,93.510002,71.312317,277310
2006-08-09,94.300003,94.940002,91.510002,92.150002,70.275162,280570
2006-08-10,93.000000,93.680000,91.500000,93.224998,71.094978,509370
2006-08-11,90.430000,98.690002,90.430000,95.059998,72.494392,307100
2006-08-14,97.900002,98.599998,97.010002,98.029999,74.759346,115390
2006-08-16,99.980003,104.400002,99.199997,101.070000,77.077713,625940
2006-08-17,103.500000,108.199997,101.400002,106.260002,81.035698,446600
2006-08-18,106.000000,110.400002,105.410004,107.739998,82.164360,526490
2006-08-21,109.800003,109.800003,104.400002,105.910004,80.768776,321425
2006-08-22,106.400002,109.559998,104.000000,104.870003,79.975662,226815
2006-08-23,107.000000,107.000000,102.019997,102.650002,78.282654,111315
2006-08-24,102.000000,102.099998,99.000000,100.400002,76.566757,131710
2006-08-25,100.599998,106.000000,100.599998,105.050003,80.112923,232005
2006-08-28,107.400002,107.400002,102.010002,102.839996,78.427551,172600
2006-08-29,104.790001,104.800003,102.019997,102.650002,78.282654,144025
2006-08-30,104.000000,104.120003,101.000000,101.580002,77.466660,121410
2006-08-31,103.470001,103.470001,100.010002,100.559998,76.688782,95635
2006-09-01,102.779999,102.779999,99.449997,99.989998,76.254074,125735
2006-09-04,102.000000,102.900002,101.000000,101.360001,77.298866,604665
2006-09-05,102.000000,102.400002,98.519997,99.300003,75.727882,393255
2006-09-06,100.980003,100.980003,98.800003,99.239998,75.682106,248590
2006-09-07,98.000000,101.199997,96.410004,97.919998,74.675461,167575
2006-09-08,99.199997,99.199997,97.220001,97.680000,74.492439,218615
2006-09-11,98.400002,99.959999,97.000000,97.070000,74.027245,183470
2006-09-12,96.000000,98.180000,93.199997,94.139999,71.792770,263130
2006-09-13,95.959999,96.800003,93.639999,93.949997,71.647865,431090
2006-09-14,95.199997,96.180000,94.599998,95.089996,72.517265,406015
2006-09-15,97.000000,103.639999,94.400002,94.940002,72.402878,473925
2006-09-18,95.989998,98.000000,95.000000,96.889999,73.889977,506760
2006-09-19,97.199997,97.389999,95.199997,95.919998,73.150230,243925
2006-09-20,94.400002,98.000000,92.199997,95.940002,73.165482,304070
2006-09-21,97.790001,97.790001,95.199997,95.300003,72.677406,139845
2006-09-22,94.980003,96.199997,94.980003,95.160004,72.570633,108325
2006-09-25,96.000000,96.000000,94.220001,94.440002,72.021568,61500
2006-09-26,95.089996,95.989998,93.379997,95.209999,72.608772,109375
2006-09-27,96.099998,96.099998,91.199997,92.529999,70.564964,1209960
2006-09-28,95.720001,95.720001,92.000000,92.500000,70.542068,865250
2006-09-29,93.739998,93.739998,92.500000,92.699997,70.694603,238390
2006-10-03,93.599998,99.800003,93.599998,96.410004,73.523918,788650
2006-10-04,96.940002,102.000000,96.900002,100.800003,76.871803,943800
2006-10-05,102.779999,103.500000,101.400002,102.620003,78.259781,1284655
2006-10-06,103.400002,103.400002,98.599998,101.739998,77.588661,346305
2006-10-09,99.620003,102.550003,99.620003,101.120003,77.115837,373860
2006-10-10,102.000000,103.779999,101.660004,102.910004,78.480927,288030
2006-10-11,103.599998,103.599998,101.400002,101.699997,77.558144,184300
2006-10-12,101.419998,101.419998,98.000000,99.699997,76.032928,239855
2006-10-13,101.129997,102.379997,100.000000,100.260002,76.460007,102775
2006-10-16,100.800003,101.800003,99.040001,100.260002,76.460007,213355
2006-10-17,100.599998,102.070000,98.800003,101.669998,77.535278,302470
2006-10-18,101.379997,102.000000,99.800003,101.519997,77.420883,83920
2006-10-19,101.389999,102.599998,100.440002,101.889999,77.703049,298145
2006-10-20,98.110001,103.180000,95.010002,101.870003,77.687805,180510
2006-10-23,101.800003,102.190002,99.330002,100.440002,76.597252,193885
2006-10-26,100.599998,101.000000,98.099998,100.610001,76.726891,211805
2006-10-27,100.610001,102.400002,100.599998,102.040001,77.817451,139555
2006-10-30,101.599998,104.000000,100.199997,103.610001,79.014763,306835
2006-10-31,104.000000,105.599998,100.620003,102.230003,77.962341,211095
2006-11-01,100.510002,104.000000,100.510002,100.980003,77.009087,61350
2006-11-02,100.610001,102.099998,99.930000,101.510002,77.413269,112440
2006-11-03,102.959999,102.959999,100.400002,101.029999,77.047203,108780
2006-11-06,102.000000,102.000000,99.599998,100.470001,76.620132,99995
2006-11-07,101.970001,101.970001,100.400002,101.250000,77.214989,89035
2006-11-08,101.400002,101.400002,99.000000,100.040001,76.292213,195330
2006-11-09,99.620003,100.970001,99.620003,100.480003,76.627777,175125
2006-11-10,99.639999,101.199997,96.510002,100.949997,76.986198,74310
2006-11-13,101.400002,102.300003,100.400002,101.949997,77.748810,121460
2006-11-14,102.000000,102.000000,100.000000,100.349998,76.528625,333005
2006-11-15,101.519997,101.540001,99.199997,100.269997,76.467606,214725
2006-11-16,99.900002,101.599998,99.800003,101.000000,77.024330,261905
2006-11-17,101.599998,105.339996,100.400002,101.269997,77.230232,427775
2006-11-20,101.269997,101.980003,98.000000,101.230003,77.199738,513030
2006-11-21,101.800003,102.000000,100.000000,101.419998,77.344635,84875
2006-11-22,101.800003,103.599998,100.239998,102.800003,78.397041,177440
2006-11-23,103.000000,104.680000,102.000000,103.029999,78.572449,268740
2006-11-24,103.599998,104.400002,102.599998,103.870003,79.213051,150430
2006-11-27,104.930000,106.000000,102.000000,102.820000,78.412308,204720
2006-11-28,102.500000,104.930000,102.000000,104.169998,79.441811,216285
2006-11-29,104.000000,104.800003,103.199997,104.000000,79.312187,128550
2006-11-30,105.000000,106.000000,102.599998,105.610001,80.539986,285550
2006-12-01,105.000000,108.599998,104.639999,108.129997,82.461784,502970
2006-12-04,108.779999,111.800003,108.779999,111.080002,84.711510,505680
2006-12-05,112.000000,112.599998,110.599998,111.169998,84.780144,129145
2006-12-06,110.199997,111.580002,108.400002,109.620003,83.598076,211175
2006-12-07,102.489998,111.959999,102.489998,109.019997,83.140511,125345
2006-12-08,112.000000,114.000000,108.660004,109.000000,83.125252,159315
2006-12-11,106.220001,112.800003,106.220001,109.080002,83.186279,157775
2006-12-12,106.220001,110.000000,102.000000,106.129997,80.936554,156495
2006-12-13,105.000000,111.300003,104.000000,109.809998,83.742989,319240
2006-12-14,108.000000,110.800003,105.510002,110.010002,83.895508,470640
2006-12-15,111.000000,116.000000,110.400002,115.080002,87.761978,189195
2006-12-18,115.080002,117.199997,113.000000,116.160004,88.585602,207615
2006-12-19,116.800003,119.800003,113.000000,114.290001,87.159500,334730
2006-12-20,117.599998,118.400002,114.599998,116.389999,88.761002,299885
2006-12-21,117.599998,119.800003,114.430000,118.050003,90.026955,379285
2006-12-22,115.209999,120.199997,115.209999,119.849998,91.399658,680645
2006-12-26,119.199997,119.989998,116.199997,118.800003,90.598915,93240
2006-12-27,119.000000,121.500000,117.279999,120.599998,91.971634,502700
2006-12-28,121.760002,125.000000,120.800003,123.239998,93.984932,417915
2006-12-29,124.800003,124.970001,122.000000,122.739998,93.603622,391165
2007-01-02,122.500000,123.980003,121.000000,122.230003,93.214706,124685
2007-01-03,124.000000,126.379997,121.029999,121.580002,92.718979,255440
2007-01-04,123.199997,125.000000,121.220001,121.889999,92.955406,756245
2007-01-05,121.779999,122.800003,119.370003,119.970001,91.491173,855180
2007-01-08,118.800003,120.580002,115.199997,117.470001,89.584633,602120
2007-01-09,118.059998,120.599998,114.400002,115.379997,87.990768,456490
2007-01-10,116.889999,116.889999,110.440002,112.190002,85.558014,682885
2007-01-11,116.000000,116.000000,111.000000,114.459999,87.289154,370890
2007-01-12,115.720001,118.580002,115.320000,117.989998,89.981186,639865
2007-01-15,118.879997,124.980003,116.070000,116.900002,89.149940,354000
2007-01-16,117.900002,117.900002,115.400002,115.870003,88.364449,252705
2007-01-17,117.000000,119.000000,114.220001,115.940002,88.417824,1302705
2007-01-18,116.199997,117.500000,114.269997,114.919998,87.639961,784430
2007-01-19,116.639999,116.639999,112.400002,113.629997,86.656174,239995
2007-01-22,114.000000,119.800003,113.199997,119.070000,90.804810,595625
2007-01-23,118.400002,118.800003,116.510002,117.010002,89.233826,766160
2007-01-24,116.830002,118.379997,116.019997,117.800003,89.836304,163555
2007-01-25,117.980003,118.199997,113.000000,115.910004,88.394951,677135
2007-01-29,115.290001,119.000000,114.400002,118.169998,90.118454,510515
2007-01-31,118.150002,122.180000,118.150002,120.180000,91.651329,418085
2007-02-01,121.199997,122.800003,120.440002,121.610001,92.741867,541900
2007-02-02,120.629997,124.300003,120.629997,123.839996,94.442497,576545
2007-02-05,124.989998,126.279999,122.199997,125.529999,95.731308,495535
2007-02-06,124.040001,126.000000,121.599998,123.199997,93.954414,325055
2007-02-07,122.000000,129.000000,122.000000,127.120003,96.943871,1123455
2007-02-08,127.400002,129.960007,123.599998,125.059998,95.372894,496495
2007-02-09,122.559998,126.599998,120.610001,121.809998,92.894394,210035
2007-02-12,120.000000,120.000000,117.000000,117.919998,89.927811,102920
2007-02-13,114.199997,120.800003,114.199997,117.080002,89.287216,163965
2007-02-14,112.010002,119.000000,110.050003,115.099998,87.777229,194850
2007-02-15,118.000000,121.000000,115.599998,119.830002,91.384407,80360
2007-02-19,122.000000,122.000000,117.800003,118.000000,89.988800,59925
2007-02-20,116.199997,119.800003,116.000000,117.529999,89.630394,95060
2007-02-21,118.809998,128.800003,117.010002,126.919998,96.791367,1602675
2007-02-22,126.599998,135.779999,126.599998,128.770004,98.202217,5470725
2007-02-23,129.800003,130.000000,122.040001,124.570000,94.999207,1584890
2007-02-26,126.000000,129.979996,123.000000,124.879997,95.235626,578595
2007-02-27,125.129997,128.759995,123.029999,124.129997,94.663666,1239130
2007-02-28,123.599998,125.400002,106.449997,119.910004,91.445412,949230
2007-03-01,122.800003,124.000000,113.199997,121.760002,92.856255,434010
2007-03-02,120.000000,126.379997,119.000000,120.610001,91.979248,465725
2007-03-05,125.000000,125.000000,108.000000,114.370003,87.220528,517430
2007-03-06,119.800003,119.800003,114.000000,115.730003,88.257675,917145
2007-03-07,121.769997,121.769997,109.000000,114.209999,87.098495,485530
2007-03-08,116.199997,121.199997,114.599998,120.430000,91.841988,467035
2007-03-09,122.260002,123.410004,115.000000,116.000000,88.463593,218470
2007-03-12,119.480003,119.480003,114.800003,115.820000,88.326309,297375
2007-03-13,117.199997,117.980003,114.800003,117.029999,89.249084,258305
2007-03-14,115.400002,115.800003,113.400002,113.919998,86.877335,299280
2007-03-15,117.000000,117.500000,112.480003,113.889999,86.854469,109365
2007-03-16,115.599998,115.779999,110.800003,113.800003,86.785835,395760
2007-03-19,114.000000,118.000000,113.250000,117.589996,89.676147,127000
2007-03-20,118.599998,119.800003,117.239998,118.199997,90.141342,140485
2007-03-21,119.199997,120.000000,117.410004,118.010002,89.996460,74035
2007-03-22,119.190002,120.199997,117.690002,118.230003,90.164207,110945
2007-03-23,119.190002,120.199997,117.800003,119.180000,90.888710,144350
2007-03-26,115.449997,119.400002,115.449997,118.250000,90.179466,62160
2007-03-28,113.519997,118.589996,112.000000,115.250000,87.891617,241850
2007-03-29,112.040001,116.739998,112.040001,115.599998,88.158531,965495
2007-03-30,112.510002,123.800003,112.410004,121.239998,92.459702,536595
2007-04-02,115.000000,124.800003,115.000000,120.480003,91.880112,614585
2007-04-03,120.599998,121.959999,118.699997,120.379997,91.803841,1040075
2007-04-04,120.599998,124.400002,120.389999,123.360001,94.076454,480705
2007-04-05,124.050003,130.000000,123.400002,127.199997,97.004898,1015540
2007-04-09,127.199997,129.000000,126.400002,126.919998,96.791367,250240
2007-04-10,126.800003,127.599998,123.800003,125.180000,95.464417,293455
2007-04-11,125.580002,126.000000,122.809998,123.080002,93.862915,218675
2007-04-12,123.080002,127.400002,121.599998,125.379997,95.616936,863910
2007-04-13,127.379997,129.000000,126.000000,126.230003,96.265152,589890
2007-04-16,127.959999,134.800003,127.000000,132.910004,101.359451,1690955
2007-04-17,138.850006,138.850006,129.800003,131.509995,100.291756,1152185
2007-04-18,134.800003,136.800003,131.630005,132.149994,100.779831,1378565
2007-04-19,131.789993,135.369995,130.259995,133.250000,101.618729,880195
2007-04-20,135.000000,146.960007,134.000000,135.770004,103.540535,1685575
2007-04-23,136.199997,141.000000,135.619995,138.270004,105.447083,1923290
2007-04-24,138.000000,143.300003,138.000000,142.600006,108.749207,1641615
2007-04-25,142.800003,144.779999,140.229996,141.419998,107.849304,1644870
2007-04-26,141.600006,148.279999,140.029999,141.899994,108.215355,1794345
2007-04-27,142.000000,143.940002,137.029999,139.380005,106.293571,1131230
2007-04-30,140.000000,141.800003,137.020004,140.679993,107.284973,400880
2007-05-03,142.800003,147.600006,141.919998,145.039993,110.609962,1610910
2007-05-04,146.979996,150.199997,144.199997,147.649994,112.600418,1324200
2007-05-07,150.000000,150.600006,143.630005,145.330002,110.831169,1799895
2007-05-08,146.300003,148.779999,143.649994,144.509995,110.205795,968960
2007-05-09,145.000000,146.990005,140.399994,142.070007,108.345024,2013535
2007-05-10,142.000000,148.940002,141.029999,142.699997,108.825470,4146755
2007-05-11,141.000000,144.059998,137.199997,141.070007,107.582413,1519285
2007-05-14,143.740005,144.960007,141.000000,141.369995,107.811172,1270840
2007-05-15,142.979996,145.800003,141.600006,142.990005,109.046616,1389190
2007-05-16,144.380005,144.399994,141.619995,142.270004,108.497536,749745
2007-05-17,142.800003,143.800003,140.029999,141.850006,108.177246,704970
2007-05-18,142.539993,144.199997,138.070007,142.910004,108.985611,708750
2007-05-21,144.690002,145.949997,143.199997,143.679993,109.572830,838550
2007-05-22,138.130005,144.970001,136.500000,143.080002,109.115234,561620
2007-05-23,143.619995,146.399994,141.169998,141.699997,108.062843,1393510
2007-05-24,141.399994,143.000000,136.800003,139.720001,106.552872,1386065
2007-05-25,139.740005,139.800003,132.740005,138.100006,105.317429,1491795
2007-05-28,138.000000,141.000000,138.000000,140.139999,106.873169,1770745
2007-05-29,140.199997,147.399994,139.000000,144.110001,109.900764,3959730
2007-05-30,144.399994,147.179993,141.000000,141.449997,107.872177,1401255
2007-05-31,143.539993,145.199997,141.320007,142.259995,108.489914,2447450
2007-06-01,144.399994,146.600006,143.000000,144.429993,110.144775,2955295
2007-06-04,142.220001,147.800003,140.529999,144.940002,110.533714,1100165
2007-06-05,146.399994,146.399994,144.800003,145.070007,110.632866,566900
2007-06-06,140.509995,146.000000,138.600006,141.110001,107.612900,1183915
2007-06-07,140.399994,142.399994,136.600006,137.889999,105.157280,1173930
2007-06-08,137.000000,140.399994,135.000000,137.160004,104.600571,1838515
2007-06-11,139.190002,140.479996,131.070007,133.339996,101.687355,932370
2007-06-12,134.800003,134.979996,131.399994,134.059998,102.236450,1824740
2007-06-13,134.100006,136.940002,132.800003,134.600006,102.648277,1323220
2007-06-14,136.800003,137.500000,135.600006,136.399994,104.020950,733175
2007-06-15,137.699997,138.600006,136.000000,137.460007,104.829361,1198490
2007-06-18,137.600006,139.899994,136.300003,137.649994,104.974258,1564205
2007-06-19,137.600006,139.000000,134.399994,138.550003,105.660599,1241615
2007-06-20,139.149994,139.979996,136.539993,137.179993,104.615799,646965
2007-06-21,137.649994,142.820007,136.309998,140.059998,106.812141,1156185
2007-06-22,141.000000,141.800003,138.020004,140.399994,107.071442,855620
2007-06-25,141.800003,143.360001,138.029999,142.009995,108.299232,1146995
2007-06-26,142.399994,144.800003,140.399994,141.970001,108.268761,2038615
2007-06-27,142.600006,143.800003,140.850006,142.509995,108.680557,1742620
2007-06-28,143.580002,145.199997,142.220001,144.880005,110.487961,1296145
2007-06-29,145.600006,148.699997,145.000000,146.419998,111.662376,2921725
2007-07-02,147.960007,148.080002,144.470001,145.039993,110.609962,2145475
2007-07-03,145.300003,146.380005,142.600006,143.460007,109.405060,696550
2007-07-04,144.000000,148.000000,142.000000,146.649994,111.837799,1340400
2007-07-05,146.600006,148.779999,143.000000,144.399994,110.121918,1247615
2007-07-06,141.250000,145.779999,141.250000,143.100006,109.130516,387995
2007-07-09,160.000000,160.000000,141.600006,143.940002,109.771111,244190
2007-07-10,143.610001,144.600006,142.000000,142.399994,112.504715,520595
2007-07-11,142.399994,143.880005,140.020004,141.020004,111.414444,934160
2007-07-12,142.199997,142.800003,141.000000,141.089996,111.469727,570280
2007-07-13,142.800003,144.960007,141.419998,142.000000,112.188690,1325470
2007-07-16,142.800003,143.960007,142.029999,142.869995,112.876053,556255
2007-07-17,144.199997,145.500000,142.000000,142.320007,112.441513,1397990
2007-07-18,142.199997,144.360001,142.000000,143.960007,113.737228,2915190
2007-07-19,145.199997,149.000000,140.639999,141.210007,111.564545,4070045
2007-07-20,141.199997,143.000000,137.000000,138.369995,109.320747,3689790
2007-07-23,139.539993,139.539993,135.000000,135.720001,107.227104,1336085
2007-07-24,137.199997,137.800003,135.000000,136.399994,107.764328,1203430
2007-07-25,135.399994,135.399994,130.410004,131.300003,103.735054,1289105
2007-07-26,132.000000,135.000000,129.470001,131.289993,103.727135,3317530
2007-07-27,129.199997,129.600006,122.349998,124.330002,98.228325,1819550
2007-07-30,125.540001,125.599998,122.160004,124.029999,97.991287,1014395
2007-07-31,124.000000,129.399994,122.620003,128.809998,101.767784,1387785
2007-08-01,128.000000,128.000000,124.000000,125.129997,98.860344,983410
2007-08-02,124.010002,126.900002,124.010002,125.400002,99.073677,438410
2007-08-03,131.570007,131.570007,125.599998,127.220001,100.511597,379530
2007-08-06,123.199997,127.620003,121.010002,126.330002,99.808434,334925
2007-08-07,125.129997,128.600006,125.129997,126.199997,99.705727,253855
2007-08-08,126.000000,129.500000,126.000000,128.889999,101.830978,854620
2007-08-09,127.000000,129.990005,127.000000,128.380005,101.428062,1233010
2007-08-10,121.339996,126.800003,110.269997,126.250000,99.745232,236420
2007-08-13,127.760002,127.760002,120.599998,125.430000,99.097382,190360
2007-08-14,124.849998,126.000000,123.620003,124.290001,98.196709,145340
2007-08-16,122.000000,123.120003,118.080002,121.690002,96.142563,440840
2007-08-17,119.209999,122.739998,115.610001,120.199997,94.965363,801800
2007-08-20,121.000000,122.199997,117.019997,118.010002,93.235130,418950
2007-08-21,118.500000,118.900002,112.220001,114.010002,90.074883,653745
2007-08-22,114.400002,115.599998,109.599998,114.879997,90.762222,267530
2007-08-23,115.400002,117.760002,112.000000,113.120003,89.371727,191870
2007-08-24,113.400002,123.300003,112.010002,115.000000,90.857033,235800
2007-08-27,117.339996,121.000000,113.800003,120.250000,95.004852,267720
2007-08-28,118.400002,123.000000,118.400002,120.309998,95.052277,108480
2007-08-29,116.540001,119.900002,116.540001,118.330002,93.487953,432125
2007-08-30,119.099998,120.940002,114.800003,116.529999,92.065834,3119115
2007-08-31,115.000000,118.760002,115.000000,117.559998,92.879601,212940
2007-09-03,118.110001,121.400002,118.110001,119.720001,94.586128,341485
2007-09-04,121.199997,124.760002,119.629997,123.449997,97.533073,1001420
2007-09-05,124.949997,126.660004,121.000000,122.419998,96.719299,888400
2007-09-06,122.000000,123.199997,121.010002,122.769997,96.995819,214760
2007-09-07,122.599998,123.970001,121.599998,121.830002,96.253159,136340
2007-09-10,121.400002,123.250000,120.010002,122.570000,96.837807,451730
2007-09-11,123.580002,123.580002,119.139999,119.699997,94.570328,1737280
2007-09-12,121.000000,121.790001,118.010002,118.730003,93.803970,258875
2007-09-13,119.989998,123.120003,119.989998,121.760002,96.197853,907750
2007-09-14,123.959999,123.959999,118.199997,118.650002,93.740768,289020
2007-09-17,119.959999,120.379997,118.010002,118.580002,93.685471,566005
2007-09-18,119.199997,120.800003,118.000000,118.260002,93.432655,308420
2007-09-19,121.800003,121.800003,118.410004,118.949997,93.977783,245250
2007-09-20,120.000000,120.800003,117.199997,117.500000,92.832184,1195970
2007-09-21,117.199997,117.699997,114.000000,114.760002,90.667419,451825
2007-09-24,114.430000,116.790001,113.070000,115.650002,91.370583,413650
2007-09-25,116.389999,116.389999,114.379997,115.110001,90.943947,159145
2007-09-26,116.339996,116.589996,114.000000,116.019997,91.662903,306900
2007-09-27,116.599998,117.400002,115.410004,117.000000,92.437164,1926950
2007-09-28,120.000000,120.000000,116.300003,117.629997,92.934906,425905
2007-10-01,119.580002,120.800003,116.650002,119.209999,94.183182,717790
2007-10-03,120.650002,123.599998,116.400002,122.709999,96.948425,2167485
2007-10-04,122.709999,123.599998,119.599998,120.330002,95.068069,403010
2007-10-05,121.800003,124.430000,120.199997,121.510002,96.000328,695425
2007-10-08,122.000000,122.580002,114.550003,115.900002,91.568092,302675
2007-10-09,114.199997,117.790001,113.610001,117.070000,92.492470,655275
2007-10-10,119.339996,120.779999,116.199997,117.820000,93.085022,2576455
2007-10-11,120.000000,120.339996,117.000000,118.139999,93.337830,235350
2007-10-12,118.599998,121.599998,118.199997,119.459999,94.380707,1356390
2007-10-15,119.809998,123.000000,119.599998,122.110001,96.474380,814835
2007-10-16,121.400002,123.349998,120.000000,122.239998,96.577072,583615
2007-10-17,105.120003,122.000000,105.120003,120.809998,95.447296,1220465
2007-10-18,122.360001,123.199997,114.400002,118.550003,93.661766,889365
2007-10-19,120.000000,120.000000,113.430000,115.190002,91.007164,907360
2007-10-22,113.220001,115.599998,113.220001,114.059998,90.114372,179515
2007-10-23,115.059998,119.199997,114.610001,118.629997,93.724960,744920
2007-10-24,119.000000,126.800003,117.000000,125.300003,98.994667,1218795
2007-10-25,126.000000,129.000000,124.199997,127.360001,100.622200,1973485
2007-10-26,126.000000,127.000000,124.000000,125.010002,98.765556,450900
2007-10-29,128.000000,128.000000,123.000000,123.980003,97.951797,201980
2007-10-30,124.760002,124.760002,120.000000,120.610001,95.289276,188025
2007-10-31,120.199997,121.970001,116.800003,117.620003,92.927010,434170
2007-11-01,118.800003,119.599998,114.320000,115.059998,90.904434,362485
2007-11-02,114.000000,116.900002,112.199997,113.279999,89.498138,362915
2007-11-05,114.000000,115.000000,111.199997,111.849998,88.368355,548735
2007-11-06,112.599998,113.599998,109.000000,109.550003,86.551216,220625
2007-11-07,112.000000,113.199997,110.209999,111.260002,87.902214,512480
2007-11-08,111.000000,112.599998,108.800003,109.180000,86.258881,190055
2007-11-12,109.199997,109.580002,105.250000,108.040001,85.358223,396655
2007-11-13,109.379997,111.000000,108.000000,110.389999,87.214844,1013000
2007-11-14,112.000000,113.000000,111.099998,112.040001,88.518463,1232820
2007-11-15,113.800003,113.800003,110.000000,110.400002,87.222771,84385
2007-11-16,111.000000,112.800003,108.220001,108.989998,86.108765,682715
2007-11-19,111.139999,114.400002,109.400002,111.870003,88.384148,290425
2007-11-20,111.000000,114.000000,110.599998,111.110001,87.783691,270850
2007-11-21,112.540001,113.000000,107.800003,108.580002,85.784851,178590
2007-11-22,108.820000,109.599998,106.199997,107.330002,84.797287,606340
2007-11-23,109.599998,109.800003,105.220001,106.199997,83.904510,581320
2007-11-26,108.000000,109.000000,106.360001,106.709999,84.307426,249915
2007-11-27,107.000000,108.000000,106.419998,106.599998,84.220528,92215
2007-11-28,108.000000,108.760002,105.580002,105.910004,83.675392,137830
2007-11-29,108.089996,108.089996,104.400002,104.970001,82.932724,229285
2007-11-30,106.000000,107.000000,104.199997,104.519997,82.577187,239765
2007-12-03,106.790001,106.790001,104.519997,105.199997,83.114433,1048725
2007-12-04,106.000000,106.400002,105.199997,105.800003,83.588478,144500
2007-12-05,106.099998,110.400002,105.800003,110.050003,86.946243,386425
2007-12-06,110.000000,112.809998,110.000000,111.080002,87.759995,709890
2007-12-07,111.000000,114.800003,111.000000,113.989998,90.059090,788950
2007-12-10,115.199997,116.400002,112.000000,113.260002,89.482330,207650
2007-12-11,113.000000,114.599998,112.800003,113.290001,89.506035,939425
2007-12-12,113.900002,117.529999,112.000000,116.419998,91.978928,637475
2007-12-13,116.000000,121.000000,116.000000,120.169998,94.941658,769535
2007-12-14,120.400002,130.380005,120.400002,127.839996,101.001411,2187825
2007-12-17,127.599998,129.389999,120.000000,121.239998,95.787025,999020
2007-12-18,123.959999,124.959999,116.620003,119.870003,94.704643,534910
2007-12-19,123.000000,127.000000,122.000000,125.760002,99.358101,1071545
2007-12-20,126.800003,127.800003,125.010002,125.629997,99.255386,423910
2007-12-24,123.019997,128.960007,123.019997,126.349998,99.824234,378670
2007-12-26,126.300003,127.589996,123.330002,125.269997,98.970978,267555
2007-12-27,125.379997,127.599998,123.000000,123.599998,97.651566,547005
2007-12-28,123.599998,127.339996,123.599998,125.849998,99.429207,281235
2007-12-31,127.199997,130.000000,125.000000,125.959999,99.516113,395820
2008-01-01,126.000000,127.599998,124.000000,124.599998,98.441620,289210
2008-01-02,124.629997,126.400002,123.639999,124.940002,98.710251,832335
2008-01-03,123.599998,125.779999,121.599998,123.220001,97.351349,221920
2008-01-04,123.599998,125.000000,121.019997,122.370003,96.679794,400375
2008-01-07,122.800003,128.190002,122.800003,127.150002,100.456291,2002750
2008-01-08,128.000000,129.399994,121.000000,121.860001,96.276863,624580
2008-01-09,126.000000,127.000000,121.000000,121.540001,96.024033,144290
2008-01-10,123.989998,123.989998,115.400002,118.570000,93.677567,747860
2008-01-11,119.199997,121.489998,117.019997,119.160004,94.143715,231165
2008-01-14,116.250000,123.959999,116.250000,123.430000,97.517250,189765
2008-01-15,124.750000,124.750000,121.260002,122.970001,97.153824,815390
2008-01-16,120.220001,122.800003,120.000000,121.839996,96.261055,197620
2008-01-17,122.980003,123.199997,119.400002,120.070000,94.862648,1670515
2008-01-18,119.779999,120.589996,114.199997,114.820000,90.714813,411210
2008-01-21,114.400002,114.400002,103.250000,107.099998,84.615555,1023340
2008-01-22,100.199997,107.599998,85.000000,100.050003,79.045609,1399460
2008-01-23,102.199997,119.400002,98.199997,102.910004,81.305206,2823995
2008-01-24,109.980003,109.980003,100.199997,102.830002,81.241989,669730
2008-01-25,104.000000,111.000000,102.010002,107.029999,84.560249,837885
2008-01-28,106.019997,106.019997,102.199997,103.010002,81.384216,240055
2008-01-29,106.599998,106.599998,102.199997,102.919998,81.313087,433075
2008-01-30,104.389999,109.599998,103.000000,108.970001,86.092964,1667070
2008-01-31,107.750000,118.000000,101.000000,112.470001,88.858192,4275335
2008-02-01,107.199997,113.800003,105.400002,111.940002,88.439461,265660
2008-02-04,111.599998,112.589996,109.199997,110.559998,87.349167,331410
2008-02-05,112.000000,113.400002,108.419998,111.839996,88.360435,227410
2008-02-06,108.019997,110.980003,106.199997,109.169998,86.250992,95445
2008-02-07,111.559998,111.599998,105.000000,105.709999,83.517372,105710
2008-02-08,107.400002,107.830002,102.800003,105.120003,83.051247,106135
2008-02-11,104.000000,105.800003,98.800003,100.160004,79.132523,281015
2008-02-12,100.199997,102.769997,96.000000,99.489998,78.603180,1027385
2008-02-13,101.760002,101.900002,97.400002,99.879997,78.911301,480255
2008-02-14,103.400002,103.400002,101.019997,101.790001,80.420334,372775
2008-02-15,101.680000,104.000000,100.199997,103.480003,81.755524,75860
2008-02-18,105.800003,105.800003,103.000000,103.480003,81.755524,77325
2008-02-19,104.980003,108.599998,104.010002,108.050003,85.366119,597380
2008-02-20,108.050003,108.599998,105.250000,106.250000,83.944000,111715
2008-02-21,105.209999,108.980003,105.209999,108.089996,85.397705,221675
2008-02-22,108.000000,109.000000,107.000000,108.099998,85.405617,245205
2008-02-25,108.599998,110.000000,107.599998,109.349998,86.393204,214440
2008-02-26,101.800003,110.989998,101.800003,109.250000,86.314186,174530
2008-02-27,110.139999,110.699997,109.000000,109.699997,86.669708,271215
2008-02-28,110.599998,111.400002,106.800003,108.480003,85.705849,557795
2008-02-29,110.000000,112.000000,106.599998,110.760002,87.507172,366815
2008-03-03,106.760002,114.400002,106.019997,111.949997,88.447342,540510
2008-03-04,110.400002,112.959999,104.599998,106.970001,84.512840,555690
2008-03-05,107.000000,109.339996,104.010002,105.139999,83.067032,1584615
2008-03-07,103.199997,104.389999,99.199997,103.830002,82.032059,296265
2008-03-10,102.019997,103.900002,101.199997,102.419998,80.918076,136275
2008-03-11,102.000000,109.400002,100.400002,106.790001,84.370636,258665
2008-03-12,107.989998,108.779999,103.000000,103.669998,81.905640,182325
2008-03-13,102.599998,105.000000,100.000000,100.370003,79.298454,162975
2008-03-14,103.199997,103.199997,97.800003,99.260002,78.421478,121425
2008-03-17,97.199997,97.199997,92.019997,94.209999,74.431679,179940
2008-03-18,94.000000,97.940002,90.029999,96.160004,75.972282,232135
2008-03-19,96.410004,102.800003,96.410004,99.379997,78.516281,523540
2008-03-24,100.800003,100.800003,96.400002,99.129997,78.318764,450685
2008-03-25,101.779999,101.779999,97.400002,99.019997,78.231865,482525
2008-03-26,99.599998,100.599998,95.080002,95.660004,75.577263,1447330
2008-03-27,95.080002,98.599998,94.000000,95.519997,75.466644,847755
2008-03-28,95.400002,97.190002,94.410004,96.660004,76.367310,175430
2008-03-31,88.250000,102.000000,88.250000,99.699997,78.769104,859555
2008-04-01,99.900002,99.900002,97.050003,97.580002,77.094170,197275
2008-04-02,99.790001,103.000000,96.000000,96.440002,76.193504,341385
2008-04-03,99.000000,99.000000,95.400002,95.910004,75.774773,487680
2008-04-04,95.320000,97.000000,95.000000,95.430000,75.395538,91930
2008-04-07,94.510002,99.580002,94.510002,98.690002,77.971138,547300
2008-04-08,99.000000,99.599998,97.809998,99.190002,78.366180,132250
2008-04-09,97.419998,101.779999,97.419998,101.320000,80.048996,273460
2008-04-10,101.800003,103.000000,97.000000,98.459999,77.789421,219625
2008-04-11,99.550003,100.269997,98.010002,99.029999,78.239754,80745
2008-04-15,98.989998,101.389999,98.000000,100.370003,79.298454,84330
2008-04-16,101.980003,106.370003,101.400002,104.879997,82.861626,780260
2008-04-17,107.580002,107.599998,106.010002,106.790001,84.370636,166860
2008-04-21,107.800003,110.000000,106.199997,108.320000,85.579422,245355
2008-04-22,108.000000,109.559998,106.010002,108.489998,85.713730,231085
2008-04-23,108.599998,110.870003,106.400002,110.059998,86.954132,256760
2008-04-24,113.800003,125.599998,111.010002,115.470001,91.228355,1427175
2008-04-25,115.599998,117.599998,113.900002,115.790001,91.481194,343950
2008-04-28,116.959999,118.239998,113.040001,115.379997,91.157265,330710
2008-04-29,115.400002,116.699997,114.000000,115.040001,90.888641,478670
2008-04-30,116.139999,117.599998,112.000000,112.949997,89.237404,481725
2008-05-02,115.599998,115.800003,112.000000,113.209999,89.442825,430380
2008-05-05,114.400002,114.790001,112.019997,112.529999,88.905579,85045
2008-05-06,112.199997,113.739998,110.239998,111.669998,88.226128,114540
2008-05-07,111.400002,113.199997,111.000000,111.459999,88.060211,131690
2008-05-08,111.400002,113.000000,110.400002,112.830002,89.142616,107835
2008-05-09,111.269997,113.099998,111.000000,111.919998,88.423637,129510
2008-05-12,110.470001,112.779999,109.000000,110.550003,87.341286,100670
2008-05-13,110.800003,114.000000,110.800003,113.010002,89.284821,191890
2008-05-14,113.830002,117.989998,111.059998,116.349998,91.923607,1276485
2008-05-15,118.940002,132.339996,116.199997,128.910004,101.846779,4749580
2008-05-16,130.000000,137.979996,124.900002,135.139999,106.768852,5070095
2008-05-20,134.000000,137.600006,130.429993,133.059998,105.125572,1605855
2008-05-21,130.020004,136.979996,130.000000,134.509995,106.271141,766415
2008-05-22,133.300003,136.800003,131.220001,133.380005,105.378372,611560
2008-05-23,134.889999,138.490005,132.800003,136.759995,108.048752,1473045
2008-05-26,135.990005,136.600006,132.199997,133.509995,105.481071,476360
2008-05-27,135.000000,136.399994,132.020004,132.830002,104.943832,823020
2008-05-28,134.679993,135.990005,124.000000,135.009995,106.666161,965625
2008-05-29,134.199997,144.800003,134.199997,141.690002,111.943764,4672645
2008-05-30,142.600006,146.500000,139.600006,143.410004,113.302681,2309720
2008-06-02,134.000000,144.000000,134.000000,136.300003,107.685356,628095
2008-06-03,133.000000,141.139999,130.199997,139.619995,110.308327,1065670
2008-06-04,139.619995,139.889999,133.000000,134.320007,106.121040,301055
2008-06-05,134.320007,136.600006,132.000000,133.330002,105.338837,1980565
2008-06-06,134.880005,139.960007,129.009995,129.800003,102.549950,371450
2008-06-09,126.660004,142.389999,122.400002,140.160004,110.734985,2021185
2008-06-10,140.000000,142.979996,136.000000,136.529999,107.867043,1000275
2008-06-11,137.800003,142.800003,134.809998,137.759995,108.838829,2825155
2008-06-12,137.199997,146.199997,134.000000,145.100006,114.637894,2905730
2008-06-13,146.000000,148.399994,140.009995,141.169998,111.532944,3854295
2008-06-16,143.199997,146.000000,142.229996,145.059998,114.606293,2063205
2008-06-17,146.000000,147.360001,143.229996,143.970001,113.745132,2823910
2008-06-18,145.399994,145.580002,139.220001,140.600006,111.082626,646175
2008-06-19,141.000000,141.000000,136.000000,137.539993,108.665016,1796260
2008-06-20,138.000000,140.399994,136.000000,137.809998,108.878357,985145
2008-06-23,137.809998,139.949997,134.600006,135.929993,107.393036,599840
2008-06-24,137.800003,138.199997,127.800003,130.929993,103.442711,1257075
2008-06-25,129.970001,139.770004,128.619995,138.669998,109.557793,725940
2008-06-26,139.990005,141.000000,130.320007,135.809998,107.298203,1188610
2008-06-27,132.259995,137.600006,130.259995,135.089996,106.729370,568525
2008-06-30,134.199997,136.399994,130.800003,133.320007,105.330971,338820
2008-07-01,136.600006,136.600006,131.210007,134.070007,105.923531,374400
2008-07-02,134.199997,140.000000,134.199997,139.820007,110.466354,1133510
2008-07-03,139.800003,139.800003,135.020004,137.660004,108.759842,528065
2008-07-04,138.399994,138.990005,135.399994,136.669998,107.977661,76405
2008-07-07,137.020004,139.759995,124.160004,133.369995,105.370461,265620
2008-07-08,130.699997,137.960007,130.699997,136.949997,108.198868,465525
2008-07-09,138.000000,139.600006,136.399994,136.940002,108.190979,177145
2008-07-10,134.199997,137.580002,134.199997,135.199997,106.816269,171365
2008-07-11,136.000000,141.690002,135.000000,139.710007,119.195694,2054040
2008-07-14,141.979996,142.720001,138.020004,139.250000,118.803246,611255
2008-07-15,139.000000,143.570007,136.250000,136.830002,116.738571,132260
2008-07-16,139.000000,139.000000,134.199997,136.460007,116.422913,388260
2008-07-17,138.580002,139.960007,136.320007,137.410004,117.233421,511065
2008-07-18,139.000000,139.000000,135.250000,136.979996,116.866562,457540
2008-07-21,136.979996,140.600006,134.009995,139.820007,119.289543,504160
2008-07-22,140.190002,146.399994,140.190002,145.380005,124.033157,2778535
2008-07-23,152.000000,152.000000,145.720001,146.649994,125.116669,1258835
2008-07-24,148.800003,148.800003,142.800003,143.940002,122.804604,650240
2008-07-25,143.800003,146.320007,141.240005,143.869995,122.744873,462495
2008-07-28,145.000000,147.410004,141.000000,145.449997,124.092865,674375
2008-07-29,144.399994,145.000000,143.000000,143.889999,122.761932,144330
2008-07-30,144.020004,149.800003,144.020004,146.750000,125.201988,2219735
2008-07-31,148.020004,149.000000,147.000000,147.520004,125.858940,508680
2008-08-01,147.399994,149.580002,146.619995,148.259995,126.490234,1775425
2008-08-04,148.000000,153.899994,147.800003,151.589996,129.331284,939075
2008-08-05,152.800003,152.960007,147.809998,151.000000,128.827927,365270
2008-08-06,153.100006,153.100006,148.000000,148.679993,126.848595,445740
2008-08-07,147.199997,149.800003,146.399994,147.139999,125.534737,216255
2008-08-08,146.979996,150.000000,145.029999,145.690002,124.297615,310860
2008-08-11,148.820007,148.820007,146.210007,147.690002,126.003944,262530
2008-08-12,148.199997,151.199997,146.410004,149.869995,127.863861,463530
2008-08-13,150.199997,154.580002,148.449997,150.910004,128.751129,904980
2008-08-14,151.789993,151.789993,148.300003,149.100006,127.206902,315115
2008-08-18,147.600006,150.580002,146.020004,147.669998,125.986923,450245
2008-08-19,148.380005,148.589996,146.000000,147.169998,125.560310,70705
2008-08-20,148.380005,149.000000,147.199997,147.800003,126.097771,122785
2008-08-21,148.369995,148.369995,145.000000,145.750000,124.348831,243470
2008-08-22,145.399994,148.779999,145.020004,148.080002,126.336708,383800
2008-08-25,148.199997,149.179993,146.600006,147.080002,125.483543,711690
2008-08-26,147.000000,147.199997,145.529999,146.309998,124.826569,159275
2008-08-27,146.399994,147.000000,144.020004,144.750000,123.495644,240915
2008-08-28,145.800003,147.990005,144.199997,146.339996,124.852188,292770
2008-08-29,146.399994,147.600006,145.199997,146.339996,124.852188,117655
2008-09-01,146.600006,146.990005,145.419998,146.210007,124.741287,44295
2008-09-02,146.820007,148.800003,146.399994,147.990005,126.259903,173185
2008-09-04,148.600006,150.800003,146.199997,150.360001,128.281906,749520
2008-09-05,149.940002,151.000000,147.009995,150.059998,128.025986,229805
2008-09-08,155.600006,156.399994,150.399994,151.479996,129.237473,2003425
2008-09-09,149.399994,150.899994,149.000000,149.199997,127.292259,1516635
2008-09-10,149.399994,152.399994,146.399994,150.139999,128.094238,397410
2008-09-11,148.899994,150.000000,143.600006,145.789993,124.382950,207535
2008-09-12,147.009995,148.000000,145.009995,146.210007,124.741287,134530
2008-09-15,154.000000,154.000000,142.699997,144.940002,123.657753,369450
2008-09-16,143.000000,149.800003,142.229996,148.279999,126.507332,790030
2008-09-17,149.000000,151.000000,146.199997,147.729996,126.038078,340000
2008-09-18,138.000000,145.800003,138.000000,144.020004,122.872864,206485
2008-09-19,145.000000,153.789993,143.220001,144.350006,123.154404,564415
2008-09-22,145.000000,146.929993,143.009995,144.080002,122.924042,52790
2008-09-23,143.399994,145.600006,140.000000,144.059998,122.906982,185095
2008-09-24,142.610001,146.000000,142.610001,143.350006,122.301231,141045
2008-09-25,145.000000,145.399994,141.199997,143.309998,122.267075,197615
2008-09-26,144.000000,144.589996,141.800003,143.440002,122.377998,174960
2008-09-29,144.399994,145.990005,138.000000,142.139999,121.268906,555505
2008-09-30,141.000000,145.000000,139.029999,143.960007,122.821678,155835
2008-10-01,145.199997,151.800003,143.000000,150.919998,128.759689,685280
2008-10-03,150.000000,156.119995,148.399994,154.039993,131.421555,1920640
2008-10-06,152.800003,153.889999,148.589996,148.910004,127.044823,587300
2008-10-07,149.100006,152.009995,144.580002,148.880005,127.019226,915180
2008-10-08,145.000000,147.000000,140.800003,145.649994,124.263504,431670
2008-10-10,139.600006,141.779999,121.400002,124.300003,106.048431,1720225
2008-10-13,129.800003,140.800003,128.800003,135.509995,115.612396,2031030
2008-10-14,140.000000,146.000000,136.250000,143.029999,122.028206,1089530
2008-10-15,140.399994,141.000000,131.199997,136.210007,116.209625,253355
2008-10-16,129.000000,134.759995,124.250000,130.669998,111.483070,2277995
2008-10-17,132.000000,132.000000,118.040001,124.650002,106.347038,1824405
2008-10-20,128.600006,132.600006,120.400002,129.729996,110.681122,338730
2008-10-21,130.199997,141.500000,127.099998,138.889999,118.496109,807135
2008-10-22,134.000000,138.000000,132.000000,132.610001,113.138222,367615
2008-10-23,132.000000,132.119995,126.000000,127.379997,108.676178,722415
2008-10-24,125.000000,129.000000,122.000000,125.489998,107.063690,1253665
2008-10-27,120.000000,129.000000,116.000000,126.379997,107.822990,744790
2008-10-29,129.000000,138.889999,128.500000,132.919998,113.402702,1725315
2008-10-31,132.399994,135.399994,130.600006,132.979996,113.453911,717005
2008-11-03,132.000000,144.800003,132.000000,143.009995,122.011131,599015
2008-11-04,138.020004,145.600006,138.020004,143.339996,122.292686,285930
2008-11-05,149.000000,149.000000,135.800003,138.770004,118.393723,171045
2008-11-06,132.000000,140.389999,132.000000,139.059998,118.641121,117710
2008-11-07,133.600006,139.410004,133.600006,138.250000,117.950058,255265
2008-11-10,139.889999,141.600006,137.000000,138.020004,117.753830,247800
2008-11-11,137.000000,137.000000,121.739998,123.800003,105.621841,1329835
2008-11-12,123.800003,124.900002,117.019997,120.949997,103.190308,3693305
2008-11-14,121.000000,121.199997,114.000000,116.440002,99.342545,1094540
2008-11-17,114.000000,116.970001,103.599998,111.669998,95.272942,1053135
2008-11-18,107.400002,110.000000,106.500000,108.040001,92.175964,828215
2008-11-19,108.199997,111.000000,107.620003,110.260002,94.069992,523310
2008-11-20,109.000000,109.199997,105.199997,107.040001,91.322800,246090
2008-11-21,106.000000,111.000000,106.000000,109.589996,93.498367,255960
2008-11-24,108.400002,110.800003,108.269997,109.389999,93.327721,826170
2008-11-25,113.599998,113.599998,108.050003,109.860001,93.728722,793865
2008-11-26,110.010002,117.000000,109.000000,114.370003,97.576492,527285
2008-11-27,null,null,null,null,null,null
2008-11-28,114.400002,120.800003,113.050003,117.169998,99.965363,993405
2008-12-01,118.599998,119.980003,110.040001,111.540001,95.162041,278140
2008-12-02,107.199997,117.400002,107.199997,116.449997,99.351089,288345
2008-12-03,114.000000,118.010002,114.000000,117.169998,99.965363,348525
2008-12-04,117.599998,118.800003,114.669998,117.300003,100.076271,251015
2008-12-05,116.000000,118.599998,115.400002,115.930000,98.907433,139265
2008-12-08,116.500000,118.980003,110.099998,111.279999,94.940224,295665
2008-12-10,109.260002,115.599998,109.260002,113.339996,96.697716,333845
2008-12-11,113.199997,115.599998,106.199997,109.480003,93.404526,603515
2008-12-12,106.839996,113.980003,106.839996,108.900002,92.909691,306100
2008-12-15,112.800003,112.800003,108.449997,109.510002,93.430115,349615
2008-12-16,109.940002,117.580002,109.029999,115.120003,98.216370,354110
2008-12-17,115.589996,118.000000,109.250000,110.820000,94.547768,205060
2008-12-18,117.000000,117.000000,111.040001,115.300003,98.369949,317260
2008-12-19,115.620003,121.800003,115.599998,120.430000,102.746681,771420
2008-12-22,120.300003,123.400002,118.000000,119.070000,101.586372,772625
2008-12-23,117.599998,121.000000,114.599998,119.839996,102.243294,270070
2008-12-24,118.029999,121.199997,117.019997,118.410004,101.023285,502580
2008-12-26,121.599998,121.599998,116.449997,117.949997,100.630829,84920
2008-12-29,117.019997,118.800003,116.199997,118.070000,100.733200,56585
2008-12-30,116.800003,120.800003,116.800003,118.430000,101.040337,757470
2008-12-31,119.000000,124.199997,118.000000,123.570000,105.425613,300870
2009-01-02,128.000000,138.880005,127.400002,131.419998,112.122971,630795
2009-01-05,124.029999,132.929993,124.029999,126.459999,107.891258,215890
2009-01-06,126.599998,128.559998,121.110001,122.830002,104.794273,221610
2009-01-07,124.080002,125.980003,115.019997,117.010002,99.828850,152900
2009-01-09,118.000000,118.199997,111.599998,115.910004,98.890366,207505
2009-01-12,113.199997,119.790001,113.199997,115.699997,98.711197,620795
2009-01-13,115.599998,118.400002,112.599998,113.830002,97.115791,186075
2009-01-14,117.160004,122.199997,114.120003,117.739998,100.451660,195530
2009-01-15,116.000000,117.800003,114.830002,116.559998,99.444916,63580
2009-01-16,116.699997,121.580002,116.000000,121.180000,103.386543,227890
2009-01-19,121.180000,121.180000,118.650002,119.220001,101.714340,31865
2009-01-20,118.589996,121.800003,117.449997,120.550003,102.849060,87805
2009-01-21,120.050003,123.580002,116.199997,117.070000,99.880051,269680
2009-01-22,119.580002,119.580002,116.070000,117.870003,100.562584,204170
2009-01-23,117.599998,120.000000,114.199997,116.900002,99.735008,112255
2009-01-27,116.000000,117.779999,112.269997,113.120003,96.510040,170260
2009-01-28,114.000000,114.000000,106.010002,112.570000,96.040787,498135
2009-01-29,112.400002,114.400002,109.000000,112.339996,95.844574,1132715
2009-01-30,110.199997,115.000000,110.199997,113.949997,97.218147,384150
2009-02-02,114.199997,117.779999,111.410004,112.889999,96.313805,213460
2009-02-03,113.000000,114.790001,110.000000,113.919998,97.192558,206885
2009-02-04,115.000000,116.000000,111.400002,114.639999,97.806847,417020
2009-02-05,114.089996,118.000000,114.029999,117.540001,100.281036,242540
2009-02-06,117.500000,121.800003,117.500000,120.959999,103.198853,536770
2009-02-09,121.000000,123.000000,118.800003,122.320000,104.359154,252305
2009-02-10,122.779999,127.800003,121.599998,124.870003,106.534729,466240
2009-02-11,124.690002,126.790001,122.400002,125.500000,107.072220,267845
2009-02-12,124.199997,128.199997,124.019997,127.459999,108.744415,235370
2009-02-13,126.199997,129.199997,120.510002,127.940002,109.153961,362185
2009-02-16,127.680000,127.949997,125.010002,125.540001,107.106339,176350
2009-02-17,123.709999,130.000000,119.129997,122.010002,104.094666,506975
2009-02-18,123.800003,123.800003,120.209999,120.820000,103.079414,94345
2009-02-19,116.029999,128.979996,116.029999,120.970001,103.207382,187175
2009-02-20,120.970001,124.599998,120.000000,122.610001,104.606575,562365
2009-02-24,120.209999,125.000000,117.209999,124.339996,106.082550,377680
2009-02-25,126.000000,129.960007,123.610001,128.720001,109.819405,945995
2009-02-26,129.100006,132.000000,124.220001,126.110001,107.592651,1185160
2009-02-27,126.989998,131.600006,123.599998,129.860001,110.792015,749485
2009-03-02,128.610001,130.399994,126.010002,127.339996,108.642044,324120
2009-03-03,126.440002,128.600006,124.400002,125.349998,106.944244,290845
2009-03-04,128.399994,128.399994,124.050003,125.070000,106.705376,233590
2009-03-05,126.000000,126.389999,116.400002,118.260002,100.895317,1922375
2009-03-06,117.599998,118.199997,113.000000,117.389999,100.153061,227795
2009-03-09,114.730003,120.190002,114.730003,118.709999,101.279228,311505
2009-03-12,118.800003,121.180000,117.010002,118.540001,101.134193,279170
2009-03-13,119.760002,120.599998,116.000000,116.900002,99.735008,2716915
2009-03-16,117.000000,120.199997,116.599998,119.029999,101.552238,1437635
2009-03-17,120.199997,123.779999,119.199997,123.160004,105.075806,599925
2009-03-18,123.599998,129.000000,123.599998,127.790001,109.025978,630605
2009-03-19,129.940002,129.940002,124.199997,125.379997,106.969849,371600
2009-03-20,125.400002,125.500000,118.080002,119.760002,102.175049,632360
2009-03-23,121.000000,125.000000,120.029999,123.230003,105.135544,1443000
2009-03-24,124.000000,128.389999,123.320000,126.839996,108.215454,434595
2009-03-25,126.000000,126.199997,122.019997,123.169998,105.084343,78800
2009-03-26,122.400002,127.400002,122.400002,126.570000,107.985107,186385
2009-03-27,123.199997,129.979996,121.010002,128.960007,110.024185,153515
2009-03-30,130.199997,136.979996,126.220001,132.270004,112.848152,314690
2009-03-31,133.199997,138.000000,130.619995,136.910004,116.806839,602690
2009-04-01,136.979996,138.000000,132.000000,132.639999,113.163841,231245
2009-04-02,135.800003,136.699997,133.070007,134.539993,114.784836,352920
2009-04-06,136.020004,139.000000,127.400002,128.110001,109.298973,1806340
2009-04-08,124.209999,131.979996,124.209999,130.759995,111.559868,270195
2009-04-09,131.000000,135.199997,128.600006,129.990005,110.902924,130515
2009-04-13,130.199997,134.800003,130.199997,133.690002,114.059654,1764120
2009-04-15,134.800003,138.399994,132.440002,135.240005,115.382065,594970
2009-04-16,137.979996,144.940002,134.000000,139.270004,118.820313,639940
2009-04-17,138.970001,144.820007,133.199997,136.350006,116.329079,512590
2009-04-20,137.000000,142.000000,136.600006,139.300003,118.845924,245715
2009-04-21,139.979996,142.199997,137.800003,141.830002,121.004417,498520
2009-04-22,141.000000,145.000000,137.029999,137.460007,117.276093,536045
2009-04-23,137.000000,141.199997,135.630005,138.199997,117.907410,170075
2009-04-24,141.779999,143.000000,138.600006,141.399994,120.637543,181735
2009-04-27,138.229996,148.979996,138.229996,147.050003,125.457939,705325
2009-04-28,147.600006,149.600006,142.000000,143.470001,122.403595,404245
2009-04-29,145.050003,148.800003,140.419998,143.710007,122.608368,1100455
2009-04-30,142.000000,142.000000,142.000000,142.000000,121.149452,0
2009-05-04,146.000000,147.740005,143.000000,146.130005,124.673035,470000
2009-05-05,144.000000,147.460007,144.000000,145.610001,124.229385,151880
2009-05-06,145.610001,147.800003,145.050003,146.470001,124.963081,1400020
2009-05-07,146.000000,154.350006,146.000000,152.619995,130.210083,1034060
2009-05-08,154.000000,164.419998,152.600006,158.369995,135.115768,1194280
2009-05-11,157.000000,162.399994,153.399994,155.149994,132.368561,455805
2009-05-12,155.600006,158.729996,153.330002,155.630005,132.778107,469350
2009-05-13,157.000000,159.800003,155.000000,156.660004,133.656845,379165
2009-05-14,158.000000,159.199997,144.910004,149.970001,127.949158,3931215
2009-05-15,151.000000,158.199997,150.410004,156.309998,133.358231,1771125
2009-05-18,160.449997,165.000000,160.449997,162.929993,139.006195,275
2009-05-19,164.000000,171.000000,150.619995,164.070007,139.978821,2667460
2009-05-20,167.000000,181.199997,162.929993,173.070007,147.657288,1008610
2009-05-21,175.000000,179.600006,173.820007,175.419998,149.662247,399175
2009-05-22,175.000000,178.000000,170.000000,171.600006,146.403137,332865
2009-05-25,175.429993,177.789993,171.800003,173.000000,147.597549,425770
2009-05-26,173.000000,178.000000,170.000000,173.240005,147.802368,164445
2009-05-27,174.199997,178.000000,167.000000,170.949997,145.848572,1098480
2009-05-28,174.580002,174.580002,167.000000,168.169998,143.476776,910020
2009-05-29,169.750000,171.100006,165.130005,167.229996,142.674805,865285
2009-06-01,166.000000,171.789993,160.800003,161.639999,137.905609,462650
2009-06-02,161.699997,167.779999,158.429993,163.070007,139.125656,714125
2009-06-03,165.979996,170.399994,164.820007,167.449997,142.862488,440220
2009-06-04,166.000000,170.399994,166.000000,168.800003,144.014313,464720
2009-06-05,166.000000,174.000000,166.000000,170.979996,145.874161,909065
2009-06-08,171.600006,173.800003,163.820007,165.470001,141.173233,274055
2009-06-09,165.600006,169.779999,163.800003,168.740005,143.963089,287815
2009-06-10,170.000000,178.270004,169.199997,175.699997,149.901093,837890
2009-06-11,176.960007,179.779999,170.419998,174.360001,148.757874,630145
2009-06-12,175.720001,179.279999,166.020004,167.869995,143.220825,407045
2009-06-15,168.800003,175.600006,166.000000,171.970001,146.718811,549295
2009-06-16,167.199997,174.380005,166.559998,167.529999,142.930740,499455
2009-06-17,167.000000,173.559998,166.800003,170.289993,145.285492,623320
2009-06-18,170.000000,172.000000,163.020004,164.929993,140.712524,457990
2009-06-19,168.949997,168.949997,161.960007,163.270004,139.296280,320175
2009-06-22,166.210007,167.600006,162.199997,166.130005,141.736313,278740
2009-06-23,164.199997,170.199997,163.000000,169.479996,144.594437,238645
2009-06-24,169.699997,174.779999,169.500000,173.559998,148.075333,278120
2009-06-25,175.600006,181.000000,170.449997,178.949997,152.673904,1557245
2009-06-26,180.000000,180.000000,167.600006,168.789993,144.005768,1802510
2009-06-29,171.000000,171.580002,162.210007,164.789993,140.593063,794730
2009-06-30,166.600006,167.600006,162.199997,163.240005,139.270660,572225
2009-07-01,164.199997,166.789993,164.009995,165.500000,141.198837,175540
2009-07-02,166.600006,168.199997,164.800003,166.710007,142.231171,252240
2009-07-03,168.000000,170.779999,166.029999,169.740005,144.816254,586240
2009-07-06,172.000000,172.199997,163.600006,166.080002,141.693680,226650
2009-07-07,167.199997,168.979996,165.440002,167.759995,143.126984,69655
2009-07-08,167.960007,169.600006,156.669998,161.929993,138.153030,839545
2009-07-09,156.500000,162.000000,153.580002,160.000000,136.506409,1159390
2009-07-10,155.229996,162.050003,155.229996,158.750000,135.439957,1078515
2009-07-13,156.000000,160.979996,154.009995,159.750000,136.293137,254815
2009-07-14,161.990005,166.600006,160.600006,164.809998,140.610153,380375
2009-07-15,163.000000,174.199997,163.000000,172.369995,147.060074,1094325
2009-07-16,170.000000,180.000000,170.000000,178.110001,151.957245,513180
2009-07-17,178.770004,188.000000,178.600006,180.490005,153.987793,1505795
2009-07-20,181.000000,188.899994,179.399994,181.830002,166.674210,1427775
2009-07-21,180.000000,183.199997,177.210007,179.729996,164.749222,372500
2009-07-22,181.589996,189.600006,180.199997,186.850006,171.275787,1419245
2009-07-23,188.600006,195.279999,187.000000,193.029999,176.940628,1711495
2009-07-24,190.199997,197.990005,187.199997,189.100006,173.338226,822340
2009-07-27,186.000000,193.000000,185.000000,190.779999,174.878189,372485
2009-07-28,191.800003,193.899994,187.600006,189.740005,173.924866,224785
2009-07-29,193.800003,193.800003,184.210007,188.639999,172.916565,1119005
2009-07-30,188.000000,194.000000,180.000000,183.070007,167.810837,1586685
2009-07-31,183.000000,192.000000,183.000000,190.080002,174.236526,1115555
2009-08-03,192.229996,193.589996,187.399994,187.910004,172.247421,162065
2009-08-04,188.000000,191.190002,184.000000,185.250000,169.809128,835865
2009-08-05,187.000000,189.160004,184.300003,187.869995,172.210739,663890
2009-08-06,187.399994,195.000000,185.000000,187.289993,171.679062,1191825
2009-08-07,188.000000,196.970001,188.000000,194.580002,178.361450,2317500
2009-08-10,197.000000,202.000000,195.119995,196.100006,179.754761,1132265
2009-08-11,199.000000,200.580002,196.000000,198.919998,182.339706,1300870
2009-08-12,196.000000,201.979996,196.000000,199.750000,183.100525,845885
2009-08-13,199.600006,203.800003,199.600006,200.669998,183.943832,918290
2009-08-14,202.009995,202.009995,195.020004,196.020004,179.681412,523935
2009-08-17,192.199997,199.199997,192.020004,195.220001,178.948105,878220
2009-08-18,197.600006,198.839996,192.619995,194.770004,178.535599,603435
2009-08-19,196.929993,198.000000,188.250000,193.759995,177.609802,503025
2009-08-20,193.759995,201.000000,192.199997,197.860001,181.368073,563935
2009-08-21,198.000000,201.559998,197.199997,198.029999,181.523911,971880
2009-08-24,196.800003,203.800003,196.800003,200.039993,183.366333,1202070
2009-08-25,198.000000,209.800003,196.000000,207.600006,190.296204,1632895
2009-08-26,209.000000,211.800003,206.199997,207.479996,190.186218,996680
2009-08-27,209.470001,209.470001,204.100006,207.979996,190.644562,286170
2009-08-28,207.929993,209.779999,204.220001,207.729996,190.415375,374000
2009-08-31,180.610001,208.899994,180.610001,203.029999,186.107132,286275
2009-09-01,205.589996,205.979996,193.199997,195.080002,178.819778,543810
2009-09-02,191.000000,198.800003,191.000000,193.039993,176.949783,666465
2009-09-03,195.899994,197.740005,190.199997,193.300003,177.188156,810745
2009-09-04,198.000000,198.000000,194.559998,196.580002,180.194748,265785
2009-09-07,197.000000,206.000000,196.800003,202.690002,185.795486,560695
2009-09-08,203.979996,205.149994,200.509995,202.830002,185.923798,508065
2009-09-09,187.080002,209.979996,187.080002,208.630005,191.240387,1012260
2009-09-10,215.199997,215.380005,208.800003,212.619995,194.897797,689125
2009-09-11,213.779999,215.000000,208.000000,208.830002,191.423691,238785
2009-09-14,206.800003,210.399994,205.000000,209.279999,191.836227,134625
2009-09-15,210.399994,217.600006,210.080002,216.089996,198.078568,805405
2009-09-16,218.399994,222.800003,216.460007,220.509995,202.130157,946490
2009-09-17,223.000000,223.000000,213.119995,215.919998,197.922714,653115
2009-09-18,215.800003,221.000000,215.800003,217.830002,199.673553,687120
2009-09-22,216.000000,221.000000,213.080002,214.020004,196.181107,611545
2009-09-23,215.000000,217.399994,210.020004,212.190002,194.503616,903810
2009-09-24,195.199997,227.979996,195.199997,225.210007,206.438385,1252780
2009-09-25,225.000000,237.399994,224.800003,226.649994,207.758362,1261270
2009-09-29,232.000000,237.679993,226.800003,228.520004,209.472504,1677095
2009-09-30,233.979996,233.979996,224.860001,227.000000,208.079193,1967435
2009-10-01,227.000000,229.990005,225.800003,226.960007,208.042526,942565
2009-10-05,225.990005,235.940002,225.940002,234.669998,215.109894,2886295
2009-10-06,236.699997,247.800003,235.800003,242.389999,222.186432,3630005
2009-10-07,244.000000,257.559998,244.000000,254.970001,233.717865,2060075
2009-10-08,256.200012,258.980011,251.000000,252.460007,231.417068,1060880
2009-10-09,254.919998,259.600006,244.410004,246.679993,226.118835,721470
2009-10-12,246.600006,261.989990,246.000000,260.190002,238.502747,1323440
2009-10-13,259.000000,259.000000,259.000000,259.000000,237.411942,0
2009-10-14,261.000000,261.040009,249.320007,252.029999,231.022903,932220
2009-10-15,254.000000,258.579987,251.009995,253.649994,232.507889,469935
2009-10-16,254.000000,258.000000,250.600006,255.899994,234.570328,395000
2009-10-20,259.959991,261.380005,254.800003,256.630005,235.239487,1053110
2009-10-21,256.600006,256.989990,246.250000,249.139999,228.373764,702555
2009-10-22,246.220001,250.000000,236.410004,239.539993,219.573929,801615
2009-10-23,244.000000,257.739990,242.440002,250.429993,229.556259,1157165
2009-10-26,256.489990,261.790009,244.220001,247.470001,226.843002,1812905
2009-10-27,255.539993,255.539993,244.050003,250.789993,229.886230,1321835
2009-10-28,250.000000,252.740005,231.440002,233.779999,214.294067,1610200
2009-10-29,233.800003,251.000000,225.800003,245.949997,225.449661,7606235
2009-10-30,252.399994,257.000000,236.350006,245.990005,225.486359,1229245
2009-11-03,246.000000,253.600006,243.210007,245.630005,225.156357,1150640
2009-11-04,248.000000,253.990005,239.199997,251.750000,230.766251,811185
2009-11-05,251.600006,268.959991,250.199997,263.859985,241.866852,1919155
2009-11-06,265.019989,270.399994,256.000000,264.010010,242.004333,666605
2009-11-09,264.399994,272.420013,263.000000,270.049988,247.540863,1575235
2009-11-10,261.100006,275.600006,261.100006,265.970001,243.801010,695130
2009-11-11,266.000000,271.970001,265.000000,268.399994,246.028442,553685
2009-11-12,268.399994,270.940002,263.399994,264.320007,242.288544,278980
2009-11-13,265.000000,268.200012,263.619995,264.329987,242.297668,302575
2009-11-16,266.970001,274.779999,265.000000,270.859985,248.283386,1143670
2009-11-17,278.000000,278.000000,269.000000,270.649994,248.090897,692530
2009-11-18,270.200012,273.600006,264.230011,270.739990,248.173386,999445
2009-11-19,271.200012,272.000000,265.600006,268.130005,245.780960,623700
2009-11-20,266.600006,269.600006,264.230011,266.089996,243.911011,430555
2009-11-23,266.579987,269.600006,263.399994,265.920013,243.755112,350360
2009-11-24,265.500000,274.480011,265.000000,267.390015,245.102676,566270
2009-11-25,267.390015,270.600006,265.000000,266.040009,243.865158,449060
2009-11-26,273.000000,278.899994,266.600006,275.320007,252.371674,2672055
2009-11-27,277.600006,280.440002,268.809998,272.230011,249.539246,1522230
2009-11-30,275.000000,280.000000,274.029999,275.059998,252.133301,689020
2009-12-01,275.059998,282.600006,274.399994,280.070007,256.725739,1685345
2009-12-02,281.000000,284.779999,274.200012,276.470001,253.425842,1386245
2009-12-03,284.779999,284.779999,274.309998,281.029999,257.605682,2252720
2009-12-04,279.980011,290.369995,277.359985,287.730011,263.747314,1361590
2009-12-07,289.600006,290.380005,279.000000,281.109985,257.678986,1040850
2009-12-08,282.600006,284.799988,278.799988,282.890015,259.310699,630055
2009-12-09,282.880005,286.000000,279.029999,281.459991,257.999847,718310
2009-12-10,283.799988,288.399994,282.399994,287.549988,263.582214,1291990
2009-12-11,290.000000,293.000000,288.119995,289.459991,265.333038,1570930
2009-12-14,290.000000,290.399994,275.000000,289.220001,265.113068,551840
2009-12-15,290.000000,290.390015,284.600006,287.929993,263.930603,488150
2009-12-16,287.959991,289.950012,285.420013,286.589996,262.702271,260965
2009-12-17,287.700012,292.820007,287.000000,291.170013,266.900513,711050
2009-12-18,295.160004,310.940002,291.000000,303.799988,278.477783,3475235
2009-12-21,305.000000,307.000000,298.000000,299.859985,274.866241,1538205
2009-12-22,301.940002,301.940002,287.559998,289.269989,265.158875,2434195
2009-12-23,null,null,null,null,null,null
2009-12-24,null,null,null,null,null,null
2009-12-29,null,null,null,null,null,null
2009-12-30,null,null,null,null,null,null
2009-12-31,null,null,null,null,null,null
2010-01-04,296.000000,298.959991,290.519989,291.940002,267.606354,749580
2010-01-05,294.799988,294.799988,286.239990,287.679993,263.701416,939230
2010-01-06,289.779999,295.799988,288.000000,293.839996,269.347961,1172210
2010-01-07,294.600006,296.179993,287.200012,288.130005,264.113922,662050
2010-01-08,291.339996,292.000000,286.600006,287.880005,263.884766,552700
2010-01-11,288.440002,289.940002,281.399994,282.880005,259.301514,1421425
2010-01-12,280.000000,284.589996,277.989990,281.019989,257.596527,1650775
2010-01-13,280.019989,282.700012,276.239990,279.809998,256.487396,1063250
2010-01-14,281.000000,282.559998,276.269989,278.529999,255.314102,1287705
2010-01-15,279.000000,286.820007,278.399994,284.220001,260.529785,774525
2010-01-18,284.220001,288.779999,281.799988,284.239990,260.548157,677950
2010-01-19,283.200012,286.000000,281.399994,282.829987,259.255676,421975
2010-01-20,286.000000,290.619995,283.420013,284.869995,261.125641,1986100
2010-01-21,284.980011,287.559998,280.609985,282.260010,258.733246,533835
2010-01-22,279.399994,289.000000,262.019989,285.820007,261.996460,784230
2010-01-25,285.250000,291.000000,276.410004,286.480011,262.601410,1806590
2010-01-27,284.600006,286.480011,278.799988,282.239990,258.714874,1031915
2010-01-28,284.000000,286.000000,279.529999,280.799988,257.394836,1585110
2010-01-29,281.940002,297.760010,276.399994,284.529999,260.813995,1290385
2010-02-01,287.000000,317.200012,285.000000,314.559998,288.340973,3173040
2010-02-02,315.000000,321.600006,306.269989,311.149994,285.215149,1567615
2010-02-03,313.000000,316.859985,305.399994,310.000000,284.161011,1057485
2010-02-04,310.000000,314.000000,300.420013,305.160004,279.724487,391040
2010-02-05,302.010010,311.989990,295.010010,307.190002,281.585175,1643855
2010-02-06,null,null,null,null,null,null
2010-02-08,310.399994,311.500000,300.739990,302.760010,277.524475,1121195
2010-02-09,304.600006,315.000000,303.019989,313.079987,286.984314,1674500
2010-02-10,316.000000,319.500000,310.700012,316.260010,289.899261,1446830
2010-02-11,310.000000,319.000000,310.000000,314.769989,288.533386,467385
2010-02-15,315.000000,321.980011,314.079987,315.279999,289.000885,647830
2010-02-16,317.890015,317.890015,310.600006,311.750000,285.765137,374225
2010-02-17,314.649994,318.700012,313.019989,313.890015,287.726776,1099795
2010-02-18,314.399994,317.579987,307.019989,308.540009,282.822693,504770
2010-02-19,308.540009,311.200012,303.760010,305.540009,280.072754,307175
2010-02-22,308.000000,309.799988,298.299988,299.160004,274.224579,452940
2010-02-23,299.390015,300.600006,294.010010,295.570007,270.933746,630035
2010-02-24,294.000000,297.750000,291.000000,292.130005,267.780548,621190
2010-02-25,292.399994,301.970001,289.399994,299.589996,274.618683,906780
2010-02-26,301.000000,305.000000,297.839996,300.140015,275.122864,835660
2010-03-02,306.000000,306.000000,299.399994,300.600006,275.544495,931935
2010-03-03,301.010010,305.600006,299.220001,302.279999,277.084473,892300
2010-03-04,304.540009,308.000000,302.980011,306.899994,281.319366,815565
2010-03-05,307.500000,309.920013,305.260010,306.890015,281.310181,621360
2010-03-08,309.579987,319.459991,307.299988,317.559998,291.090851,1475165
2010-03-09,318.600006,320.940002,315.239990,317.779999,291.292511,783770
2010-03-10,318.399994,319.799988,310.220001,314.130005,287.946747,546815
2010-03-11,314.399994,318.380005,311.619995,317.209991,290.770050,466300
2010-03-12,317.609985,318.100006,313.609985,317.239990,290.797516,362605
2010-03-15,342.000000,342.000000,313.269989,319.730011,293.080017,496265
2010-03-16,322.000000,323.000000,314.220001,315.579987,289.275909,590670
2010-03-17,318.970001,326.200012,316.000000,325.019989,297.929077,1599905
2010-03-18,325.399994,326.940002,318.540009,320.899994,294.152435,1371325
2010-03-19,321.399994,325.200012,320.600006,322.859985,295.949097,569890
2010-03-22,323.000000,331.260010,320.000000,329.320007,301.870636,1188825
2010-03-23,331.000000,334.470001,330.600006,332.429993,304.721405,528930
2010-03-25,328.000000,336.200012,327.799988,329.049988,301.623108,491560
2010-03-26,312.600006,332.000000,312.600006,328.700012,301.302338,420045
2010-03-29,330.000000,331.390015,327.010010,328.640015,301.247345,478900
2010-03-30,331.359985,331.359985,313.200012,318.600006,292.044159,988530
2010-03-31,319.600006,326.940002,315.619995,325.470001,298.341583,677370
2010-04-01,325.470001,328.799988,322.619995,323.480011,296.517426,357820
2010-04-05,327.000000,329.000000,324.410004,327.640015,300.330688,680460
2010-04-06,329.799988,329.989990,319.399994,320.799988,294.060822,538445
2010-04-07,320.000000,326.000000,314.679993,324.920013,297.837463,493020
2010-04-08,326.000000,328.790009,320.200012,322.350006,295.481628,466515
2010-04-09,324.000000,326.959991,322.239990,326.040009,298.864075,600875
2010-04-12,327.000000,328.000000,321.459991,324.910004,297.828247,290630
2010-04-13,325.600006,326.000000,320.459991,321.420013,294.629150,437115
2010-04-15,322.420013,327.000000,321.000000,323.540009,296.572449,567775
2010-04-16,323.600006,333.320007,321.600006,331.950012,304.281433,609305
2010-04-19,328.429993,336.000000,327.100006,330.859985,303.282257,1223300
2010-04-20,331.779999,337.000000,330.920013,334.359985,306.490601,764910
2010-04-21,335.000000,340.959991,326.179993,329.059998,301.632355,1309965
2010-04-22,330.000000,330.959991,324.200012,327.579987,300.275665,574745
2010-04-23,328.380005,334.179993,325.600006,331.359985,303.740631,692145
2010-04-26,333.380005,333.799988,327.619995,329.700012,302.218964,421865
2010-04-27,326.170013,335.000000,326.170013,334.410004,306.536407,538065
2010-04-28,331.600006,340.000000,330.410004,337.089996,308.992981,755145
2010-04-29,337.399994,339.589996,333.040009,336.459991,308.415527,401215
2010-04-30,337.000000,345.600006,333.619995,341.269989,312.824615,727470
2010-05-03,344.769989,354.779999,339.399994,353.290009,323.842712,1243365
2010-05-04,353.000000,355.589996,348.399994,349.619995,320.478638,544160
2010-05-05,348.000000,366.980011,345.109985,363.890015,333.559235,2265535
2010-05-06,364.200012,366.799988,354.420013,363.440002,333.146698,3606785
2010-05-07,359.989990,360.000000,356.010010,359.390015,329.434296,771865
2010-05-10,355.000000,368.790009,350.239990,359.119995,329.186798,1170480
2010-05-11,374.399994,374.399994,353.399994,355.049988,325.455963,704610
2010-05-12,362.500000,362.500000,348.260010,356.250000,326.556030,753070
2010-05-13,357.579987,363.369995,356.119995,360.119995,330.103424,698135
2010-05-14,360.799988,363.000000,357.000000,359.250000,329.305939,497700
2010-05-17,354.000000,357.600006,346.640015,353.700012,324.218597,817795
2010-05-18,353.600006,362.700012,353.600006,361.070007,330.974213,1196820
2010-05-19,359.600006,359.600006,352.029999,353.980011,324.475220,1158645
2010-05-20,355.000000,360.600006,353.010010,358.859985,328.948456,1412475
2010-05-21,357.000000,364.019989,351.399994,362.839996,332.596710,1619740
2010-05-24,365.000000,368.750000,359.239990,361.320007,331.203400,595915
2010-05-25,361.750000,364.200012,356.000000,361.559998,331.423431,1516395
2010-05-26,364.000000,366.799988,360.200012,361.730011,331.579315,273935
2010-05-27,363.000000,363.000000,355.609985,357.899994,328.068451,707560
2010-05-28,361.799988,367.000000,361.209991,365.309998,334.860840,682040
2010-05-31,365.399994,374.799988,363.000000,372.040009,341.029907,276935
2010-06-01,371.600006,376.200012,367.000000,370.859985,339.948212,751760
2010-06-02,375.000000,375.000000,364.450012,368.579987,337.858246,524280
2010-06-03,374.000000,374.000000,368.200012,369.040009,338.279968,573695
2010-06-04,371.399994,373.600006,368.250000,370.239990,339.379944,685455
2010-06-07,361.000000,372.390015,360.720001,371.399994,340.443237,329610
2010-06-08,373.200012,373.980011,366.600006,368.529999,337.812469,275940
2010-06-09,368.799988,373.500000,368.700012,371.600006,340.626556,470355
2010-06-10,372.000000,379.959991,372.000000,377.549988,346.080597,1246310
2010-06-11,381.329987,381.329987,372.799988,373.880005,342.716553,308730
2010-06-14,374.459991,377.399994,368.380005,369.920013,339.086609,691950
2010-06-15,370.000000,378.799988,364.049988,375.809998,344.485687,742090
2010-06-16,374.000000,378.940002,373.410004,376.420013,345.044830,633905
2010-06-17,376.000000,379.799988,373.399994,375.980011,344.641479,321590
2010-06-18,375.220001,382.100006,375.220001,376.260010,344.898193,380405
2010-06-21,377.200012,379.390015,375.100006,376.850006,345.438995,427205
2010-06-22,375.000000,379.700012,373.000000,377.269989,345.823944,364925
2010-06-23,377.399994,381.980011,376.049988,378.640015,347.079834,487270
2010-06-24,378.200012,387.600006,377.609985,384.170013,352.148804,1294525
2010-06-25,384.170013,387.579987,381.649994,382.730011,350.828857,507435
2010-06-28,383.399994,387.600006,382.019989,386.279999,354.082947,401620
2010-06-29,386.600006,389.799988,380.820007,385.100006,353.001312,355355
2010-06-30,380.500000,394.799988,380.500000,393.570007,360.765320,2394915
2010-07-01,392.799988,394.399994,384.200012,386.000000,353.826263,780485
2010-07-02,386.000000,389.799988,384.399994,386.450012,354.238800,509040
2010-07-05,386.000000,387.600006,383.000000,385.059998,352.964630,307445
2010-07-06,384.399994,386.959991,382.589996,383.559998,351.589661,227195
2010-07-07,382.410004,387.600006,381.000000,385.339996,353.221313,420530
2010-07-08,386.399994,387.380005,383.000000,384.890015,352.808807,687380
2010-07-09,387.899994,387.899994,382.600006,384.260010,352.231262,275975
2010-07-12,380.459991,386.959991,378.500000,380.700012,348.968079,298350
2010-07-13,381.750000,381.750000,372.000000,375.920013,344.586517,829745
2010-07-14,382.000000,382.000000,372.799988,374.950012,343.697327,530900
2010-07-15,376.000000,377.559998,367.600006,370.630005,339.737457,535115
2010-07-16,365.100006,379.600006,365.100006,375.010010,343.752350,917160
2010-07-19,373.600006,375.529999,371.600006,373.850006,355.486206,583760
2010-07-20,374.200012,376.290009,371.799988,374.299988,355.914001,390620
2010-07-21,374.399994,377.600006,371.649994,375.570007,357.121735,1646950
2010-07-22,374.799988,376.980011,369.200012,372.440002,354.145416,620240
2010-07-23,375.000000,381.869995,373.399994,379.440002,360.801575,1067700
2010-07-26,379.799988,395.500000,378.549988,393.130005,373.819153,2147000
2010-07-27,393.220001,395.320007,387.200012,390.709991,371.518005,1421485
2010-07-28,391.019989,396.980011,382.869995,385.179993,366.259583,2248355
2010-07-29,383.260010,388.799988,378.420013,380.459991,361.771515,3127955
2010-07-30,383.359985,383.980011,373.700012,375.589996,357.140717,762830
2010-08-02,379.019989,381.779999,374.200012,380.970001,362.256409,568180
2010-08-03,380.399994,385.720001,378.600006,384.230011,365.356323,495640
2010-08-04,385.100006,386.000000,381.399994,383.660004,364.814331,393565
2010-08-05,383.660004,385.200012,375.000000,377.579987,359.032928,322495
2010-08-06,375.700012,379.799988,373.000000,378.140015,359.565460,702835
2010-08-09,376.059998,380.359985,375.600006,379.269989,360.639923,477695
2010-08-10,376.529999,380.799988,371.000000,372.140015,353.860168,1127275
2010-08-11,372.200012,372.779999,366.000000,366.730011,348.715973,863810
2010-08-12,364.000000,366.000000,361.019989,362.350006,344.551025,997570
2010-08-13,363.000000,370.399994,358.429993,367.089996,349.058258,618180
2010-08-16,367.019989,369.600006,360.600006,361.459991,343.704742,1182285
2010-08-17,362.200012,365.690002,354.200012,357.869995,340.291138,728225
2010-08-18,359.000000,363.200012,357.029999,360.549988,342.839478,411315
2010-08-19,360.250000,364.559998,360.000000,360.980011,343.248383,467690
2010-08-20,363.839996,373.940002,359.000000,370.970001,352.747620,846900
2010-08-23,372.799988,377.279999,372.000000,374.920013,356.503601,644610
2010-08-24,377.600006,384.980011,371.200012,382.149994,363.378479,1118935
2010-08-25,384.019989,385.940002,375.000000,379.250000,360.620911,1213595
2010-08-26,380.399994,380.450012,371.799988,373.609985,355.257935,912255
2010-08-27,379.250000,384.399994,370.200012,373.100006,354.773071,580181
2010-08-30,385.000000,385.000000,362.049988,365.299988,347.356140,353856
2010-08-31,366.000000,366.000000,348.149994,356.399994,338.893341,973684
2010-09-01,360.950012,360.950012,349.149994,356.799988,339.273743,802733
2010-09-02,350.100006,372.799988,350.100006,360.350006,342.649384,1181448
2010-09-03,365.000000,369.500000,360.000000,366.000000,348.021759,525620
2010-09-06,368.200012,372.799988,366.000000,371.549988,353.299103,599216
2010-09-07,373.000000,374.500000,365.000000,368.299988,350.208832,318684
2010-09-08,368.000000,379.799988,364.000000,375.500000,357.055115,636150
2010-09-09,378.500000,379.799988,370.399994,375.799988,357.340332,428553
2010-09-13,376.549988,377.399994,371.299988,375.100006,356.674774,469019
2010-09-14,374.100006,375.950012,370.500000,371.899994,353.631958,641223
2010-09-15,368.200012,375.500000,368.200012,372.600006,354.297607,682822
2010-09-16,366.600006,372.350006,361.500000,363.899994,346.024933,1086731
2010-09-17,364.750000,390.899994,364.500000,387.700012,368.655853,2080891
2010-09-20,392.899994,398.899994,386.500000,388.750000,369.654297,922390
2010-09-21,391.500000,391.500000,381.100006,386.500000,367.514832,582246
2010-09-22,387.549988,389.000000,380.500000,385.049988,366.136017,338533
2010-09-23,385.000000,403.450012,384.100006,399.250000,379.638489,1539976
2010-09-24,399.000000,407.299988,399.000000,401.500000,381.778015,1002424
2010-09-27,404.000000,407.500000,399.100006,402.950012,383.156769,845462
2010-09-28,402.700012,408.000000,394.000000,395.149994,375.739868,648589
2010-09-29,396.000000,399.899994,387.000000,389.399994,370.272308,842719
2010-09-30,394.450012,394.899994,385.250000,388.100006,369.036224,965340
2010-10-01,388.100006,399.000000,388.100006,397.399994,377.879364,376570
2010-10-04,398.100006,407.950012,394.200012,405.750000,385.819244,1163275
2010-10-05,406.200012,416.049988,406.200012,409.049988,388.957123,1238266
2010-10-06,414.799988,415.799988,410.500000,412.000000,391.762299,506159
2010-10-07,414.750000,415.250000,405.000000,407.100006,387.102905,763833
2010-10-08,409.899994,414.500000,405.299988,411.500000,391.286743,412168
2010-10-11,415.000000,416.799988,412.000000,413.200012,392.903290,296327
2010-10-12,414.850006,426.899994,409.799988,424.000000,403.172729,951654
2010-10-13,428.000000,430.000000,422.000000,425.750000,404.836761,1019760
2010-10-14,428.799988,434.950012,423.549988,431.899994,410.684723,900325
2010-10-15,432.149994,433.750000,423.100006,425.649994,404.741730,477845
2010-10-18,433.500000,435.000000,413.200012,415.100006,394.709930,826933
2010-10-19,417.000000,431.000000,411.649994,423.500000,402.697327,650485
2010-10-20,423.000000,440.000000,421.000000,436.649994,415.201385,899083
2010-10-21,436.950012,445.799988,434.750000,441.850006,420.145996,1534244
2010-10-22,441.850006,448.000000,430.299988,442.350006,420.621368,677353
2010-10-25,444.000000,459.500000,443.250000,454.700012,432.364777,824134
2010-10-26,455.000000,460.399994,439.500000,441.200012,419.527893,871643
2010-10-27,443.000000,452.000000,440.250000,448.850006,426.802155,769797
2010-10-28,459.600006,459.600006,437.000000,440.899994,419.242645,516365
2010-10-29,439.200012,448.950012,402.149994,438.299988,416.770325,873427
2010-11-01,453.000000,459.000000,440.000000,444.500000,422.665833,880645
2010-11-02,453.399994,453.399994,442.549988,443.799988,422.000183,354095
2010-11-03,447.950012,456.899994,446.200012,452.000000,429.797455,439447
2010-11-04,454.000000,455.799988,445.850006,447.850006,425.851227,587867
2010-11-08,450.950012,454.700012,445.250000,447.899994,425.898804,447320
2010-11-09,448.100006,463.950012,448.100006,458.649994,436.120728,936189
2010-11-10,462.000000,468.950012,459.250000,467.250000,444.298248,956054
2010-11-11,470.049988,493.850006,469.899994,477.649994,454.187439,3300616
2010-11-12,477.899994,486.500000,455.750000,469.750000,446.675507,1605035
2010-11-15,472.000000,489.000000,463.200012,484.899994,461.081360,1463386
2010-11-16,486.500000,496.399994,474.000000,477.799988,454.330048,1519834
2010-11-18,482.000000,497.700012,476.799988,492.850006,468.640839,2294446
2010-11-19,496.899994,501.799988,489.049988,491.649994,467.499756,1409702
2010-11-22,495.399994,496.899994,480.100006,488.750000,464.742218,832539
2010-11-23,485.000000,485.950012,469.000000,482.700012,458.989380,1446766
2010-11-24,484.000000,494.899994,481.000000,486.799988,462.887939,1202424
2010-11-25,489.600006,510.899994,488.000000,493.799988,469.544189,3873309
2010-11-26,499.899994,503.950012,427.000000,491.299988,467.166962,3542715
2010-11-29,493.000000,517.700012,482.100006,508.000000,483.046631,2754139
2010-11-30,512.000000,519.750000,502.100006,511.450012,486.327148,9459260
2010-12-01,513.750000,519.950012,506.600006,511.500000,486.374695,2385007
2010-12-02,516.500000,517.500000,498.399994,501.000000,476.390472,2046998
2010-12-03,504.000000,504.799988,487.500000,496.000000,471.636078,1762060
2010-12-06,500.100006,501.000000,476.299988,478.149994,454.662903,2604084
2010-12-07,475.000000,480.000000,468.500000,472.399994,449.195374,1776876
2010-12-08,470.000000,477.899994,460.000000,465.700012,442.824432,1133285
2010-12-09,466.500000,468.799988,434.000000,439.100006,417.531036,1939109
2010-12-10,415.000000,464.000000,415.000000,453.299988,431.033539,1563279
2010-12-13,458.399994,465.100006,451.500000,460.600006,437.975006,1605822
2010-12-14,462.000000,463.899994,456.250000,461.200012,438.545471,767458
2010-12-15,461.000000,461.000000,442.299988,448.000000,425.993896,814106
2010-12-16,454.000000,456.799988,448.850006,454.450012,432.127075,839761
2010-12-20,458.700012,458.700012,446.299988,448.149994,426.136505,610774
2010-12-21,452.899994,453.000000,446.100006,450.649994,428.513672,676501
2010-12-22,453.899994,459.750000,449.750000,450.950012,428.799011,551024
2010-12-23,452.950012,453.500000,446.500000,451.149994,428.989105,376387
2010-12-24,450.600006,457.450012,448.299988,455.149994,432.792664,490272
2010-12-27,451.000000,460.399994,451.000000,454.250000,431.936920,312017
2010-12-28,455.250000,461.950012,453.100006,460.549988,437.927399,606690
2010-12-29,462.500000,475.299988,460.549988,467.799988,444.821289,1472048
2010-12-30,471.600006,478.450012,464.000000,474.750000,451.429871,1139584
2010-12-31,476.000000,484.000000,471.549988,482.450012,458.751648,850715
2011-01-03,486.000000,491.899994,483.549988,486.600006,462.697815,501202
2011-01-04,490.950012,493.799988,488.100006,489.899994,465.835693,833707
2011-01-05,491.799988,493.500000,484.049988,487.549988,463.601166,545510
2011-01-06,491.500000,493.000000,486.250000,489.549988,465.502899,360620
2011-01-07,493.000000,493.600006,470.000000,473.700012,450.431458,378822
2011-01-10,474.000000,479.500000,460.750000,463.399994,440.637360,521329
2011-01-11,466.000000,473.149994,445.049988,451.899994,429.702271,1138245
2011-01-12,455.000000,463.750000,443.600006,462.250000,439.543854,586440
2011-01-13,465.000000,473.899994,461.899994,467.750000,444.773743,523006
2011-01-14,468.000000,469.000000,455.250000,459.450012,436.881470,525335
2011-01-17,461.000000,473.000000,450.200012,466.500000,443.585175,580960
2011-01-18,468.000000,472.399994,467.000000,469.700012,446.627960,259951
2011-01-19,471.000000,472.000000,457.149994,458.700012,436.168274,551573
2011-01-20,460.000000,466.500000,455.149994,464.799988,441.968658,495828
2011-01-21,460.799988,464.600006,458.049988,459.850006,437.261841,389061
2011-01-24,459.850006,470.000000,459.850006,469.149994,446.104919,591755
2011-01-25,472.850006,473.549988,465.000000,467.450012,444.488495,621277
2011-01-27,471.000000,471.700012,437.799988,441.799988,420.098419,1873551
2011-01-28,441.000000,445.000000,407.200012,419.250000,398.656097,3377386
2011-01-31,414.100006,426.899994,385.250000,421.899994,401.175873,2881056
2011-02-01,423.950012,427.200012,404.200012,411.549988,391.334290,1518025
2011-02-02,414.899994,421.000000,413.049988,415.149994,394.757477,865048
2011-02-03,411.600006,424.850006,411.600006,422.799988,402.031738,653333
2011-02-04,422.799988,433.549988,419.100006,422.700012,401.936707,822353
2011-02-07,421.000000,423.100006,408.549988,410.250000,390.098175,771434
2011-02-08,411.799988,411.799988,393.549988,396.000000,376.548157,1017713
2011-02-09,396.000000,398.000000,366.250000,378.549988,359.955261,2097467
2011-02-10,380.000000,398.299988,376.000000,392.700012,373.410278,1264932
2011-02-11,393.100006,412.049988,392.000000,410.100006,389.955536,745704
2011-02-14,411.250000,428.000000,411.250000,426.149994,405.217163,708592
2011-02-15,433.850006,433.850006,415.500000,422.950012,402.174347,515693
2011-02-16,423.600006,430.450012,414.100006,416.399994,395.946075,529219
2011-02-17,419.899994,421.950012,412.500000,414.750000,394.377167,517738
2011-02-18,414.750000,421.350006,402.500000,403.700012,383.869904,670489
2011-02-21,405.000000,414.500000,397.000000,412.049988,391.809753,809543
2011-02-22,410.000000,417.549988,403.600006,411.899994,391.667145,491933
2011-02-23,409.950012,411.000000,401.250000,404.549988,384.678223,760773
2011-02-24,402.250000,408.850006,382.000000,386.850006,367.847656,1422293
2011-02-25,390.000000,395.899994,363.100006,373.850006,355.486206,1764982
2011-02-28,412.000000,412.000000,373.899994,381.200012,362.475098,613950
2011-03-01,381.000000,396.500000,377.950012,395.799988,376.358002,1882863
2011-03-03,395.000000,399.899994,390.250000,397.799988,378.259735,1731448
2011-03-04,400.000000,403.750000,395.000000,397.200012,377.689209,401715
2011-03-07,386.100006,397.200012,386.100006,392.899994,373.600433,386675
2011-03-08,395.950012,399.899994,387.399994,391.399994,372.174103,785070
2011-03-09,392.750000,396.700012,390.250000,394.549988,375.169373,543121
2011-03-10,393.950012,393.950012,388.700012,389.899994,370.747833,425988
2011-03-11,389.000000,390.600006,383.000000,387.700012,368.655853,728121
2011-03-14,380.049988,396.500000,380.049988,395.299988,375.882477,492812
2011-03-15,389.950012,393.000000,378.149994,379.500000,360.858643,1238470
2011-03-16,381.049988,393.899994,381.000000,391.600006,372.364288,541589
2011-03-17,395.000000,395.000000,387.000000,392.450012,373.172577,416366
2011-03-18,396.000000,396.600006,389.399994,392.350006,373.077454,601423
2011-03-21,395.049988,405.250000,392.000000,403.750000,383.917419,1005831
2011-03-22,401.250000,411.899994,401.250000,407.200012,387.197998,514042
2011-03-23,407.950012,418.000000,407.200012,415.299988,394.900085,1086796
2011-03-24,417.950012,423.700012,402.899994,405.750000,385.819244,1367990
2011-03-25,407.049988,412.000000,404.100006,406.100006,386.152069,897475
2011-03-28,405.100006,407.850006,401.700012,405.450012,385.533966,989433
2011-03-29,408.000000,410.000000,400.549988,402.899994,383.109192,802054
2011-03-30,408.000000,419.350006,404.450012,416.549988,396.088684,650599
2011-03-31,420.000000,423.700012,412.000000,416.649994,396.183807,1299015
2011-04-01,421.950012,421.950012,412.549988,417.149994,396.659210,240755
2011-04-04,413.000000,421.850006,413.000000,415.399994,394.995178,1038108
2011-04-05,416.000000,417.450012,408.500000,411.549988,391.334290,554552
2011-04-06,413.000000,415.700012,404.649994,405.850006,385.914307,892612
2011-04-07,407.500000,410.399994,405.000000,407.549988,387.530762,2305324
2011-04-08,408.000000,416.500000,408.000000,410.750000,390.573639,1115754
2011-04-11,413.950012,413.950012,407.200012,408.950012,388.862030,1111998
2011-04-13,408.000000,415.000000,405.000000,413.950012,393.616425,1134472
2011-04-15,415.399994,415.500000,407.250000,410.899994,390.716278,315707
2011-04-18,414.000000,415.450012,406.649994,410.100006,389.955536,859780
2011-04-19,408.100006,412.000000,405.399994,409.250000,389.147339,431212
2011-04-20,410.000000,418.799988,410.000000,417.049988,396.564178,736995
2011-04-21,419.299988,419.299988,410.000000,411.700012,391.476959,524331
2011-04-25,412.200012,415.649994,412.149994,415.350006,394.947693,452129
2011-04-26,415.399994,422.000000,411.750000,419.250000,398.656097,585301
2011-04-27,423.850006,427.299988,419.250000,423.549988,402.744873,786082
2011-04-28,425.049988,439.000000,420.549988,434.899994,413.537354,1580479
2011-04-29,436.100006,446.399994,435.000000,440.850006,419.195068,1880574
2011-05-02,442.000000,445.000000,431.000000,432.750000,411.492950,973047
2011-05-03,432.000000,432.899994,420.000000,422.799988,402.031738,492422
2011-05-04,424.350006,429.750000,416.100006,423.700012,402.887543,831831
2011-05-05,425.000000,435.000000,419.000000,431.750000,410.542145,1017109
2011-05-06,433.700012,433.700012,418.100006,419.450012,398.846283,718914
2011-05-09,422.000000,431.000000,421.100006,428.600006,407.546844,731753
2011-05-10,432.000000,435.000000,422.649994,425.100006,404.218781,1545334
2011-05-11,427.750000,427.799988,418.350006,420.600006,399.939819,414493
2011-05-12,422.750000,428.799988,406.149994,424.200012,403.362976,2180479
2011-05-13,424.200012,446.000000,416.100006,440.149994,418.529480,2195250
2011-05-16,441.000000,450.799988,440.200012,448.049988,426.041412,888987
2011-05-17,451.950012,452.700012,441.100006,443.799988,422.000183,826807
2011-05-18,446.649994,449.500000,439.250000,444.200012,422.380554,1685021
2011-05-19,445.000000,446.899994,441.000000,444.600006,422.760864,710464
2011-05-20,446.000000,456.399994,436.000000,438.750000,417.198273,1215644
2011-05-23,439.799988,442.600006,431.649994,434.100006,412.776672,512914
2011-05-24,434.850006,436.850006,429.549988,434.750000,413.394745,320579
2011-05-25,433.100006,442.799988,430.000000,439.200012,417.626160,743286
2011-05-26,441.950012,445.450012,439.100006,442.100006,420.383636,647199
2011-05-27,440.000000,450.399994,440.000000,445.149994,423.283875,886346
2011-05-30,449.799988,456.850006,446.299988,451.299988,429.131775,863410
2011-05-31,454.049988,472.500000,454.049988,469.899994,446.818115,1864568
2011-06-01,474.700012,475.899994,460.700012,466.600006,443.680206,1151733
2011-06-02,464.500000,473.399994,453.600006,455.299988,432.935272,1433922
2011-06-03,451.149994,460.899994,449.000000,450.049988,427.943146,767108
2011-06-06,451.250000,451.649994,442.000000,443.299988,421.524689,861841
2011-06-07,442.000000,450.299988,442.000000,448.100006,426.088989,897065
2011-06-08,450.000000,450.000000,442.549988,443.600006,421.809998,474046
2011-06-09,444.350006,446.200012,437.350006,439.100006,417.531036,584812
2011-06-10,450.000000,450.000000,437.100006,438.850006,417.293304,292955
2011-06-13,438.299988,441.000000,431.549988,433.350006,412.063446,987525
2011-06-14,434.350006,442.000000,433.100006,439.450012,417.863861,848060
2011-06-15,441.000000,449.399994,437.500000,441.549988,419.860718,1140013
2011-06-16,442.500000,451.899994,438.149994,447.700012,425.708649,1519007
2011-06-17,451.799988,454.899994,440.200012,442.299988,420.573883,894033
2011-06-20,442.299988,445.700012,419.950012,431.350006,410.161713,770377
2011-06-21,435.000000,445.100006,431.000000,435.100006,413.727539,530499
2011-06-22,443.700012,443.700012,424.149994,425.850006,404.931946,390580
2011-06-23,430.000000,435.000000,422.450012,430.549988,409.401001,664621
2011-06-24,432.000000,436.500000,428.000000,430.399994,409.258392,748094
2011-06-27,432.000000,449.500000,421.149994,446.500000,424.567566,806098
2011-06-28,449.799988,454.000000,443.100006,445.000000,423.141235,477218
2011-06-29,447.000000,451.500000,442.000000,446.149994,424.234711,411835
2011-06-30,449.750000,454.799988,444.450012,449.200012,427.134918,1539038
2011-07-01,453.850006,456.950012,445.750000,448.750000,426.707062,1185783
2011-07-04,450.000000,452.700012,446.649994,448.649994,426.612000,405679
2011-07-05,446.649994,452.450012,444.100006,446.149994,424.234711,503683
2011-07-06,447.899994,453.049988,444.500000,450.149994,428.038269,677365
2011-07-07,452.299988,464.000000,452.100006,461.500000,438.830719,1047662
2011-07-08,463.100006,466.799988,455.000000,455.399994,433.030334,554675
2011-07-11,452.100006,460.450012,452.100006,456.450012,434.028839,390200
2011-07-12,454.950012,463.000000,451.000000,458.299988,435.787933,509570
2011-07-13,465.000000,470.000000,460.299988,469.049988,446.009827,636282
2011-07-14,472.000000,483.899994,466.000000,479.100006,455.566193,1287278
2011-07-15,482.000000,488.000000,478.500000,484.149994,460.368225,899248
2011-07-18,484.000000,489.350006,476.500000,479.250000,458.550232,3106037
2011-07-19,478.700012,482.899994,477.500000,479.700012,458.980835,725501
2011-07-20,480.000000,483.899994,453.250000,460.549988,440.657898,2566943
2011-07-21,462.700012,462.700012,441.000000,446.850006,427.549652,1513008
2011-07-22,450.000000,456.500000,448.500000,452.600006,433.051270,704389
2011-07-25,455.149994,460.500000,451.399994,457.649994,437.883148,607842
2011-07-26,462.899994,466.700012,455.450012,463.950012,443.911072,1299016
2011-07-27,465.049988,466.000000,447.000000,448.799988,429.415405,1203562
2011-07-28,444.799988,453.899994,441.750000,449.200012,429.798126,1824061
2011-07-29,447.950012,456.450012,446.149994,454.750000,435.108429,779536
2011-08-01,461.399994,462.399994,454.500000,455.649994,435.969574,569750
2011-08-02,458.649994,462.649994,452.549988,459.850006,439.988190,841657
2011-08-03,458.950012,459.000000,453.000000,453.850006,434.247314,468632
2011-08-04,454.000000,465.450012,454.000000,459.100006,439.270508,991269
2011-08-05,441.250000,453.450012,438.250000,449.750000,430.324402,1034162
2011-08-08,440.000000,448.000000,426.399994,445.750000,426.497162,744891
2011-08-09,439.850006,446.649994,430.100006,439.899994,420.899841,1399020
2011-08-10,442.299988,464.700012,442.299988,462.450012,442.475830,824309
2011-08-11,461.049988,472.000000,451.100006,453.899994,434.295105,988235
2011-08-12,455.000000,463.000000,451.899994,453.049988,433.481842,406117
2011-08-16,458.649994,458.649994,450.000000,453.549988,433.960266,575503
2011-08-17,456.899994,456.899994,443.750000,445.450012,426.210144,295525
2011-08-18,448.950012,454.000000,436.000000,438.850006,419.895172,746759
2011-08-19,429.100006,442.000000,429.100006,436.200012,417.359619,366149
2011-08-22,436.899994,442.000000,432.299988,439.750000,420.756317,296837
2011-08-23,440.600006,448.700012,436.200012,438.000000,419.081909,364705
2011-08-24,440.000000,458.450012,439.500000,450.149994,430.707123,1155271
2011-08-25,452.500000,468.000000,451.100006,463.600006,443.576233,1154418
2011-08-26,463.950012,471.299988,450.850006,453.500000,433.912415,1243186
2011-08-29,459.250000,472.000000,455.149994,459.549988,439.701111,578017
2011-08-30,464.700012,464.700012,445.549988,448.750000,429.367615,1132109
2011-09-02,456.000000,470.000000,449.000000,467.799988,447.594788,2100619
2011-09-05,467.799988,475.899994,462.200012,471.950012,451.565552,875389
2011-09-06,467.399994,487.950012,467.399994,483.799988,462.903717,2063809
2011-09-07,487.600006,487.600006,466.700012,468.950012,448.695129,1389012
2011-09-08,472.399994,477.950012,468.399994,470.299988,449.986786,587233
2011-09-09,474.649994,480.799988,471.549988,474.950012,454.435944,640556
2011-09-12,474.049988,475.850006,464.049988,465.000000,444.915680,538539
2011-09-13,469.700012,474.250000,467.250000,468.299988,448.073181,401434
2011-09-14,475.000000,481.799988,469.600006,479.950012,459.220001,2592900
2011-09-15,476.350006,484.700012,472.750000,476.299988,455.727661,533282
2011-09-16,479.000000,483.000000,471.549988,479.350006,458.645905,1247663
2011-09-19,474.549988,482.200012,469.000000,473.899994,453.431305,496277
2011-09-20,477.399994,485.000000,471.149994,483.549988,462.664490,660558
2011-09-21,488.700012,492.299988,485.000000,487.799988,466.730896,1149247
2011-09-22,485.000000,487.450012,477.399994,479.750000,459.028595,563628
2011-09-23,474.350006,484.399994,472.299988,475.600006,455.057861,665955
2011-09-26,478.000000,479.000000,452.049988,463.450012,443.432678,438180
2011-09-27,472.649994,477.950012,466.049988,468.500000,448.264526,734023
2011-09-28,477.000000,478.899994,469.649994,477.000000,456.397400,576265
2011-09-29,474.649994,478.000000,470.899994,475.049988,454.531647,624991
2011-09-30,477.450012,477.450012,472.200012,474.350006,453.861877,534756
2011-10-03,468.750000,477.000000,468.200012,472.399994,451.996155,435939
2011-10-04,471.899994,476.200012,462.500000,464.450012,444.389496,779403
2011-10-05,466.100006,475.000000,460.700012,469.700012,449.412720,555944
2011-10-07,478.000000,478.000000,448.799988,459.399994,439.557526,1001972
2011-10-10,469.899994,469.899994,451.049988,457.450012,437.691833,922564
2011-10-11,460.000000,471.500000,458.450012,468.750000,448.503754,1023113
2011-10-12,469.500000,475.000000,460.549988,462.299988,442.332306,657852
2011-10-13,465.649994,465.899994,450.250000,453.799988,434.199463,661655
2011-10-14,456.100006,458.350006,451.299988,455.049988,435.395447,789954
2011-10-17,458.000000,467.000000,455.399994,464.049988,444.006714,660990
2011-10-18,457.500000,471.000000,457.500000,467.549988,447.355591,1172571
2011-10-19,470.000000,473.649994,467.299988,472.399994,451.996155,513676
2011-10-20,472.500000,475.750000,467.100006,469.899994,449.604065,1250286
2011-10-21,478.950012,479.600006,464.500000,466.549988,446.398712,1284908
2011-10-24,469.950012,475.000000,467.100006,474.950012,454.435944,637455
2011-10-25,475.549988,480.000000,472.100006,477.100006,456.493103,1034377
2011-10-28,486.549988,494.000000,468.350006,474.649994,454.148895,1527669
2011-10-31,477.000000,481.149994,468.500000,470.200012,449.891113,1060466
2011-11-01,470.000000,477.000000,468.299988,475.350006,454.818665,249099
2011-11-02,472.899994,477.799988,468.600006,475.850006,455.297089,225052
2011-11-03,474.950012,476.000000,472.500000,474.649994,454.148895,393178
2011-11-04,475.649994,484.899994,475.649994,483.200012,462.329620,944766
2011-11-08,486.700012,486.700012,479.000000,480.649994,459.889740,503557
2011-11-09,485.799988,486.399994,470.649994,474.549988,454.053223,1393590
2011-11-11,472.950012,482.149994,463.399994,473.500000,453.048584,723362
2011-11-14,479.750000,479.750000,465.500000,466.299988,446.159546,264749
2011-11-15,461.700012,469.649994,458.700012,461.250000,441.327698,418728
2011-11-16,460.350006,463.950012,452.600006,455.950012,436.256622,408585
2011-11-17,454.950012,454.950012,440.149994,446.500000,427.214783,1237610
2011-11-18,446.000000,452.049988,438.200012,449.299988,429.893799,557783
2011-11-21,449.350006,451.649994,439.100006,442.450012,423.339691,405848
2011-11-22,443.100006,450.000000,440.100006,447.450012,428.123688,505402
2011-11-23,446.950012,461.850006,441.000000,456.750000,437.022095,526260
2011-11-24,457.000000,474.799988,450.299988,467.700012,447.499146,651913
2011-11-25,471.000000,475.000000,464.049988,469.649994,449.364868,495218
2011-11-28,474.950012,475.000000,468.049988,469.899994,449.604065,355640
2011-11-29,470.049988,475.000000,464.250000,466.299988,446.159546,226593
2011-11-30,467.950012,475.000000,465.049988,474.350006,453.861877,570514
2011-12-01,480.000000,482.899994,461.149994,465.500000,445.394135,683598
2011-12-02,465.500000,474.600006,463.149994,470.049988,449.747620,548739
2011-12-05,471.899994,473.700012,465.000000,466.049988,445.920349,243225
2011-12-07,467.450012,471.000000,449.000000,450.500000,431.041992,1107840
2011-12-08,450.600006,455.899994,442.000000,443.950012,424.774933,1062178
2011-12-09,442.850006,449.500000,434.549988,441.350006,422.287231,1011067
2011-12-12,444.500000,446.799988,430.049988,434.799988,416.020081,631351
2011-12-13,433.250000,433.500000,423.350006,426.450012,408.030731,1383432
2011-12-14,427.750000,428.399994,408.200012,413.350006,395.496582,2050925
2011-12-15,410.000000,439.000000,410.000000,434.549988,415.780914,1979650
2011-12-16,436.149994,438.049988,425.000000,430.100006,411.523102,1137015
2011-12-19,430.149994,434.000000,420.700012,429.049988,410.518463,1224441
2011-12-20,430.000000,436.549988,422.000000,427.200012,408.748383,1111903
2011-12-21,431.950012,440.000000,428.000000,437.049988,418.172943,502782
2011-12-22,436.899994,444.000000,436.000000,441.600006,422.526398,579010
2011-12-23,446.399994,451.950012,425.549988,427.899994,409.418152,942283
2011-12-26,431.100006,431.450012,419.700012,420.750000,402.576965,455980
2011-12-27,421.149994,427.399994,420.750000,425.700012,407.313202,1176955
2011-12-28,432.399994,438.000000,419.549988,436.700012,417.838043,634394
2011-12-29,436.000000,445.950012,431.100006,439.899994,420.899841,1017649
2011-12-30,442.899994,454.000000,439.549988,447.850006,428.506439,765338
2012-01-02,451.549988,453.000000,428.000000,439.200012,420.230103,480029
2012-01-03,448.899994,448.899994,433.149994,436.399994,417.550995,894928
2012-01-04,442.000000,447.250000,437.799988,446.149994,426.879852,442914
2012-01-05,430.000000,451.600006,430.000000,448.850006,429.463287,643648
2012-01-06,460.000000,460.000000,435.000000,442.899994,423.770203,530445
2012-01-07,null,null,null,null,null,null
2012-01-09,435.000000,445.000000,435.000000,439.950012,420.947662,702332
2012-01-10,441.000000,445.000000,433.649994,439.899994,420.899841,1084878
2012-01-11,440.000000,440.899994,429.149994,434.500000,415.733032,1252230
2012-01-12,431.000000,442.899994,428.000000,437.200012,418.316498,697844
2012-01-13,438.000000,438.000000,424.299988,428.700012,410.183624,1718254
2012-01-16,424.000000,425.899994,419.299988,421.299988,403.103180,927212
2012-01-17,419.799988,434.799988,419.799988,433.250000,414.537048,713036
2012-01-18,430.500000,439.000000,428.500000,433.049988,414.345673,680766
2012-01-19,436.700012,444.500000,432.850006,443.149994,424.009430,531381
2012-01-20,446.200012,447.250000,437.000000,440.850006,421.808777,436697
2012-01-23,437.049988,443.899994,430.700012,437.649994,418.747009,461164
2012-01-24,439.399994,455.000000,439.399994,446.899994,427.597473,1068121
2012-01-25,447.399994,463.799988,447.049988,459.149994,439.318359,1407662
2012-01-27,463.450012,468.950012,460.450012,467.000000,446.829285,557470
2012-01-30,467.000000,474.000000,460.000000,471.500000,451.134979,352436
2012-01-31,474.850006,479.950012,458.700012,475.000000,454.483795,852088
2012-02-01,465.149994,480.000000,465.149994,478.450012,457.784729,432683
2012-02-02,478.899994,485.000000,472.700012,476.100006,455.536285,613707
2012-02-03,476.799988,481.500000,471.000000,478.850006,458.167511,423655
2012-02-06,479.899994,489.399994,479.899994,485.549988,464.578064,708959
2012-02-07,499.600006,499.600006,480.700012,484.100006,463.190765,638756
2012-02-08,484.100006,489.799988,478.200012,480.399994,459.650543,429157
2012-02-09,489.000000,489.000000,469.000000,471.500000,451.134979,401216
2012-02-10,484.799988,484.799988,457.149994,458.899994,439.079193,661450
2012-02-13,468.899994,468.899994,459.000000,463.750000,443.719727,257074
2012-02-14,464.399994,476.850006,463.100006,474.899994,454.388092,468885
2012-02-15,475.299988,509.500000,475.299988,489.200012,468.070465,1245423
2012-02-16,491.500000,497.750000,481.000000,491.299988,470.079773,775409
2012-02-17,492.000000,496.850006,482.200012,488.750000,467.639923,619170
2012-02-21,489.799988,493.899994,470.399994,473.600006,453.144226,615413
2012-02-22,476.000000,483.700012,457.100006,461.250000,441.327698,441634
2012-02-23,461.049988,480.799988,461.049988,478.350006,457.689087,571667
2012-02-24,482.600006,482.799988,467.450012,470.899994,450.560852,228868
2012-02-27,471.000000,479.649994,466.600006,476.450012,455.871155,565569
2012-02-28,476.450012,490.000000,476.299988,485.149994,464.195404,857318
2012-02-29,482.500000,491.000000,475.500000,480.850006,460.081177,410165
2012-03-01,485.100006,485.100006,476.600006,482.549988,461.707703,275588
2012-03-02,485.899994,518.500000,480.600006,488.200012,467.113678,2334661
2012-03-03,null,null,null,null,null,null
2012-03-05,492.950012,501.000000,482.200012,494.850006,473.476410,742918
2012-03-06,489.950012,510.899994,489.950012,498.049988,476.538177,918823
2012-03-07,503.950012,506.000000,494.200012,501.700012,480.030579,859981
2012-03-09,505.000000,515.299988,499.000000,501.899994,480.221893,1212274
2012-03-12,504.000000,509.399994,492.000000,498.500000,476.968719,976609
2012-03-13,504.700012,504.700012,495.500000,502.000000,480.317566,612551
2012-03-14,504.250000,511.500000,501.000000,506.799988,484.910248,782277
2012-03-15,506.799988,507.899994,494.149994,504.200012,482.422607,908152
2012-03-16,494.500000,511.649994,490.350006,503.549988,481.800690,647314
2012-03-19,502.149994,510.700012,500.000000,506.100006,484.240479,180616
2012-03-20,500.000000,513.500000,498.750000,510.250000,488.211273,351235
2012-03-21,509.950012,525.500000,509.950012,523.200012,500.601929,996403
2012-03-22,536.900024,536.900024,505.000000,509.049988,487.063080,541017
2012-03-23,521.799988,521.950012,509.000000,510.899994,488.833191,426391
2012-03-26,514.900024,525.000000,506.250000,509.500000,487.493622,350107
2012-03-27,511.299988,523.250000,510.649994,512.650024,490.507660,589413
2012-03-28,511.899994,519.000000,511.000000,516.349976,494.047791,290496
2012-03-29,511.600006,522.000000,509.000000,519.549988,497.109558,379867
2012-03-30,523.450012,532.900024,522.000000,529.500000,506.629822,567777
2012-04-02,532.000000,550.599976,526.099976,538.450012,515.193298,740142
2012-04-03,540.049988,549.750000,530.000000,534.400024,511.318115,610830
2012-04-04,534.400024,541.900024,529.950012,534.450012,511.365967,516027
2012-04-09,532.900024,545.250000,528.250000,539.450012,516.150024,569334
2012-04-10,541.400024,549.000000,532.000000,545.049988,521.508118,756588
2012-04-11,541.900024,559.000000,541.900024,555.799988,531.793823,1838375
2012-04-12,558.000000,559.000000,546.750000,549.900024,526.148743,614661
2012-04-13,557.849976,567.000000,549.000000,563.000000,538.682861,2016082
2012-04-16,562.950012,573.599976,557.049988,566.150024,541.696899,612625
2012-04-17,565.299988,575.000000,551.099976,554.799988,530.837036,793646
2012-04-18,555.000000,558.299988,551.200012,553.450012,529.545349,269031
2012-04-19,555.250000,560.049988,549.200012,551.900024,528.062317,399940
2012-04-20,556.000000,557.000000,541.099976,551.599976,527.775269,375292
2012-04-23,552.750000,555.950012,546.450012,548.849976,525.144043,175747
2012-04-24,553.900024,553.900024,536.650024,539.400024,516.102234,485631
2012-04-25,542.000000,559.000000,533.700012,553.650024,529.736755,979737
2012-04-26,548.400024,556.000000,539.500000,542.250000,518.829163,520565
2012-04-27,542.200012,548.500000,532.200012,537.700012,514.475708,347489
2012-04-30,510.049988,558.000000,510.049988,552.400024,528.540649,630823
2012-05-02,552.450012,557.700012,544.500000,547.049988,523.421753,248772
2012-05-03,545.000000,549.549988,535.799988,539.349976,516.054260,383773
2012-05-04,531.150024,559.400024,531.150024,552.250000,528.397156,1272745
2012-05-07,552.250000,555.000000,542.000000,551.549988,527.727539,335648
2012-05-08,554.950012,562.500000,544.049988,546.950012,523.326111,165186
2012-05-09,541.000000,557.500000,541.000000,545.349976,521.795227,392314
2012-05-10,545.950012,552.900024,515.000000,522.150024,499.597290,1538323
2012-05-11,520.000000,521.549988,507.500000,515.000000,492.756073,1025553
2012-05-14,549.799988,549.799988,515.000000,540.650024,517.298279,982807
2012-05-15,531.400024,539.000000,531.400024,537.349976,514.140808,310332
2012-05-16,526.150024,554.099976,526.099976,541.200012,517.824463,698458
2012-05-17,547.599976,553.950012,533.799988,544.750000,521.221191,492235
2012-05-18,541.950012,543.400024,528.549988,535.750000,512.609863,347018
2012-05-21,537.250000,549.450012,532.250000,543.700012,520.216553,705406
2012-05-22,541.900024,554.000000,541.900024,545.049988,521.508118,1258151
2012-05-23,540.000000,546.900024,522.000000,538.549988,515.288879,1171812
2012-05-24,534.349976,542.000000,527.549988,534.049988,510.983368,529373
2012-05-25,534.400024,535.750000,525.150024,530.599976,507.682251,507264
2012-05-28,532.849976,539.799988,531.349976,533.750000,510.696320,529454
2012-05-29,535.000000,535.950012,528.000000,531.950012,508.973999,239797
2012-05-30,529.200012,535.900024,522.500000,529.049988,506.199249,581754
2012-05-31,529.000000,545.049988,525.000000,541.700012,518.302917,568484
2012-06-01,541.700012,548.500000,533.150024,538.349976,515.097595,299663
2012-06-04,528.250000,537.849976,528.250000,532.900024,509.882965,370490
2012-06-05,538.000000,545.000000,527.000000,540.450012,517.106812,529894
2012-06-06,532.500000,559.950012,532.500000,552.099976,528.253540,783505
2012-06-07,556.750000,559.400024,543.500000,548.299988,524.617859,564767
2012-06-08,548.349976,548.750000,538.500000,545.250000,521.699585,507396
2012-06-11,556.599976,556.599976,521.099976,524.450012,501.797974,962027
2012-06-12,522.700012,526.349976,507.100006,510.500000,488.450470,832306
2012-06-13,511.899994,524.200012,511.000000,515.599976,493.330231,889120
2012-06-14,514.049988,520.000000,514.049988,515.799988,493.521545,387345
2012-06-15,515.799988,518.000000,505.100006,513.099976,490.938141,1614165
2012-06-18,513.400024,519.799988,507.000000,514.099976,491.895020,557038
2012-06-19,514.950012,523.000000,514.099976,520.549988,498.066345,628371
2012-06-20,523.000000,529.200012,521.000000,526.599976,503.855042,485268
2012-06-21,527.000000,531.900024,524.099976,527.900024,505.098969,295293
2012-06-22,527.900024,534.500000,523.250000,527.349976,504.572632,308919
2012-06-25,529.349976,531.000000,520.200012,522.049988,499.501617,271205
2012-06-26,522.150024,528.400024,518.049988,524.950012,502.276428,310702
2012-06-27,528.500000,528.650024,522.000000,523.299988,500.697662,265773
2012-06-28,525.950012,534.900024,523.299988,533.500000,510.457062,1151688
2012-06-29,534.900024,544.900024,533.849976,537.150024,513.949463,589492
2012-07-02,544.549988,546.000000,541.450012,544.000000,520.503540,285848
2012-07-03,538.099976,547.450012,535.000000,537.049988,513.853760,468443
2012-07-04,543.000000,547.950012,536.000000,537.549988,514.332153,568441
2012-07-05,541.400024,544.000000,538.000000,540.400024,517.059082,493825
2012-07-06,541.049988,547.549988,540.500000,546.549988,522.943359,626557
2012-07-09,549.799988,549.799988,544.000000,545.700012,522.130127,385827
2012-07-10,547.750000,550.400024,545.450012,547.700012,524.043762,345853
2012-07-11,547.849976,549.700012,545.700012,546.799988,523.182617,409226
2012-07-12,532.099976,554.000000,532.099976,552.000000,528.157959,1061844
2012-07-13,551.000000,556.000000,549.200012,554.750000,533.884216,398436
2012-07-16,560.000000,574.500000,555.500000,571.150024,549.667480,804308
2012-07-17,574.799988,578.000000,566.599976,569.900024,548.464417,1306277
2012-07-18,568.000000,575.450012,565.200012,569.299988,547.886902,265790
2012-07-19,571.000000,573.799988,565.150024,572.000000,550.485352,479687
2012-07-20,576.000000,576.000000,566.500000,569.349976,547.934998,371127
2012-07-23,556.150024,574.150024,556.150024,570.349976,548.897461,360908
2012-07-24,575.000000,587.650024,562.799988,581.750000,559.868713,1978984
2012-07-25,586.950012,593.250000,580.000000,585.700012,563.670044,683907
2012-07-26,586.500000,590.900024,563.650024,565.549988,544.277954,592934
2012-07-27,567.049988,574.099976,563.000000,566.349976,545.047852,1005594
2012-07-30,567.750000,596.049988,567.750000,590.450012,568.241516,1089201
2012-07-31,590.000000,604.000000,587.650024,600.900024,578.298401,1395206
2012-08-01,606.000000,606.000000,587.250000,595.799988,573.390198,806151
2012-08-02,590.250000,602.700012,590.000000,591.650024,569.396301,511774
2012-08-03,588.000000,592.250000,578.299988,580.849976,559.002441,556256
2012-08-06,585.000000,593.700012,583.000000,590.450012,568.241516,792225
2012-08-07,590.450012,597.799988,586.349976,588.200012,566.076050,362070
2012-08-08,599.000000,599.000000,579.900024,581.799988,559.916809,357974
2012-08-09,589.700012,589.700012,577.750000,582.900024,560.975403,425082
2012-08-10,581.450012,588.700012,578.000000,580.750000,558.906311,359858
2012-08-13,586.950012,591.049988,578.000000,582.000000,560.109253,274480
2012-08-14,582.900024,582.950012,573.099976,575.950012,554.286804,392300
2012-08-16,576.450012,578.549988,548.250000,556.049988,535.135315,1643408
2012-08-17,561.650024,571.799988,561.650024,570.500000,549.041748,1818319
2012-08-21,570.950012,577.750000,567.799988,571.599976,550.100464,963373
2012-08-22,571.000000,581.799988,569.400024,577.650024,555.922974,471019
2012-08-23,580.849976,583.900024,576.299988,578.450012,556.692749,673815
2012-08-24,577.000000,587.299988,572.750000,581.750000,559.868713,580072
2012-08-27,582.000000,583.950012,571.299988,573.049988,551.495850,291553
2012-08-28,572.500000,576.599976,567.000000,570.849976,549.378662,358928
2012-08-29,573.700012,580.000000,572.099976,577.349976,555.634094,247019
2012-08-30,578.000000,594.000000,577.500000,589.450012,567.279053,1011520
2012-08-31,594.000000,601.950012,581.250000,593.099976,570.791748,935869
2012-09-03,590.000000,601.049988,582.700012,588.450012,566.316650,502509
2012-09-04,595.000000,599.750000,585.599976,594.849976,572.475891,371496
2012-09-05,597.000000,597.900024,583.700012,585.950012,563.910583,267023
2012-09-06,587.099976,610.950012,586.000000,607.000000,584.168945,784264
2012-09-07,611.799988,615.450012,607.049988,609.099976,586.189880,1082357
2012-09-08,null,null,null,null,null,null
2012-09-10,619.099976,631.950012,616.000000,626.950012,603.368591,1193641
2012-09-11,625.099976,625.099976,612.049988,616.150024,592.974792,1040582
2012-09-12,616.500000,622.900024,614.150024,620.049988,596.728027,727485
2012-09-13,609.000000,617.000000,596.450012,599.750000,577.191650,1177478
2012-09-14,606.000000,609.599976,571.200012,575.549988,553.901855,2176934
2012-09-17,577.049988,579.849976,554.099976,572.099976,550.581604,2921730
2012-09-18,577.849976,580.000000,557.150024,567.349976,546.010254,1429096
2012-09-20,567.000000,581.000000,562.250000,579.200012,557.414490,987618
2012-09-21,580.000000,589.750000,577.250000,583.250000,561.312256,1624815
2012-09-24,585.099976,589.849976,574.799988,576.799988,555.104858,1304522
2012-09-25,581.450012,586.700012,577.400024,583.150024,561.216064,1436463
2012-09-26,583.150024,592.000000,580.299988,585.150024,563.140808,1221605
2012-09-27,585.150024,600.000000,585.049988,596.250000,573.823303,2796396
2012-09-28,603.000000,603.000000,590.849976,595.950012,573.534607,2131952
2012-10-01,599.950012,603.700012,595.099976,599.549988,576.999207,1172761
2012-10-03,602.000000,602.000000,593.000000,597.599976,575.122498,731301
2012-10-04,595.500000,600.000000,574.400024,579.200012,557.414490,1493161
2012-10-05,582.000000,583.849976,496.399994,568.150024,546.780212,1665476
2012-10-08,574.900024,574.900024,564.099976,565.549988,544.277954,434681
2012-10-09,566.250000,578.000000,566.250000,575.450012,553.805603,613010
2012-10-10,575.500000,576.200012,565.200012,566.950012,545.625305,651526
2012-10-11,563.599976,569.900024,539.000000,549.349976,528.687317,3234313
2012-10-12,557.000000,567.799988,553.750000,566.299988,544.999695,1116296
2012-10-15,572.000000,572.000000,558.500000,561.450012,540.332153,499515
2012-10-16,557.250000,564.799988,553.599976,555.549988,534.654114,827439
2012-10-17,557.000000,574.450012,556.650024,571.750000,550.244690,1785696
2012-10-18,572.150024,577.900024,570.049988,572.799988,551.255249,443759
2012-10-19,574.000000,580.599976,571.099976,573.400024,551.832703,956299
2012-10-22,571.900024,575.849976,567.099976,569.799988,548.368042,438337
2012-10-23,574.000000,579.700012,559.150024,562.950012,541.775879,1564649
2012-10-25,560.150024,578.450012,556.349976,572.799988,551.255249,2087500
2012-10-29,568.950012,574.950012,563.200012,565.299988,544.037354,544461
2012-10-30,564.349976,569.900024,561.099976,566.000000,544.710999,263866
2012-10-31,563.000000,572.500000,563.000000,566.450012,545.144104,395855
2012-11-01,569.950012,569.950012,563.650024,566.349976,545.047852,686288
2012-11-02,573.700012,580.599976,569.599976,579.650024,557.847656,1460288
2012-11-05,575.000000,587.500000,575.000000,583.849976,561.889709,857860
2012-11-06,586.349976,589.700012,583.299988,588.049988,565.931702,770614
2012-11-07,589.000000,589.900024,580.250000,588.650024,566.509155,549884
2012-11-08,588.000000,591.650024,574.299988,583.900024,561.937744,631986
2012-11-09,582.000000,588.700012,579.599976,584.700012,562.707642,295122
2012-11-11,null,null,null,null,null,null
2012-11-12,585.000000,588.250000,579.549988,585.299988,563.285095,575202
2012-11-15,585.000000,585.000000,572.000000,575.950012,554.286804,893742
2012-11-16,571.049988,579.000000,571.049988,575.000000,553.372559,697863
2012-11-19,581.000000,581.000000,557.099976,561.900024,540.765320,712500
2012-11-20,567.000000,570.500000,558.099976,568.150024,546.780212,726075
2012-11-21,574.000000,574.000000,560.200012,563.000000,541.823853,738357
2012-11-22,567.150024,570.799988,561.049988,564.799988,543.556213,683508
2012-11-23,565.000000,566.500000,558.299988,560.200012,539.129211,358848
2012-11-26,567.900024,567.900024,560.000000,565.150024,543.893005,229038
2012-11-27,566.200012,575.799988,566.200012,574.700012,553.083801,396647
2012-11-29,578.000000,580.000000,571.900024,578.150024,556.404114,851127
2012-11-30,579.000000,594.799988,573.049988,591.000000,568.770752,773364
2012-12-03,594.000000,598.299988,582.099976,585.900024,563.862549,607865
2012-12-04,585.099976,596.000000,585.099976,594.299988,571.946716,1424112
2012-12-05,596.799988,603.000000,589.150024,596.349976,573.919495,562841
2012-12-06,598.000000,599.000000,586.099976,594.700012,572.331604,644209
2012-12-07,597.400024,602.000000,591.849976,598.900024,576.373535,524044
2012-12-10,601.900024,609.750000,597.000000,604.349976,581.618530,775075
2012-12-11,603.200012,613.950012,595.700012,600.799988,578.202209,743710
2012-12-12,604.650024,609.799988,600.049988,606.650024,583.832092,800601
2012-12-13,607.099976,618.000000,605.500000,609.349976,586.430603,838783
2012-12-14,610.099976,612.900024,599.000000,605.250000,582.484802,668708
2012-12-17,608.950012,612.500000,598.250000,599.700012,577.143494,566966
2012-12-18,602.000000,612.750000,593.400024,609.900024,586.959900,526434
2012-12-19,610.250000,623.400024,607.000000,616.849976,593.648499,832294
2012-12-20,619.700012,622.000000,611.099976,614.299988,591.194397,886556
2012-12-21,611.000000,611.849976,596.000000,598.549988,576.036743,781407
2012-12-24,601.000000,609.400024,600.000000,606.650024,583.832092,441708
2012-12-26,608.000000,617.599976,606.000000,613.099976,590.039429,528302
2012-12-27,616.799988,623.500000,608.549988,613.950012,590.857544,749768
2012-12-28,618.250000,621.200012,608.700012,613.500000,590.424500,352876
2012-12-31,615.000000,618.000000,612.000000,613.849976,590.761230,234409
2013-01-01,615.150024,621.250000,612.000000,614.700012,591.579346,245907
2013-01-02,616.549988,619.900024,614.000000,614.900024,591.771790,381107
2013-01-03,618.700012,618.700012,606.299988,608.849976,585.949341,475306
2013-01-04,608.000000,610.950012,602.750000,604.500000,581.763000,522833
2013-01-07,609.599976,609.599976,597.500000,598.799988,576.277344,687589
2013-01-08,595.099976,605.000000,595.099976,597.950012,575.459290,633775
2013-01-09,598.750000,602.000000,590.250000,592.299988,570.021851,546608
2013-01-10,597.900024,597.900024,581.200012,585.049988,563.044495,1225001
2013-01-11,589.349976,591.250000,584.500000,587.700012,565.594849,612721
2013-01-14,588.000000,589.700012,576.000000,579.099976,557.318359,1300998
2013-01-15,577.500000,587.099976,570.799988,583.150024,561.216064,1026273
2013-01-16,585.500000,590.900024,578.049988,579.900024,558.088257,840202
2013-01-17,578.150024,588.450012,578.150024,586.549988,564.488098,870551
2013-01-18,588.299988,593.700012,583.049988,588.349976,566.220398,596941
2013-01-21,585.900024,596.000000,585.900024,594.650024,572.283447,556483
2013-01-22,595.099976,595.099976,582.400024,585.150024,563.140808,312789
2013-01-23,587.049988,588.000000,580.900024,585.099976,563.092651,681635
2013-01-24,583.000000,593.400024,581.400024,590.250000,568.048950,580505
2013-01-25,594.849976,601.750000,587.000000,599.450012,576.902954,814402
2013-01-28,602.000000,606.000000,592.500000,595.200012,572.812805,367089
2013-01-29,592.349976,600.750000,592.349976,597.250000,574.785645,456066
2013-01-30,599.000000,600.799988,590.250000,599.299988,576.758606,687845
2013-01-31,603.000000,618.900024,599.650024,604.299988,581.570496,2318625
2013-02-01,607.000000,626.000000,607.000000,609.900024,586.959900,1313166
2013-02-04,611.000000,615.700012,595.000000,597.049988,574.593201,671708
2013-02-05,597.049988,599.400024,588.099976,594.950012,572.572266,478821
2013-02-06,597.000000,601.000000,593.349976,599.299988,576.758606,353395
2013-02-07,599.000000,604.150024,590.400024,595.000000,572.620300,339429
2013-02-08,594.500000,600.700012,591.900024,597.450012,574.978210,450772
2013-02-11,597.099976,597.099976,590.500000,594.400024,572.042847,214695
2013-02-12,594.000000,607.250000,588.000000,605.000000,582.244202,395035
2013-02-13,601.299988,606.349976,592.000000,594.250000,571.898438,753897
2013-02-14,590.650024,597.400024,584.200012,590.200012,568.000916,569771
2013-02-15,585.700012,589.799988,577.200012,587.250000,565.161743,713480
2013-02-18,585.000000,593.500000,581.599976,592.549988,570.262390,274516
2013-02-19,595.000000,600.299988,590.099976,598.549988,576.036743,462595
2013-02-20,602.900024,602.900024,590.000000,595.750000,573.342102,453225
2013-02-21,592.500000,598.799988,590.500000,593.900024,571.561646,416881
2013-02-22,592.000000,602.000000,585.000000,600.599976,578.009583,525405
2013-02-25,602.549988,612.500000,600.000000,610.549988,587.585327,835769
2013-02-26,611.000000,611.000000,595.000000,597.799988,575.315002,676271
2013-02-27,599.000000,601.799988,585.500000,597.799988,575.315002,908078
2013-02-28,600.549988,603.000000,580.500000,584.950012,562.948242,854183
2013-03-01,583.000000,598.000000,567.650024,595.099976,572.716431,864125
2013-03-04,590.400024,600.200012,584.000000,593.150024,570.839844,662147
2013-03-05,593.150024,599.400024,587.500000,596.849976,574.400635,918082
2013-03-06,599.000000,601.599976,591.849976,597.900024,575.411255,552390
2013-03-07,594.000000,598.299988,589.250000,596.450012,574.015747,408102
2013-03-08,597.200012,605.950012,593.200012,604.200012,581.474243,625114
2013-03-11,605.250000,608.650024,599.400024,600.900024,578.298401,618318
2013-03-12,602.099976,604.250000,596.450012,600.000000,577.432251,348085
2013-03-13,598.000000,603.000000,596.099976,600.349976,577.768982,629021
2013-03-14,600.349976,602.900024,595.000000,600.099976,577.528442,621782
2013-03-15,601.099976,614.549988,598.099976,609.750000,586.815491,886104
2013-03-18,608.500000,620.650024,604.000000,614.150024,591.049988,877389
2013-03-19,616.000000,622.950012,611.150024,619.599976,596.294861,2405094
2013-03-20,621.150024,631.000000,620.500000,626.049988,602.502380,1472272
2013-03-21,628.150024,631.950012,619.950012,624.750000,601.251282,1053906
2013-03-22,626.000000,633.599976,619.200012,627.500000,603.897827,726480
2013-03-25,629.250000,639.299988,626.450012,630.599976,606.881165,739467
2013-03-26,631.000000,631.000000,615.500000,620.750000,597.401794,664778
2013-03-28,624.000000,637.200012,619.000000,628.549988,604.908325,922475
2013-04-01,629.000000,639.799988,624.150024,631.099976,607.362427,327668
2013-04-02,632.150024,645.000000,631.150024,636.750000,612.799927,387302
2013-04-03,639.900024,642.500000,631.950012,634.450012,610.586487,475188
2013-04-04,632.250000,640.549988,626.000000,629.150024,605.485779,1079640
2013-04-05,629.950012,634.450012,614.349976,618.200012,594.947693,409353
2013-04-08,619.000000,624.000000,613.450012,619.450012,596.150635,479466
2013-04-09,619.200012,624.950012,605.500000,610.349976,587.392944,523408
2013-04-10,613.250000,626.349976,611.750000,624.200012,600.721924,896625
2013-04-11,625.950012,649.000000,624.000000,646.000000,621.701965,1520252
2013-04-12,649.000000,662.849976,641.599976,659.799988,634.982971,1199496
2013-04-15,658.000000,670.000000,653.549988,657.450012,632.721375,1361637
2013-04-16,658.000000,661.000000,648.299988,657.700012,632.961975,411034
2013-04-17,661.000000,680.000000,655.000000,672.349976,647.060852,895638
2013-04-18,677.349976,685.900024,668.400024,671.849976,646.579651,707277
2013-04-22,673.000000,686.000000,671.099976,683.400024,657.695251,845672
2013-04-23,685.000000,685.000000,675.049988,680.099976,654.519287,387500
2013-04-25,682.000000,699.000000,678.549988,691.349976,665.346252,1064826
2013-04-26,691.900024,692.500000,679.299988,685.200012,659.427612,353904
2013-04-29,692.000000,698.000000,684.150024,686.599976,660.774963,510632
2013-04-30,687.049988,704.799988,682.349976,702.599976,676.173035,588630
2013-05-02,700.099976,707.950012,694.200012,697.150024,670.928101,613966
2013-05-03,698.049988,712.950012,698.000000,705.599976,679.060242,521803
2013-05-06,702.000000,711.000000,695.200012,698.500000,672.227295,291779
2013-05-07,699.349976,719.950012,699.349976,714.599976,687.721802,810892
2013-05-08,720.049988,738.799988,720.000000,730.799988,703.312378,3109642
2013-05-09,735.799988,738.450012,717.599976,725.750000,698.452393,871371
2013-05-10,726.000000,747.000000,721.000000,742.400024,714.476074,1237764
2013-05-13,768.000000,771.849976,748.599976,752.750000,724.436829,1058773
2013-05-14,753.250000,766.900024,750.000000,751.250000,722.993225,1195423
2013-05-15,755.049988,784.799988,755.049988,782.000000,752.586609,1593268
2013-05-16,780.250000,811.000000,764.599976,806.900024,776.550049,1775866
2013-05-17,805.900024,807.900024,791.400024,803.599976,773.374268,1729683
2013-05-20,808.799988,808.799988,762.000000,768.349976,739.450012,3615344
2013-05-21,764.250000,785.900024,763.349976,768.450012,739.546326,936235
2013-05-22,774.000000,778.950012,758.000000,768.400024,739.498230,1238096
2013-05-23,768.000000,768.000000,743.099976,747.799988,719.673035,692504
2013-05-24,747.799988,776.000000,747.250000,769.650024,740.701172,1161692
2013-05-27,770.000000,772.750000,747.299988,759.150024,730.596252,1353058
2013-05-28,762.000000,771.000000,750.700012,754.450012,726.072876,1133668
2013-05-29,747.799988,774.500000,747.799988,762.849976,734.156921,974942
2013-05-30,762.000000,771.500000,757.150024,765.450012,736.659180,983487
2013-05-31,767.200012,767.250000,730.000000,737.700012,709.952881,4605740
2013-06-03,744.950012,761.450012,742.500000,753.250000,724.918030,835591
2013-06-04,760.000000,773.900024,753.099976,769.349976,740.412476,1428986
2013-06-05,773.000000,773.799988,757.000000,766.049988,737.236572,866228
2013-06-06,766.000000,766.049988,748.950012,753.299988,724.966187,799872
2013-06-07,747.000000,773.000000,747.000000,762.000000,733.338928,857998
2013-06-10,765.099976,770.000000,756.900024,761.299988,732.665222,562121
2013-06-11,755.200012,765.700012,751.000000,756.500000,728.045837,551951
2013-06-12,755.099976,776.000000,754.549988,771.049988,742.048462,668182
2013-06-13,768.049988,780.900024,756.250000,761.150024,732.520813,753197
2013-06-14,760.000000,787.150024,758.900024,783.450012,753.982178,1436131
2013-06-17,782.049988,798.599976,782.049988,788.950012,759.275208,798983
2013-06-18,788.000000,798.900024,783.049988,790.349976,760.622559,645194
2013-06-19,788.000000,804.849976,787.000000,795.250000,765.338257,988103
2013-06-20,790.000000,790.000000,769.200012,780.099976,750.758118,1023383
2013-06-21,780.000000,793.799988,775.000000,787.450012,757.831604,709797
2013-06-24,778.000000,800.000000,778.000000,796.750000,766.781860,1294727
2013-06-25,799.000000,799.400024,769.900024,773.900024,744.791382,728688
2013-06-26,776.000000,784.799988,756.099976,760.049988,731.462280,903162
2013-06-27,769.000000,779.950012,754.099976,771.950012,742.914612,1475132
2013-06-28,776.500000,787.000000,775.500000,781.450012,752.057312,908418
2013-07-01,781.450012,787.599976,773.049988,777.150024,747.919128,510105
2013-07-02,776.500000,812.599976,776.500000,801.200012,771.064453,1390857
2013-07-03,802.400024,833.799988,797.400024,830.450012,799.214355,1636869
2013-07-04,830.299988,854.000000,830.299988,850.650024,818.654541,1475216
2013-07-05,850.099976,854.599976,833.000000,835.000000,803.593201,1291274
2013-07-08,836.650024,846.549988,824.150024,828.049988,796.904541,1247631
2013-07-09,832.049988,846.500000,829.700012,835.500000,804.074402,1175253
2013-07-10,837.549988,865.950012,837.400024,860.849976,828.470825,1283512
2013-07-11,868.000000,875.000000,863.200012,868.349976,835.688721,798874
2013-07-12,875.000000,876.150024,857.049988,869.200012,836.506775,580640
2013-07-15,869.000000,892.700012,868.849976,875.299988,842.377380,802677
2013-07-16,869.000000,885.750000,869.000000,874.450012,841.559326,593860
2013-07-17,877.700012,881.700012,870.950012,874.950012,842.040466,689569
2013-07-18,881.500000,905.000000,876.549988,890.400024,856.909363,1551165
2013-07-19,891.400024,907.950012,891.150024,899.200012,865.378418,1014527
2013-07-22,900.250000,906.000000,887.299988,890.349976,856.861206,519599
2013-07-23,899.000000,903.099976,875.599976,881.250000,848.103455,695102
2013-07-24,883.500000,895.500000,863.799988,870.150024,837.421082,686761
2013-07-25,875.000000,879.299988,856.650024,864.750000,832.224243,1473595
2013-07-26,876.900024,876.900024,842.650024,854.849976,822.696533,903163
2013-07-29,854.849976,866.900024,838.000000,855.900024,827.579590,662964
2013-07-30,858.099976,866.299988,832.400024,840.000000,812.205627,727208
2013-07-31,841.000000,876.799988,840.000000,871.150024,842.324951,977389
2013-08-01,879.700012,889.000000,858.500000,873.849976,844.935547,1319250
2013-08-02,881.700012,894.500000,869.000000,890.950012,861.469788,910884
2013-08-05,897.849976,903.500000,883.000000,895.450012,865.820801,917608
2013-08-06,894.000000,896.549988,879.549988,887.549988,858.182251,736072
2013-08-07,893.900024,894.349976,820.000000,828.299988,800.892700,2674199
2013-08-08,789.000000,825.400024,781.799988,801.349976,774.834412,4774315
2013-08-12,806.000000,827.900024,805.000000,820.049988,792.915710,1150229
2013-08-13,825.799988,848.000000,816.200012,838.799988,811.045288,755514
2013-08-14,840.049988,859.000000,835.000000,847.400024,819.360718,1021857
2013-08-16,843.700012,848.000000,808.000000,817.549988,790.498474,1152273
2013-08-19,824.400024,828.150024,767.450012,793.799988,767.534241,1734728
2013-08-20,785.000000,788.950012,760.349976,777.250000,751.531921,1474865
2013-08-21,790.000000,795.750000,762.299988,768.000000,742.588013,1087227
2013-08-22,760.000000,791.049988,754.000000,777.099976,751.386841,1746941
2013-08-23,781.000000,800.000000,769.900024,789.150024,763.038208,1232937
2013-08-26,798.900024,802.200012,767.150024,774.000000,748.389343,860378
2013-08-27,768.750000,779.950012,753.000000,756.950012,731.903564,855928
2013-08-28,754.400024,773.049988,742.549988,769.299988,743.844910,1422374
2013-08-29,775.000000,813.799988,770.200012,808.849976,782.086243,1338959
2013-08-30,815.000000,831.000000,785.000000,796.200012,769.854858,3381746
2013-09-02,802.000000,827.950012,798.450012,819.849976,792.722290,1321343
2013-09-03,825.000000,846.000000,817.099976,840.400024,812.592407,2171235
2013-09-04,841.000000,881.000000,835.500000,878.049988,848.996643,1707483
2013-09-05,882.900024,896.000000,850.049988,854.599976,826.322510,1091745
2013-09-06,864.500000,866.650024,836.099976,839.299988,811.528748,1118687
2013-09-10,846.000000,852.000000,826.200012,834.599976,806.984192,1396368
2013-09-11,841.900024,861.450012,837.250000,859.049988,830.625244,944786
2013-09-12,870.000000,875.599976,858.849976,866.250000,837.586914,814251
2013-09-13,867.549988,880.000000,856.150024,861.349976,832.849060,766561
2013-09-16,873.299988,878.400024,835.000000,836.250000,808.579712,1218752
2013-09-17,842.000000,848.000000,835.000000,839.900024,812.108887,892526
2013-09-18,847.099976,847.099976,832.700012,836.450012,808.773071,780287
2013-09-19,844.799988,854.000000,838.150024,849.900024,821.778015,1005261
2013-09-20,858.000000,873.900024,853.049988,868.400024,839.665894,1141032
2013-09-23,870.000000,879.000000,847.200012,853.799988,825.548889,674989
2013-09-24,857.900024,869.000000,852.500000,854.299988,826.032349,748805
2013-09-25,854.000000,863.500000,845.200012,858.700012,830.286926,541064
2013-09-26,859.000000,872.599976,852.450012,856.549988,828.208008,1056398
2013-09-27,863.000000,864.750000,849.000000,853.500000,825.258911,709669
2013-09-30,855.000000,869.900024,850.250000,855.849976,827.531128,653184
2013-10-01,860.000000,864.000000,846.000000,851.549988,823.373413,579247
2013-10-03,850.500000,867.000000,849.849976,861.200012,832.704102,774253
2013-10-04,862.049988,886.799988,856.400024,878.849976,849.770081,961941
2013-10-07,880.000000,898.500000,880.000000,895.250000,865.627441,874645
2013-10-08,899.000000,899.000000,885.000000,890.200012,860.744507,570058
2013-10-09,889.000000,919.000000,886.650024,914.500000,884.240417,1127539
2013-10-10,917.000000,940.950012,917.000000,937.549988,906.527710,1192520
2013-10-11,942.000000,945.650024,917.700012,921.750000,891.250549,656989
2013-10-14,927.000000,933.799988,902.250000,907.700012,877.665466,922900
2013-10-15,916.000000,925.549988,897.650024,899.950012,870.171936,905093
2013-10-17,905.099976,915.000000,892.799988,896.200012,866.546021,651712
2013-10-18,902.450012,913.400024,898.400024,904.500000,874.571411,690362
2013-10-21,909.799988,919.400024,903.000000,913.049988,882.838440,631947
2013-10-22,914.000000,925.000000,910.099976,916.500000,886.174316,579494
2013-10-23,924.000000,924.750000,905.200012,910.000000,879.889465,360349
2013-10-24,911.049988,916.900024,902.849976,905.650024,875.683289,526762
2013-10-25,900.549988,904.000000,882.400024,889.500000,860.067627,623772
2013-10-28,890.000000,896.500000,872.099976,876.450012,847.449524,547382
2013-10-29,868.400024,894.549988,867.500000,889.400024,859.971069,739114
2013-10-30,895.000000,910.900024,895.000000,902.099976,872.250732,1452805
2013-10-31,901.150024,907.849976,885.000000,887.900024,858.520569,983638
2013-11-01,881.000000,896.950012,881.000000,882.150024,852.960876,482420
2013-11-05,883.000000,887.750000,868.000000,874.349976,845.418945,400982
2013-11-06,875.000000,884.000000,868.000000,874.099976,845.177246,629697
2013-11-07,878.000000,888.000000,872.750000,876.450012,847.449524,419460
2013-11-08,878.000000,893.700012,877.000000,884.150024,854.894714,623749
2013-11-11,888.700012,891.000000,881.150024,884.099976,854.846497,481072
2013-11-12,885.000000,890.000000,870.500000,873.500000,844.597107,591526
2013-11-13,875.000000,885.500000,868.049988,874.700012,845.757385,424595
2013-11-14,873.000000,879.950012,864.299988,867.049988,838.360535,334217
2013-11-18,870.150024,874.000000,858.450012,863.900024,835.314819,522271
2013-11-19,858.000000,875.950012,858.000000,867.950012,839.230774,347908
2013-11-20,870.000000,875.000000,856.000000,858.349976,829.948364,358765
2013-11-21,857.900024,857.900024,840.400024,845.900024,817.910339,554605
2013-11-22,846.299988,857.000000,845.150024,850.849976,822.696533,606827
2013-11-25,853.549988,858.700012,845.200012,850.599976,822.454773,424859
2013-11-26,849.000000,869.000000,848.049988,865.250000,836.620117,469263
2013-11-27,870.000000,871.299988,852.000000,855.450012,827.144409,310575
2013-11-28,855.000000,862.500000,851.500000,854.599976,826.322510,468642
2013-11-29,852.000000,868.000000,852.000000,855.849976,827.531128,435992
2013-12-02,854.250000,879.000000,854.250000,876.599976,847.594543,589448
2013-12-03,877.599976,888.000000,867.299988,870.400024,841.599670,660005
2013-12-04,872.000000,876.200012,864.000000,866.200012,837.538635,314951
2013-12-05,874.000000,877.000000,852.650024,854.049988,825.790649,465295
2013-12-06,856.099976,866.200012,855.099976,857.849976,829.464844,313447
2013-12-09,869.000000,870.000000,851.650024,852.900024,824.678711,418169
2013-12-10,853.900024,874.500000,853.900024,872.299988,843.436768,572411
2013-12-11,874.299988,883.250000,867.950012,875.500000,846.530884,661771
2013-12-12,872.000000,881.900024,868.599976,878.299988,849.238220,532592
2013-12-13,876.700012,883.950012,867.000000,869.700012,840.922791,587606
2013-12-16,871.299988,879.400024,863.400024,874.950012,845.999146,598762
2013-12-17,879.500000,888.000000,874.400024,880.950012,851.800598,491757
2013-12-18,890.000000,899.000000,881.000000,891.700012,862.194824,990921
2013-12-19,896.500000,919.500000,887.099976,909.650024,879.551025,1162970
2013-12-20,907.049988,925.000000,905.700012,920.500000,890.041931,628570
2013-12-23,914.150024,924.049988,908.000000,910.950012,880.807983,464652
2013-12-24,908.650024,929.799988,908.650024,918.950012,888.543274,499342
2013-12-26,920.950012,928.500000,902.299988,907.000000,876.988647,853428
2013-12-27,908.900024,913.799988,900.849976,906.099976,876.118286,331279
2013-12-30,910.849976,915.000000,900.799988,905.950012,875.973389,417163
2013-12-31,908.000000,913.700012,903.150024,908.150024,878.100647,217813
2014-01-01,916.500000,925.900024,911.000000,916.500000,886.174316,520076
2014-01-02,918.500000,921.849976,901.099976,906.000000,876.021790,278407
2014-01-03,905.000000,940.750000,896.099976,932.900024,902.031677,745502
2014-01-06,935.599976,950.950012,934.150024,938.000000,906.962891,718304
2014-01-07,943.000000,949.700012,927.000000,932.900024,902.031677,476144
2014-01-08,936.200012,947.500000,931.400024,938.349976,907.301270,346294
2014-01-09,940.000000,945.000000,930.500000,934.000000,903.095215,676550
2014-01-10,935.950012,949.599976,933.549988,936.750000,905.754272,488575
2014-01-13,936.750000,947.549988,891.700012,919.950012,889.510132,914950
2014-01-14,926.400024,939.000000,915.299988,934.349976,903.433655,251163
2014-01-15,935.400024,936.849976,923.000000,925.250000,894.634705,269325
2014-01-16,934.700012,934.700012,912.299988,916.000000,885.690857,310138
2014-01-17,916.000000,924.450012,905.150024,909.349976,879.260864,251215
2014-01-20,911.349976,917.450012,901.750000,909.849976,879.744385,257266
2014-01-21,910.250000,915.900024,905.349976,907.500000,877.472107,321629
2014-01-22,910.049988,932.000000,902.400024,926.950012,896.278564,562966
2014-01-23,927.099976,937.650024,915.250000,921.900024,891.395752,317591
2014-01-24,920.000000,927.799988,908.099976,913.750000,883.515259,252879
2014-01-27,908.000000,917.900024,892.000000,896.400024,866.739380,445043
2014-01-28,900.000000,901.049988,871.750000,876.250000,847.256104,527276
2014-01-29,879.299988,888.500000,862.000000,866.250000,837.586914,697874
2014-01-30,871.000000,883.900024,855.400024,869.849976,841.067932,1528982
2014-01-31,874.000000,891.400024,865.549988,881.900024,852.719177,498201
2014-02-03,882.000000,925.000000,882.000000,921.799988,891.298889,2556001
2014-02-04,925.000000,932.150024,906.549988,912.049988,881.871521,1509197
2014-02-05,915.000000,923.000000,908.299988,915.450012,885.159058,437272
2014-02-06,916.000000,922.700012,902.650024,908.950012,878.874146,367874
2014-02-07,912.950012,923.549988,911.150024,919.299988,888.881592,457267
2014-02-10,923.099976,930.900024,917.799988,924.549988,893.957947,330829
2014-02-11,926.200012,926.250000,910.200012,913.200012,882.983521,244057
2014-02-12,915.299988,920.900024,907.750000,910.000000,879.889465,193919
2014-02-13,904.500000,908.500000,889.049988,894.049988,867.326416,832679
2014-02-14,895.950012,907.000000,892.650024,901.349976,874.408203,293287
2014-02-17,900.000000,917.650024,899.250000,914.299988,886.971191,286071
2014-02-18,920.000000,931.000000,915.450012,922.750000,895.168640,378643
2014-02-19,920.700012,944.450012,920.099976,942.150024,913.988831,459407
2014-02-20,944.000000,948.400024,935.200012,937.450012,909.429260,392575
2014-02-21,943.000000,950.750000,933.250000,935.799988,907.828552,472259
2014-02-24,937.000000,958.400024,931.299988,956.200012,927.618835,551076
2014-02-25,959.799988,968.400024,951.200012,953.549988,925.047974,462199
2014-02-26,958.599976,967.099976,948.000000,960.150024,931.450745,651964
2014-02-28,951.500000,1002.400024,951.000000,995.450012,965.695618,1048807
2014-03-03,998.000000,1002.000000,976.549988,982.750000,953.375244,382069
2014-03-04,982.150024,1003.700012,980.000000,988.950012,959.389832,572393
2014-03-05,994.599976,999.650024,983.000000,988.849976,959.292908,346674
2014-03-06,990.000000,993.950012,974.650024,982.799988,953.423645,423931
2014-03-07,988.000000,993.299988,952.400024,966.299988,937.416931,682576
2014-03-10,974.000000,979.750000,954.000000,958.250000,929.607483,520690
2014-03-11,960.900024,972.700012,953.150024,963.349976,934.555115,371977
2014-03-12,963.000000,974.900024,959.099976,961.049988,932.323792,272280
2014-03-13,965.000000,970.000000,946.000000,948.700012,920.342957,423351
2014-03-14,948.750000,958.500000,942.200012,944.549988,916.317017,259043
2014-03-18,948.000000,951.349976,927.000000,930.049988,902.250427,483624
2014-03-19,934.900024,949.650024,932.000000,944.650024,916.414063,389030
2014-03-20,945.000000,958.750000,937.250000,940.799988,912.679138,442705
2014-03-21,944.700012,952.400024,940.000000,944.650024,916.414063,402387
2014-03-22,null,null,null,null,null,null
2014-03-24,952.099976,959.349976,947.599976,953.500000,924.999451,312312
2014-03-25,956.700012,967.000000,952.799988,963.750000,934.943115,458888
2014-03-26,968.000000,970.000000,929.099976,936.750000,908.750183,742483
2014-03-27,942.000000,946.000000,923.000000,933.950012,906.033936,1469119
2014-03-28,939.000000,955.000000,930.299988,947.250000,918.936279,457335
2014-03-31,956.200012,956.200012,920.000000,933.150024,905.257813,491008
2014-04-01,939.799988,949.200012,933.200012,945.099976,916.850586,352819
2014-04-02,949.750000,969.700012,943.000000,958.799988,930.141113,584853
2014-04-03,965.000000,983.700012,954.000000,978.349976,949.106628,526534
2014-04-04,980.900024,992.700012,970.549988,977.099976,947.894043,587034
2014-04-07,978.000000,986.799988,958.000000,960.750000,932.032837,415541
2014-04-09,967.900024,983.000000,960.750000,973.400024,944.304749,473382
2014-04-10,985.000000,985.000000,950.000000,954.000000,925.484558,506174
2014-04-11,954.000000,964.450012,945.299988,948.250000,919.906433,441236
2014-04-15,950.000000,955.000000,938.700012,942.250000,914.085815,427727
2014-04-16,945.049988,957.000000,940.099976,952.700012,924.223450,496943
2014-04-17,946.700012,963.799988,946.700012,955.650024,927.085205,469473
2014-04-21,959.799988,964.000000,950.099976,956.900024,928.297852,262571
2014-04-22,960.000000,985.000000,955.000000,982.599976,953.229614,601636
2014-04-23,982.000000,1001.700012,976.049988,986.700012,957.207153,1468425
2014-04-24,986.700012,986.700012,986.700012,986.700012,957.207153,0
2014-04-25,990.000000,995.799988,978.000000,992.299988,962.639709,339271
2014-04-28,990.250000,1014.000000,990.250000,999.349976,969.478943,749021
2014-04-29,1006.000000,1007.900024,981.150024,991.200012,961.572632,305959
2014-04-30,997.200012,1010.000000,982.299988,989.599976,960.020447,321901
2014-05-02,994.000000,1019.900024,988.099976,1010.099976,979.907715,598129
2014-05-05,1011.150024,1020.000000,993.250000,997.900024,968.072510,362209
2014-05-06,1000.599976,1009.000000,991.000000,1002.349976,972.389343,482621
2014-05-07,1008.000000,1023.000000,985.500000,990.000000,960.408508,1665717
2014-05-08,995.000000,999.000000,964.599976,979.299988,950.028320,909150
2014-05-09,980.000000,987.000000,964.049988,966.000000,937.125854,578999
2014-05-12,974.799988,977.150024,951.250000,959.049988,930.383545,557974
2014-05-13,968.000000,969.900024,955.000000,965.099976,936.252747,509209
2014-05-14,966.000000,983.450012,964.750000,965.900024,937.028870,476141
2014-05-15,967.250000,973.700012,938.700012,953.349976,924.853943,612557
2014-05-16,951.200012,981.900024,945.000000,958.650024,929.995605,877158
2014-05-19,960.000000,967.099976,905.000000,914.299988,886.971191,1005532
2014-05-20,915.000000,947.599976,915.000000,929.799988,902.007874,549852
2014-05-21,934.000000,939.000000,925.000000,928.700012,900.940796,438104
2014-05-22,929.000000,938.000000,916.250000,927.500000,899.776733,380200
2014-05-23,927.349976,932.000000,920.700012,923.849976,896.235718,456261
2014-05-26,924.000000,925.049988,902.599976,909.400024,882.217712,721571
2014-05-27,905.000000,929.450012,905.000000,919.450012,891.967285,647189
2014-05-28,921.900024,935.000000,921.000000,929.700012,901.910950,611134
2014-05-29,933.900024,939.849976,915.099976,920.900024,893.373962,726439
2014-05-30,918.500000,939.049988,916.549988,935.950012,907.974121,428295
2014-06-02,937.500000,941.950012,919.000000,921.950012,894.392517,327804
2014-06-03,930.000000,930.000000,913.700012,915.700012,888.329407,305188
2014-06-04,917.150024,927.299988,913.049988,924.650024,897.011841,266076
2014-06-05,925.000000,934.000000,920.150024,926.849976,899.146118,366156
2014-06-06,928.500000,952.200012,927.450012,947.700012,919.372925,636357
2014-06-09,955.000000,969.450012,954.000000,957.599976,928.976929,632464
2014-06-10,963.599976,981.450012,960.000000,976.200012,947.020996,801246
2014-06-11,983.299988,992.799988,970.349976,980.400024,951.095459,677391
2014-06-12,984.000000,993.900024,968.000000,988.650024,959.098938,445715
2014-06-13,990.000000,994.500000,974.650024,983.400024,954.005798,289493
2014-06-16,985.000000,990.000000,967.750000,971.849976,942.801025,472113
2014-06-17,972.099976,984.000000,972.099976,976.349976,947.166504,305720
2014-06-18,979.000000,1006.000000,974.000000,999.150024,969.285034,696408
2014-06-19,1007.000000,1019.000000,998.000000,1011.299988,981.071838,756707
2014-06-20,1013.000000,1015.549988,991.000000,999.450012,969.576050,331860
2014-06-23,1004.000000,1017.150024,1000.599976,1011.049988,980.829224,399255
2014-06-24,1014.000000,1016.049988,1004.000000,1009.200012,979.034607,342175
2014-06-25,1005.500000,1032.500000,1005.000000,1023.799988,993.198181,704156
2014-06-26,1030.000000,1037.449951,1015.250000,1028.599976,997.854675,692943
2014-06-27,1029.000000,1053.800049,1029.000000,1048.349976,1017.014526,540528
2014-06-30,1050.000000,1058.900024,1041.599976,1048.050049,1016.723389,377580
2014-07-01,1051.000000,1062.900024,1038.000000,1049.550049,1018.178528,347061
2014-07-02,1051.250000,1079.199951,1045.500000,1074.199951,1042.091797,457145
2014-07-03,1075.000000,1091.900024,1070.550049,1082.050049,1049.707031,395486
2014-07-04,1082.050049,1104.000000,1082.050049,1088.449951,1055.915771,486465
2014-07-07,1095.000000,1095.199951,1072.800049,1078.099976,1045.875244,306694
2014-07-08,1075.000000,1094.300049,1040.849976,1058.699951,1027.055054,357539
2014-07-09,1058.699951,1068.949951,1021.099976,1038.400024,1007.361877,415780
2014-07-10,1028.349976,1054.900024,1014.000000,1039.449951,1008.380371,490532
2014-07-11,1029.300049,1071.000000,1025.000000,1053.250000,1021.767822,516788
2014-07-14,1045.000000,1065.949951,1042.449951,1057.900024,1026.279053,305994
2014-07-15,1060.000000,1062.349976,1046.500000,1056.250000,1024.678345,481715
2014-07-16,1052.150024,1072.449951,1050.500000,1064.449951,1032.633057,456972
2014-07-17,1060.000000,1095.000000,1060.000000,1091.650024,1059.020142,441512
2014-07-18,1092.000000,1094.900024,1078.900024,1088.000000,1055.479126,264738
2014-07-21,1088.000000,1093.699951,1076.099976,1082.199951,1052.755371,270451
2014-07-22,1082.500000,1105.000000,1081.000000,1097.300049,1067.444580,599752
2014-07-23,1104.099976,1110.500000,1085.500000,1091.150024,1061.461792,402682
2014-07-24,1093.500000,1107.000000,1077.300049,1094.400024,1064.623535,343726
2014-07-25,1095.900024,1134.599976,1095.900024,1129.900024,1099.157593,676670
2014-07-28,1129.900024,1139.000000,1110.099976,1118.650024,1088.213867,334086
2014-07-30,1128.400024,1192.449951,1112.599976,1173.500000,1141.571289,2127298
2014-07-31,1184.800049,1210.500000,1157.199951,1181.750000,1149.596802,1779924
2014-08-01,1173.250000,1200.000000,1157.050049,1165.400024,1133.691895,755393
2014-08-04,1168.000000,1184.900024,1168.000000,1177.599976,1145.559814,280532
2014-08-05,1183.449951,1189.900024,1168.050049,1176.500000,1144.489624,297603
2014-08-06,1168.250000,1184.449951,1164.000000,1166.199951,1134.470093,370998
2014-08-07,1170.000000,1176.349976,1150.550049,1161.650024,1130.043701,431903
2014-08-08,1153.000000,1171.800049,1107.300049,1160.449951,1128.876343,482120
2014-08-11,1167.000000,1171.699951,1155.000000,1158.849976,1127.319946,330990
2014-08-12,1155.150024,1171.000000,1152.050049,1164.699951,1133.010620,543600
2014-08-13,1164.000000,1175.000000,1156.900024,1164.750000,1133.059448,312261
2014-08-14,1169.750000,1191.800049,1165.500000,1183.400024,1151.202026,525027
2014-08-18,1184.550049,1205.500000,1182.349976,1201.300049,1168.614990,401204
2014-08-19,1200.500000,1220.400024,1194.599976,1218.000000,1184.860718,394599
2014-08-20,1218.000000,1251.599976,1212.000000,1246.050049,1212.147461,625778
2014-08-21,1235.150024,1247.300049,1230.050049,1237.699951,1204.024536,293502
2014-08-22,1246.900024,1256.849976,1231.099976,1250.550049,1216.524902,343719
2014-08-25,1250.599976,1267.000000,1245.699951,1263.349976,1228.976685,294421
2014-08-26,1266.800049,1292.000000,1258.400024,1288.000000,1252.956055,397132
2014-08-27,1290.900024,1308.000000,1286.300049,1289.650024,1254.561157,484774
2014-08-28,1294.449951,1300.000000,1280.000000,1285.400024,1250.426880,588523
2014-09-01,1290.000000,1299.000000,1280.199951,1289.849976,1254.755737,450416
2014-09-02,1285.000000,1322.800049,1284.000000,1308.599976,1272.995483,512749
2014-09-03,1308.000000,1320.000000,1296.050049,1312.599976,1276.886597,454741
2014-09-04,1315.000000,1332.900024,1308.550049,1325.699951,1289.630127,426180
2014-09-05,1323.000000,1331.449951,1315.000000,1328.250000,1292.110962,285747
2014-09-08,1335.050049,1346.400024,1329.449951,1338.449951,1302.033325,418635
2014-09-09,1338.000000,1354.000000,1329.849976,1348.099976,1311.420776,226047
2014-09-10,1354.000000,1360.000000,1337.300049,1343.300049,1306.751587,249973
2014-09-11,1350.000000,1351.849976,1315.599976,1319.050049,1283.161255,341216
2014-09-12,1315.099976,1365.000000,1306.800049,1359.000000,1322.024170,434514
2014-09-15,1359.000000,1424.000000,1351.800049,1415.900024,1377.376099,800761
2014-09-16,1427.000000,1442.150024,1350.000000,1360.900024,1323.872559,1175412
2014-09-17,1380.000000,1394.400024,1340.550049,1364.699951,1327.569092,588363
2014-09-18,1375.500000,1390.400024,1360.000000,1377.500000,1340.020874,437574
2014-09-19,1380.000000,1411.900024,1365.550049,1400.849976,1362.735596,615969
2014-09-22,1399.949951,1414.000000,1376.099976,1390.300049,1352.472656,423206
2014-09-23,1398.000000,1398.000000,1351.000000,1357.150024,1320.224609,577525
2014-09-24,1354.500000,1375.000000,1343.000000,1367.250000,1330.049683,571982
2014-09-25,1358.000000,1391.800049,1350.900024,1361.699951,1324.650635,884330
2014-09-26,1355.050049,1389.900024,1355.050049,1379.550049,1342.015137,355127
2014-09-29,1376.099976,1401.650024,1374.400024,1395.949951,1357.968750,270522
2014-09-30,1398.000000,1405.000000,1384.000000,1395.650024,1357.677002,275329
2014-10-01,1389.000000,1402.000000,1379.900024,1386.800049,1349.067871,336948
2014-10-07,1381.150024,1392.849976,1364.900024,1368.050049,1330.828003,290648
2014-10-08,1368.000000,1375.800049,1320.050049,1331.250000,1295.029297,602530
2014-10-09,1330.000000,1356.300049,1327.000000,1338.300049,1301.887573,612969
2014-10-10,1332.099976,1340.000000,1320.000000,1328.050049,1291.916504,460552
2014-10-13,1335.000000,1366.000000,1317.800049,1327.250000,1291.138062,824107
2014-10-14,1333.099976,1347.900024,1321.699951,1330.449951,1294.250977,626935
2014-10-15,1330.449951,1330.449951,1330.449951,1330.449951,1294.250977,0
2014-10-16,1320.000000,1345.000000,1307.650024,1318.900024,1283.015381,366995
2014-10-17,1318.000000,1352.500000,1307.199951,1347.150024,1310.496582,441684
2014-10-20,1359.000000,1392.300049,1346.400024,1386.800049,1349.067871,503806
2014-10-21,1387.900024,1399.199951,1350.099976,1367.750000,1330.536133,501834
2014-10-22,1374.849976,1390.050049,1361.650024,1388.900024,1351.110718,380637
2014-10-27,1395.000000,1398.000000,1380.099976,1393.250000,1355.342407,312500
2014-10-28,1400.000000,1408.800049,1320.000000,1357.550049,1320.613770,2807638
2014-10-29,1365.000000,1375.000000,1346.750000,1356.400024,1319.494873,817502
2014-10-30,1361.000000,1369.050049,1341.500000,1345.300049,1308.697144,691683
2014-10-31,1351.000000,1375.000000,1351.000000,1369.050049,1331.800781,556462
2014-11-03,1371.000000,1377.849976,1356.050049,1359.349976,1322.364746,474333
2014-11-05,1364.000000,1390.000000,1359.000000,1381.300049,1343.717529,553093
2014-11-07,1388.250000,1426.300049,1377.349976,1419.349976,1380.732422,750476
2014-11-10,1426.900024,1444.900024,1409.599976,1430.949951,1392.016602,786465
2014-11-11,1439.000000,1441.800049,1421.250000,1430.400024,1391.481689,396272
2014-11-12,1437.349976,1438.400024,1417.800049,1422.900024,1384.185669,320608
2014-11-13,1425.000000,1458.750000,1425.000000,1438.199951,1399.069336,762149
2014-11-14,1439.000000,1455.000000,1431.250000,1443.949951,1404.662964,406294
2014-11-17,1442.099976,1456.000000,1429.000000,1446.449951,1407.094849,441497
2014-11-18,1448.000000,1468.699951,1438.699951,1447.650024,1408.262207,372850
2014-11-19,1450.000000,1462.900024,1441.000000,1449.349976,1409.915894,260270
2014-11-20,1451.900024,1472.000000,1451.000000,1468.599976,1428.642090,409909
2014-11-21,1475.000000,1479.500000,1452.150024,1463.250000,1423.437744,348256
2014-11-24,1490.150024,1495.000000,1458.750000,1473.300049,1433.214355,734419
2014-11-25,1470.000000,1474.500000,1430.300049,1456.099976,1416.482300,387006
2014-11-26,1461.449951,1467.000000,1436.500000,1440.400024,1401.209473,469285
2014-11-27,1444.000000,1456.400024,1431.000000,1448.900024,1409.478271,713124
2014-11-28,1460.000000,1484.500000,1450.000000,1480.449951,1440.169800,435077
2014-12-01,1480.449951,1497.500000,1456.550049,1460.849976,1421.103027,494358
2014-12-02,1461.099976,1480.849976,1454.599976,1477.900024,1437.689209,281374
2014-12-03,1480.000000,1483.000000,1465.000000,1470.099976,1430.101440,354695
2014-12-04,1475.000000,1493.000000,1468.500000,1481.900024,1441.580444,450303
2014-12-05,1489.900024,1494.750000,1470.750000,1474.250000,1434.138428,173494
2014-12-08,1475.099976,1478.750000,1452.000000,1456.300049,1416.676758,164032
2014-12-09,1457.099976,1466.949951,1419.900024,1432.500000,1393.524414,507221
2014-12-10,1422.000000,1450.000000,1422.000000,1431.150024,1392.211182,458687
2014-12-11,1431.150024,1446.500000,1417.849976,1437.050049,1397.950684,409155
2014-12-12,1460.000000,1464.900024,1444.000000,1449.849976,1410.402222,456844
2014-12-15,1452.000000,1458.650024,1437.500000,1445.900024,1406.559814,279748
2014-12-16,1436.050049,1447.000000,1418.000000,1425.250000,1386.471680,376895
2014-12-17,1416.800049,1424.949951,1342.400024,1392.550049,1354.661499,853528
2014-12-18,1400.000000,1429.750000,1393.000000,1425.550049,1386.763550,332980
2014-12-19,1430.349976,1439.800049,1413.199951,1418.050049,1379.467773,282663
2014-12-22,1420.099976,1444.900024,1411.750000,1441.199951,1401.987549,395409
2014-12-23,1445.000000,1462.599976,1431.199951,1437.800049,1398.680176,390376
2014-12-24,1442.400024,1445.000000,1394.300049,1401.099976,1362.978760,1224810
2014-12-26,1407.000000,1416.000000,1392.050049,1406.949951,1368.669556,229737
2014-12-29,1424.900024,1436.949951,1414.599976,1432.500000,1393.524414,292338
2014-12-30,1434.050049,1440.900024,1408.349976,1427.800049,1388.952393,251311
2014-12-31,1440.000000,1441.250000,1422.000000,1427.949951,1389.098267,271892
2015-01-01,1428.400024,1435.800049,1424.099976,1429.199951,1390.314331,119605
2015-01-02,1435.000000,1442.500000,1428.050049,1432.300049,1393.329956,247162
2015-01-05,1434.150024,1441.650024,1425.250000,1430.300049,1391.384399,211101
2015-01-06,1425.000000,1428.949951,1386.300049,1395.849976,1357.871582,405597
2015-01-07,1395.849976,1401.599976,1365.349976,1377.599976,1340.118164,483850
2015-01-08,1385.000000,1412.849976,1380.000000,1407.949951,1369.642456,340287
2015-01-09,1411.000000,1425.500000,1405.500000,1420.699951,1382.045532,317299
2015-01-12,1422.650024,1435.000000,1415.699951,1431.000000,1392.065186,218007
2015-01-13,1432.199951,1451.000000,1421.000000,1433.050049,1394.059448,340354
2015-01-14,1431.000000,1438.000000,1410.000000,1423.349976,1384.623291,184846
2015-01-15,1438.000000,1459.500000,1395.800049,1437.150024,1398.047852,433511
2015-01-16,1433.000000,1448.000000,1426.000000,1428.050049,1389.195801,236647
2015-01-19,1431.000000,1467.500000,1430.000000,1463.500000,1423.680908,390371
2015-01-20,1473.599976,1479.800049,1454.000000,1475.699951,1435.548950,370117
2015-01-21,1479.000000,1488.400024,1461.500000,1484.800049,1444.401489,388480
2015-01-22,1495.000000,1519.750000,1483.000000,1503.449951,1462.543823,800501
2015-01-23,1524.449951,1524.449951,1470.000000,1489.449951,1448.924927,617287
2015-01-27,1489.000000,1529.400024,1475.550049,1524.250000,1482.778076,641940
2015-01-28,1521.900024,1533.500000,1501.800049,1515.500000,1474.266113,643871
2015-01-29,1535.699951,1562.949951,1521.000000,1554.550049,1512.253784,1189408
2015-01-30,1555.000000,1591.150024,1545.000000,1585.300049,1542.167114,648933
2015-02-02,1587.000000,1606.000000,1545.150024,1554.699951,1512.399536,541843
2015-02-03,1562.750000,1577.000000,1523.000000,1546.349976,1504.276733,808855
2015-02-04,1558.900024,1600.000000,1550.050049,1579.650024,1536.670776,450821
2015-02-05,1580.000000,1610.000000,1559.150024,1578.300049,1535.357666,497609
2015-02-06,1578.099976,1588.000000,1552.800049,1567.699951,1525.045776,234610
2015-02-09,1560.000000,1572.250000,1540.250000,1546.150024,1504.082397,283211
2015-02-10,1546.949951,1570.750000,1542.050049,1562.949951,1520.425171,318035
2015-02-11,1568.000000,1599.949951,1556.400024,1590.500000,1547.225586,400919
2015-02-12,1600.000000,1633.849976,1586.099976,1617.699951,1573.685425,348159
2015-02-13,1683.000000,1692.150024,1644.150024,1679.449951,1633.755493,1764074
2015-02-16,1688.000000,1689.800049,1657.800049,1662.250000,1617.023438,830177
2015-02-18,1684.949951,1687.199951,1664.000000,1681.849976,1636.089966,664131
2015-02-19,1687.000000,1705.500000,1674.400024,1686.500000,1640.613647,905398
2015-02-20,1688.000000,1698.599976,1676.050049,1691.349976,1645.331543,611265
2015-02-23,1685.000000,1703.000000,1601.199951,1648.900024,1604.036743,2661139
2015-02-24,1650.099976,1668.000000,1624.000000,1661.800049,1616.585815,713170
2015-02-25,1667.000000,1670.000000,1648.449951,1664.300049,1619.017700,1030353
2015-02-26,1665.000000,1716.000000,1648.000000,1697.550049,1651.363037,4295665
2015-02-27,1700.000000,1745.150024,1700.000000,1737.500000,1690.225952,1319802
2015-02-28,null,null,null,null,null,null
2015-03-02,1749.000000,1808.800049,1743.000000,1796.949951,1748.058350,727102
2015-03-03,1795.000000,1826.000000,1785.000000,1802.349976,1753.311523,764844
2015-03-04,1815.949951,1833.900024,1769.300049,1787.250000,1738.622437,812954
2015-03-05,1781.099976,1843.400024,1776.050049,1838.150024,1788.137451,990561
2015-03-09,1836.699951,1879.800049,1830.000000,1869.500000,1818.634399,1055203
2015-03-10,1884.400024,1917.300049,1870.000000,1898.400024,1846.748169,1443134
2015-03-11,1904.400024,1905.000000,1859.900024,1872.000000,1821.066528,939918
2015-03-12,1875.000000,1889.849976,1860.000000,1883.349976,1832.107666,980143
2015-03-13,1888.000000,1905.949951,1865.500000,1877.349976,1826.270874,927786
2015-03-16,1880.000000,1894.000000,1861.000000,1864.550049,1813.819336,817248
2015-03-17,1874.800049,1894.000000,1865.150024,1876.650024,1825.590088,631130
2015-03-18,1884.900024,1898.000000,1866.300049,1873.400024,1822.428345,694160
2015-03-19,1900.099976,1959.349976,1882.599976,1921.650024,1869.365601,1675344
2015-03-20,1934.000000,1955.849976,1884.900024,1906.300049,1854.433350,2981480
2015-03-23,1912.000000,1936.900024,1895.000000,1921.500000,1869.219849,790809
2015-03-24,1931.000000,2025.000000,1923.349976,2007.900024,1953.269043,1531299
2015-03-25,2031.300049,2036.949951,1987.000000,2008.900024,1954.241699,1903474
2015-03-26,1990.000000,2013.500000,1953.250000,1972.949951,1919.269775,1844899
2015-03-27,1975.000000,1988.500000,1948.000000,1954.800049,1901.613770,1491483
2015-03-30,1979.000000,2012.599976,1960.000000,1999.000000,1944.611084,1045647
2015-03-31,2010.750000,2028.800049,1994.449951,2008.400024,1953.755493,872470
2015-04-01,2008.000000,2044.900024,2004.050049,2037.500000,1982.063599,765868
2015-04-06,2039.650024,2095.000000,2039.000000,2088.250000,2031.432739,876067
2015-04-07,2100.000000,2109.600098,2059.750000,2091.600098,2034.691772,907918
2015-04-08,2114.899902,2115.000000,2066.899902,2082.100098,2025.450073,1004484
2015-04-09,2090.000000,2090.000000,2004.449951,2015.750000,1960.905396,1552419
2015-04-10,2025.099976,2025.800049,1958.300049,1964.199951,1910.757813,2428315
2015-04-13,1973.900024,1992.800049,1965.000000,1981.500000,1927.587402,1082692
2015-04-15,1994.500000,1998.000000,1929.000000,1951.449951,1898.354736,1848462
2015-04-16,1944.000000,1944.000000,1862.849976,1900.500000,1848.791260,1899659
2015-04-17,1898.199951,1898.199951,1739.550049,1770.050049,1721.890381,4494033
2015-04-20,1776.599976,1819.500000,1750.000000,1786.949951,1738.330566,2341241
2015-04-21,1774.000000,1802.000000,1721.000000,1759.650024,1711.773315,1529639
2015-04-22,1768.000000,1777.000000,1734.000000,1750.500000,1702.872437,1854083
2015-04-23,1760.300049,1779.949951,1721.550049,1725.849976,1678.892944,1467466
2015-04-24,1735.000000,1777.000000,1712.150024,1757.150024,1709.341431,1336141
2015-04-27,1768.900024,1769.000000,1683.050049,1723.150024,1676.266357,1130545
2015-04-28,1716.500000,1740.000000,1687.650024,1721.750000,1674.904541,1110899
2015-04-29,1707.150024,1768.000000,1707.150024,1744.099976,1696.646484,977628
2015-04-30,1749.800049,1785.000000,1730.000000,1772.550049,1724.322510,1877832
2015-05-04,1781.400024,1823.900024,1777.000000,1814.849976,1765.471313,1013954
2015-05-05,1810.000000,1829.699951,1795.300049,1811.750000,1762.455811,742863
2015-05-06,1808.000000,1818.000000,1738.300049,1754.849976,1707.103882,1454710
2015-05-07,1760.000000,1760.000000,1691.099976,1741.000000,1693.630737,1339758
2015-05-08,1747.000000,1786.900024,1741.000000,1770.349976,1722.182251,879493
2015-05-11,1764.949951,1788.900024,1730.000000,1769.900024,1721.744507,1358706
2015-05-12,1770.000000,1771.900024,1736.000000,1748.250000,1700.683472,986165
2015-05-13,1770.000000,1804.949951,1678.500000,1689.500000,1643.532104,5146183
2015-05-14,1654.000000,1654.000000,1588.250000,1631.949951,1587.547729,4569440
2015-05-15,1644.500000,1695.800049,1636.000000,1684.250000,1638.424805,2643591
2015-05-18,1699.400024,1746.000000,1696.000000,1732.550049,1685.410767,1973158
2015-05-19,1739.000000,1741.000000,1696.099976,1723.300049,1676.412354,1741536
2015-05-20,1734.000000,1746.900024,1706.099976,1721.150024,1674.320923,1702941
2015-05-21,1727.400024,1731.150024,1699.000000,1709.099976,1662.598633,1313406
2015-05-22,1718.550049,1743.949951,1701.449951,1735.199951,1687.988525,1284351
2015-05-25,1749.599976,1780.000000,1735.099976,1753.000000,1705.304199,2194758
2015-05-26,1769.949951,1797.800049,1742.099976,1751.800049,1704.137085,3313608
2015-05-27,1748.800049,1773.000000,1730.000000,1752.099976,1704.428711,1980405
2015-05-28,1759.400024,1766.599976,1712.000000,1744.750000,1697.278687,2680677
2015-05-29,1749.900024,1854.900024,1727.300049,1833.250000,1783.370850,24029112
2015-06-01,1778.000000,1815.750000,1771.099976,1792.050049,1743.291748,1574696
2015-06-02,1799.949951,1826.400024,1794.000000,1800.750000,1751.755005,1714073
2015-06-03,1800.750000,1819.400024,1767.099976,1794.900024,1746.064209,906416
2015-06-04,1804.000000,1813.750000,1728.000000,1749.699951,1702.093872,1238375
2015-06-05,1759.500000,1784.449951,1750.199951,1776.599976,1728.262329,886478
2015-06-08,1790.000000,1793.099976,1764.099976,1779.199951,1730.791382,602880
2015-06-09,1770.000000,1782.400024,1741.000000,1770.050049,1721.890381,1242611
2015-06-10,1773.750000,1789.599976,1751.800049,1756.000000,1708.222656,589749
2015-06-11,1762.000000,1771.000000,1698.300049,1705.650024,1659.242554,1078216
2015-06-12,1714.000000,1728.500000,1692.099976,1721.599976,1674.758545,676602
2015-06-15,1732.000000,1734.400024,1701.000000,1711.849976,1665.273926,582427
2015-06-16,1715.000000,1727.900024,1675.000000,1691.650024,1645.623657,872551
2015-06-17,1707.949951,1744.000000,1695.000000,1731.699951,1684.583740,1108511
2015-06-18,1730.099976,1811.000000,1727.150024,1794.849976,1746.015625,1016241
2015-06-19,1808.750000,1822.500000,1777.099976,1816.800049,1767.368530,898473
2015-06-22,1830.949951,1850.750000,1801.500000,1806.199951,1757.056763,905124
2015-06-23,1810.800049,1815.949951,1765.099976,1771.250000,1723.057739,742138
2015-06-24,1775.000000,1816.000000,1771.250000,1805.199951,1756.083984,1146311
2015-06-25,1810.900024,1845.000000,1805.099976,1832.000000,1782.154785,1148288
2015-06-26,1825.000000,1852.000000,1820.000000,1841.599976,1791.493530,585292
2015-06-29,1821.400024,1844.849976,1800.300049,1832.250000,1782.398071,600991
2015-06-30,1837.000000,1898.000000,1830.099976,1886.050049,1834.734375,1120131
2015-07-01,1893.000000,1918.550049,1870.000000,1874.599976,1823.595825,871195
2015-07-02,1894.000000,1899.000000,1861.300049,1870.150024,1819.266846,872219
2015-07-03,1898.000000,1917.000000,1892.349976,1900.949951,1849.228760,877924
2015-07-06,1800.000000,1923.300049,1800.000000,1918.500000,1866.301270,790815
2015-07-07,1924.000000,1926.000000,1886.500000,1908.400024,1856.476196,807610
2015-07-08,1875.050049,1908.750000,1862.599976,1877.650024,1826.562744,964138
2015-07-09,1880.000000,1905.349976,1880.000000,1886.150024,1834.831543,379705
2015-07-10,1888.099976,1894.949951,1852.699951,1871.150024,1820.239624,803852
2015-07-13,1890.000000,1895.000000,1865.150024,1889.300049,1837.895874,696911
2015-07-14,1885.000000,1920.550049,1880.050049,1916.300049,1871.590942,795631
2015-07-15,1928.000000,1948.000000,1920.000000,1942.949951,1897.619141,639158
2015-07-16,1951.000000,1960.000000,1937.599976,1954.800049,1909.192749,598434
2015-07-17,1967.000000,1983.000000,1960.000000,1973.000000,1926.968018,630710
2015-07-20,1973.500000,1983.500000,1963.900024,1978.250000,1932.095581,467407
2015-07-21,1970.000000,1970.000000,1875.800049,1885.300049,1841.314209,993409
2015-07-22,1885.000000,1911.500000,1817.000000,1823.949951,1781.395508,1701329
2015-07-23,1835.699951,1835.699951,1711.150024,1728.250000,1687.928345,4976913
2015-07-24,1735.000000,1750.750000,1657.000000,1672.099976,1633.088379,3491061
2015-07-27,1684.900024,1689.949951,1602.750000,1617.550049,1579.811035,3030464
2015-07-28,1636.000000,1642.000000,1597.199951,1609.349976,1571.802368,2565568
2015-07-29,1613.000000,1644.800049,1590.050049,1640.099976,1601.834839,1992583
2015-07-30,1649.949951,1657.849976,1621.000000,1626.849976,1588.893921,1562925
2015-07-31,1636.949951,1707.699951,1628.800049,1696.699951,1657.114380,1663420
2015-08-03,1700.000000,1711.000000,1658.650024,1664.000000,1625.177368,738391
2015-08-04,1670.000000,1675.349976,1634.099976,1640.500000,1602.225708,1327419
2015-08-05,1651.000000,1685.000000,1645.150024,1680.400024,1641.194702,1020643
2015-08-06,1690.000000,1716.900024,1683.449951,1705.599976,1665.806641,1080101
2015-08-07,1710.000000,1710.000000,1682.500000,1694.400024,1654.868164,630482
2015-08-10,1704.949951,1725.000000,1685.000000,1695.949951,1656.381714,678486
2015-08-11,1699.900024,1710.000000,1680.449951,1698.150024,1658.530518,586987
2015-08-12,1698.000000,1734.949951,1682.599976,1722.150024,1681.970581,1272336
2015-08-13,1730.000000,1773.800049,1716.400024,1758.099976,1717.081909,1226673
2015-08-14,1777.000000,1798.000000,1768.949951,1793.449951,1751.606934,1634036
2015-08-17,1804.949951,1807.800049,1761.000000,1796.900024,1754.976685,797037
2015-08-18,1806.500000,1811.000000,1746.550049,1751.050049,1710.196289,1178580
2015-08-19,1758.500000,1807.150024,1753.150024,1795.400024,1753.511597,770194
2015-08-20,1813.000000,1942.599976,1813.000000,1890.550049,1846.441895,3332613
2015-08-21,1888.900024,1919.349976,1852.650024,1877.800049,1833.989258,1366891
2015-08-24,1810.000000,1863.000000,1783.099976,1803.650024,1761.569214,1468467
2015-08-25,1802.300049,1857.599976,1715.099976,1828.550049,1785.888306,1993449
2015-08-26,1838.000000,1895.000000,1800.000000,1810.400024,1768.161743,1920778
2015-08-27,1860.000000,1911.449951,1835.000000,1899.849976,1855.524658,1631204
2015-08-28,1925.000000,1935.250000,1838.000000,1860.849976,1817.434570,1513446
2015-08-31,1875.000000,1945.000000,1862.000000,1935.550049,1890.391846,1830506
2015-09-01,1910.000000,1924.949951,1851.000000,1860.500000,1817.092773,1202890
2015-09-02,1884.900024,1908.800049,1870.000000,1880.400024,1836.528442,1207023
2015-09-03,1893.000000,1894.500000,1850.000000,1862.349976,1818.899536,1015991
2015-09-04,1876.000000,1894.449951,1840.300049,1859.599976,1816.213745,1962214
2015-09-07,1876.000000,1877.000000,1798.550049,1804.900024,1762.790039,718432
2015-09-08,1810.099976,1839.400024,1755.750000,1820.699951,1778.221313,905108
2015-09-09,1845.050049,1875.000000,1817.000000,1836.099976,1793.261963,744403
2015-09-10,1817.199951,1829.900024,1785.099976,1818.199951,1775.779663,712219
2015-09-11,1825.000000,1839.849976,1800.599976,1810.000000,1767.770996,514651
2015-09-14,1820.000000,1845.900024,1785.000000,1840.250000,1797.315186,552865
2015-09-15,1840.000000,1857.650024,1824.300049,1836.000000,1793.164429,490311
2015-09-16,1846.000000,1863.400024,1833.150024,1845.750000,1802.686768,465186
2015-09-18,1875.000000,1910.000000,1866.000000,1898.849976,1854.548096,1522927
2015-09-21,1876.500000,1903.000000,1870.349976,1880.400024,1836.528442,637352
2015-09-22,1891.000000,1899.000000,1862.849976,1871.599976,1827.933716,650048
2015-09-23,1856.099976,1933.300049,1827.349976,1922.050049,1877.206787,1124486
2015-09-24,1945.000000,2002.800049,1941.150024,1990.349976,1943.913086,2633607
2015-09-28,2000.000000,2067.750000,1986.650024,2034.150024,1986.691284,1832418
2015-09-29,2000.699951,2038.300049,1963.300049,2015.250000,1968.232178,1770861
2015-09-30,2046.949951,2055.000000,2020.000000,2034.000000,1986.544800,1267574
2015-10-01,2059.949951,2128.000000,2034.000000,2108.850098,2059.648682,2749646
2015-10-05,2113.500000,2123.800049,2077.300049,2082.649902,2034.059937,897220
2015-10-06,2092.000000,2129.000000,2063.550049,2073.399902,2025.025635,887118
2015-10-07,2078.000000,2102.000000,2056.800049,2065.649902,2017.456543,734381
2015-10-08,2080.000000,2080.649902,2027.099976,2044.400024,1996.702271,891794
2015-10-09,2050.899902,2070.000000,2050.899902,2055.600098,2007.640991,783715
2015-10-12,2064.649902,2072.000000,2001.699951,2009.800049,1962.909424,670625
2015-10-13,2006.000000,2042.000000,2005.000000,2028.250000,1980.928955,974159
2015-10-14,2028.250000,2077.899902,2025.849976,2066.850098,2018.628418,968369
2015-10-15,2070.000000,2112.000000,2068.649902,2099.100098,2050.126221,1115230
2015-10-16,2095.000000,2097.649902,2035.199951,2052.949951,2005.052734,850628
2015-10-19,2060.000000,2099.000000,2056.100098,2073.000000,2024.635010,669471
2015-10-20,2100.000000,2104.000000,2058.000000,2075.600098,2027.174438,1709316
2015-10-21,2079.949951,2084.449951,2060.000000,2063.399902,2015.258667,495424
2015-10-23,2086.000000,2097.449951,2071.600098,2079.300049,2030.787964,700151
2015-10-26,2082.300049,2096.850098,2031.800049,2051.600098,2003.734253,1418942
2015-10-27,1990.000000,2025.000000,1932.000000,1945.650024,1900.256226,3070580
2015-10-28,1933.750000,1948.000000,1885.000000,1910.400024,1865.828613,2460613
2015-10-29,1919.300049,1935.750000,1906.400024,1920.250000,1875.448608,1290089
2015-10-30,1924.000000,1944.449951,1911.099976,1928.900024,1883.896973,692739
2015-11-02,1928.900024,1935.199951,1868.000000,1899.599976,1855.280518,777056
2015-11-03,1910.000000,1910.949951,1865.000000,1874.550049,1830.815063,1430773
2015-11-04,1894.000000,1894.000000,1851.000000,1857.150024,1813.821045,1364087
2015-11-05,1856.400024,1856.400024,1833.500000,1838.250000,1795.361938,660862
2015-11-06,1834.000000,1870.000000,1812.050049,1857.849976,1814.504639,815336
2015-11-09,1829.000000,1883.699951,1811.099976,1868.699951,1825.101318,732452
2015-11-10,1860.000000,1870.900024,1774.949951,1790.400024,1748.628296,782457
2015-11-13,1774.849976,1796.400024,1760.000000,1777.800049,1736.322266,1358843
2015-11-16,1788.000000,1826.900024,1761.000000,1809.099976,1766.891968,765419
2015-11-17,1825.000000,1833.750000,1790.849976,1799.500000,1757.515991,712453
2015-11-18,1793.000000,1815.250000,1772.500000,1783.050049,1741.449829,647838
2015-11-19,1790.099976,1820.000000,1759.599976,1807.550049,1765.378174,633380
2015-11-20,1807.000000,1827.500000,1790.500000,1814.500000,1772.166138,430279
2015-11-23,1817.000000,1845.000000,1810.099976,1842.599976,1799.610474,477851
2015-11-24,1842.599976,1868.000000,1828.349976,1860.900024,1817.483521,834864
2015-11-26,1863.099976,1864.400024,1831.800049,1836.150024,1793.311035,858019
2015-11-27,1850.150024,1852.900024,1805.300049,1812.699951,1770.407959,699849
2015-11-30,1807.000000,1819.949951,1783.000000,1795.000000,1753.120972,1461767
2015-12-01,1800.000000,1817.900024,1792.800049,1811.550049,1769.284912,477542
2015-12-02,1819.949951,1879.000000,1812.849976,1870.800049,1827.152466,878243
2015-12-03,1870.000000,1870.000000,1817.250000,1821.650024,1779.149170,860554
2015-12-04,1815.000000,1836.000000,1796.500000,1804.750000,1762.643311,953977
2015-12-07,1822.000000,1836.000000,1808.000000,1831.650024,1788.916016,511541
2015-12-08,1825.000000,1827.900024,1800.000000,1804.349976,1762.252808,584132
2015-12-09,1804.349976,1815.000000,1747.750000,1759.949951,1718.888672,916636
2015-12-10,1763.500000,1763.500000,1688.500000,1733.800049,1693.348877,1715942
2015-12-11,1727.000000,1770.000000,1726.050049,1740.150024,1699.550659,1067350
2015-12-14,1730.000000,1758.449951,1722.500000,1747.849976,1707.070923,565502
2015-12-15,1742.099976,1797.699951,1742.099976,1792.900024,1751.069946,665220
2015-12-16,1801.000000,1835.000000,1794.000000,1828.800049,1786.132446,987172
2015-12-17,1835.000000,1846.599976,1796.000000,1822.500000,1779.979370,1319749
2015-12-18,1805.599976,1835.000000,1780.000000,1784.400024,1742.768311,1127533
2015-12-21,1784.000000,1813.000000,1782.099976,1801.699951,1759.664551,423456
2015-12-22,1800.000000,1807.949951,1781.000000,1785.199951,1743.549561,393457
2015-12-23,1801.099976,1813.000000,1792.000000,1804.800049,1762.692505,472162
2015-12-24,1822.050049,1822.050049,1800.199951,1803.900024,1761.813354,295092
2015-12-28,1805.000000,1848.000000,1805.000000,1840.949951,1797.998901,680000
2015-12-29,1860.000000,1865.000000,1835.550049,1846.750000,1803.663696,636219
2015-12-30,1848.599976,1850.000000,1831.000000,1836.500000,1793.652710,335431
2015-12-31,1837.000000,1845.199951,1818.000000,1837.250000,1794.385254,446622
2016-01-01,1836.099976,1859.000000,1832.199951,1845.250000,1802.198608,238463
2016-01-04,1830.000000,1837.849976,1786.400024,1795.150024,1753.267578,649115
2016-01-05,1813.300049,1813.300049,1773.000000,1783.050049,1741.449829,873308
2016-01-06,1775.000000,1786.550049,1741.500000,1753.199951,1712.296143,628135
2016-01-07,1749.949951,1769.900024,1708.400024,1717.500000,1677.429077,780329
2016-01-08,1722.400024,1746.349976,1702.750000,1712.849976,1672.887573,752161
2016-01-11,1707.800049,1715.000000,1690.050049,1700.949951,1661.265259,597256
2016-01-12,1704.000000,1718.500000,1692.000000,1700.099976,1660.434937,1323629
2016-01-13,1715.000000,1721.050049,1646.199951,1666.150024,1627.277100,979010
2016-01-14,1650.000000,1725.000000,1636.000000,1717.500000,1677.429077,1433275
2016-01-15,1718.000000,1725.000000,1695.000000,1701.099976,1661.411743,732532
2016-01-18,1695.050049,1734.599976,1680.000000,1702.550049,1662.828003,955512
2016-01-19,1706.000000,1724.900024,1695.000000,1699.750000,1660.093262,505883
2016-01-20,1687.000000,1720.000000,1680.000000,1691.050049,1651.596191,783776
2016-01-21,1703.000000,1705.000000,1679.000000,1685.900024,1646.566406,960734
2016-01-22,1695.000000,1728.000000,1691.449951,1721.250000,1681.091553,420067
2016-01-25,1731.000000,1737.400024,1697.000000,1699.050049,1659.409668,473393
2016-01-27,1714.949951,1725.000000,1660.000000,1689.150024,1649.740601,845275
2016-01-28,1681.050049,1720.000000,1680.000000,1706.349976,1666.539307,1004150
2016-01-29,1696.250000,1721.150024,1691.400024,1710.750000,1670.836548,1027807
2016-02-01,1750.000000,1756.449951,1698.000000,1702.550049,1662.828003,1223746
2016-02-02,1703.000000,1734.599976,1700.000000,1705.800049,1666.002197,958341
2016-02-03,1700.000000,1713.750000,1682.150024,1698.849976,1659.214233,557219
2016-02-04,1700.000000,1719.900024,1617.099976,1652.800049,1614.238647,1417537
2016-02-05,1652.000000,1817.000000,1603.000000,1802.849976,1760.787842,4292391
2016-02-08,1815.000000,1849.000000,1781.050049,1820.900024,1778.416748,1698987
2016-02-09,1791.000000,1911.900024,1791.000000,1905.650024,1861.189453,2477694
2016-02-10,1886.300049,1905.000000,1842.500000,1852.949951,1809.718872,1958089
2016-02-11,1845.000000,1874.800049,1784.000000,1791.150024,1749.360840,1234514
2016-02-12,1810.000000,1810.000000,1725.150024,1756.300049,1715.323975,970447
2016-02-15,1780.000000,1837.300049,1775.750000,1798.449951,1756.490356,1038639
2016-02-16,1795.099976,1813.000000,1746.400024,1750.449951,1709.610352,1086368
2016-02-17,1762.000000,1767.099976,1693.199951,1730.400024,1690.028198,1581559
2016-02-18,1745.000000,1784.699951,1732.000000,1776.750000,1735.296753,827772
2016-02-19,1773.500000,1803.000000,1741.599976,1788.949951,1747.212036,869657
2016-02-22,1785.000000,1817.550049,1781.000000,1810.550049,1768.308228,699778
2016-02-23,1820.000000,1820.099976,1764.000000,1778.199951,1736.712769,589204
2016-02-24,1773.699951,1780.000000,1737.900024,1761.400024,1720.304810,622081
2016-02-25,1766.000000,1798.199951,1741.500000,1760.099976,1719.035278,963494
2016-02-26,1775.099976,1786.000000,1718.050049,1726.750000,1686.463257,858284
2016-02-29,1742.800049,1775.000000,1695.000000,1754.550049,1713.614746,837151
2016-03-01,1760.000000,1782.000000,1735.099976,1761.500000,1720.402466,728941
2016-03-02,1776.000000,1819.000000,1760.000000,1781.900024,1740.326538,947824
2016-03-03,1796.000000,1812.000000,1765.550049,1784.000000,1742.377563,781299
2016-03-04,1793.750000,1795.000000,1770.000000,1780.199951,1738.666260,563192
2016-03-08,1782.099976,1835.000000,1760.500000,1824.699951,1782.128052,1428776
2016-03-09,1828.949951,1845.000000,1816.500000,1823.500000,1780.955933,1022875
2016-03-10,1830.000000,1832.000000,1797.500000,1820.949951,1778.465454,787040
2016-03-11,1830.000000,1863.000000,1812.000000,1856.150024,1812.844238,1157688
2016-03-14,1860.000000,1874.599976,1851.150024,1869.199951,1825.589722,516821
2016-03-15,1799.000000,1799.000000,1716.000000,1722.900024,1682.703125,3200644
2016-03-16,1732.000000,1753.900024,1696.300049,1750.199951,1709.366089,2061285
2016-03-17,1762.699951,1766.300049,1665.099976,1674.300049,1635.237061,3308895
2016-03-18,1668.000000,1668.800049,1535.000000,1554.400024,1518.134399,7863541
2016-03-21,1572.000000,1572.000000,1501.099976,1535.199951,1499.382202,6606156
2016-03-22,1540.800049,1564.800049,1536.000000,1549.050049,1512.909180,3118852
2016-03-23,1558.949951,1558.949951,1518.000000,1524.150024,1488.590088,1764210
2016-03-28,1548.000000,1548.000000,1490.000000,1495.099976,1460.217773,3046721
2016-03-29,1490.000000,1491.949951,1280.000000,1401.550049,1368.850586,18885690
2016-03-30,1445.000000,1490.000000,1418.750000,1475.300049,1440.879883,6901864
2016-03-31,1492.000000,1502.449951,1471.000000,1479.250000,1444.737671,3507744
2016-04-01,1475.900024,1484.000000,1451.250000,1464.849976,1430.673706,2301141
2016-04-04,1475.000000,1475.000000,1435.000000,1461.150024,1427.060059,1786402
2016-04-05,1465.000000,1478.949951,1446.150024,1463.699951,1429.550537,2776014
2016-04-06,1466.599976,1493.000000,1464.000000,1485.099976,1450.451172,1248298
2016-04-07,1496.000000,1522.300049,1487.349976,1509.750000,1474.526123,3338512
2016-04-08,1500.000000,1554.800049,1500.000000,1540.099976,1504.167969,2848397
2016-04-11,1548.250000,1549.000000,1501.000000,1518.750000,1483.316162,977906
2016-04-12,1523.000000,1544.400024,1523.000000,1535.949951,1500.114746,937807
2016-04-13,1541.050049,1568.699951,1536.849976,1548.900024,1512.762817,1661309
2016-04-18,1543.699951,1598.699951,1543.699951,1575.000000,1538.253906,2312824
2016-04-20,1589.000000,1590.000000,1555.400024,1572.599976,1535.909668,1762008
2016-04-21,1580.000000,1580.650024,1552.349976,1561.000000,1524.580444,616382
2016-04-22,1550.000000,1569.000000,1540.300049,1558.000000,1521.650391,614108
2016-04-25,1556.300049,1557.000000,1535.500000,1542.699951,1506.707397,500655
2016-04-26,1539.000000,1585.000000,1526.500000,1579.150024,1542.307007,933431
2016-04-27,1566.199951,1580.000000,1553.000000,1569.900024,1533.272827,717219
2016-04-28,1566.050049,1585.000000,1560.199951,1576.300049,1539.523438,1791123
2016-04-29,1580.900024,1617.849976,1568.599976,1607.250000,1569.751343,1849743
2016-05-02,1616.000000,1626.500000,1603.050049,1619.050049,1581.276123,748702
2016-05-03,1620.099976,1632.000000,1565.349976,1575.599976,1538.839600,1270045
2016-05-04,1564.250000,1591.000000,1560.000000,1577.750000,1540.939575,577618
2016-05-05,1594.750000,1613.500000,1586.250000,1603.599976,1566.186523,693119
2016-05-06,1609.300049,1609.300049,1578.500000,1586.849976,1549.827148,399928
2016-05-09,1599.000000,1610.000000,1592.599976,1605.400024,1567.944580,345726
2016-05-10,1608.949951,1620.000000,1598.000000,1614.699951,1577.027466,466392
2016-05-11,1600.000000,1611.500000,1591.000000,1593.550049,1556.370972,752825
2016-05-12,1601.000000,1623.849976,1596.050049,1616.449951,1578.736694,333710
2016-05-13,1606.000000,1616.949951,1585.000000,1588.699951,1551.634033,633055
2016-05-16,1595.000000,1611.199951,1571.300049,1603.849976,1566.430664,809752
2016-05-17,1614.000000,1624.849976,1602.449951,1613.000000,1575.367188,539135
2016-05-18,1609.500000,1646.000000,1602.050049,1638.150024,1599.930542,892492
2016-05-19,1654.000000,1689.000000,1636.349976,1655.449951,1616.826904,3518163
2016-05-20,1618.000000,1618.000000,1497.500000,1504.800049,1469.691650,4490960
2016-05-23,1521.500000,1526.500000,1451.000000,1465.050049,1430.869141,2351450
2016-05-24,1460.000000,1504.250000,1443.300049,1465.150024,1430.966675,2421523
2016-05-25,1481.000000,1495.000000,1468.250000,1472.349976,1437.998779,862728
2016-05-26,1487.800049,1487.800049,1462.000000,1469.949951,1435.654663,1573541
2016-05-27,1489.000000,1535.449951,1475.050049,1480.099976,1445.567871,3122857
2016-05-30,1489.949951,1493.699951,1454.099976,1467.849976,1433.603760,1365114
2016-05-31,1470.900024,1495.000000,1463.449951,1474.750000,1440.342651,2522011
2016-06-01,1479.650024,1500.000000,1478.000000,1490.250000,1455.481079,1880118
2016-06-02,1480.000000,1494.900024,1465.000000,1475.349976,1440.928711,1736436
2016-06-03,1475.349976,1482.849976,1446.000000,1450.099976,1416.267822,1691266
2016-06-06,1465.000000,1465.000000,1414.349976,1419.349976,1386.235352,1899200
2016-06-07,1406.000000,1443.949951,1395.000000,1434.849976,1401.373657,2157157
2016-06-08,1436.250000,1442.000000,1419.650024,1430.800049,1397.418091,1084830
2016-06-09,1411.099976,1440.000000,1397.400024,1427.199951,1393.902100,2025083
2016-06-10,1423.449951,1455.000000,1423.449951,1437.449951,1403.912842,1096107
2016-06-13,1437.000000,1463.750000,1430.199951,1452.550049,1418.660767,1073088
2016-06-14,1460.000000,1462.250000,1445.099976,1450.900024,1417.049072,498431
2016-06-15,1465.699951,1465.699951,1445.400024,1463.000000,1428.866943,560727
2016-06-16,1467.000000,1473.000000,1450.949951,1466.199951,1431.992188,747330
2016-06-17,1477.000000,1477.000000,1456.000000,1464.000000,1429.843384,549107
2016-06-20,1461.000000,1475.849976,1445.550049,1462.000000,1427.890259,646439
2016-06-21,1475.000000,1475.000000,1445.000000,1449.650024,1415.828247,546544
2016-06-22,1452.300049,1467.000000,1446.000000,1461.900024,1427.792480,999040
2016-06-23,1469.800049,1494.800049,1467.250000,1485.699951,1451.037109,1524774
2016-06-24,1460.300049,1470.650024,1435.000000,1462.900024,1428.769287,969412
2016-06-27,1470.000000,1488.800049,1461.000000,1479.150024,1444.640015,857039
2016-06-28,1475.000000,1548.550049,1475.000000,1544.699951,1508.660645,1927170
2016-06-29,1555.000000,1558.699951,1524.349976,1532.900024,1497.136108,910521
2016-06-30,1548.000000,1554.000000,1532.000000,1539.699951,1503.777344,1024791
2016-07-01,1545.000000,1558.949951,1542.050049,1552.849976,1516.620483,514431
2016-07-04,1564.199951,1575.000000,1555.099976,1568.949951,1532.344971,757648
2016-07-05,1570.099976,1571.449951,1548.500000,1562.900024,1526.436035,412780
2016-07-07,1557.000000,1698.000000,1550.599976,1655.750000,1617.119751,1941050
2016-07-08,1701.000000,1712.300049,1622.750000,1639.150024,1600.907104,3341870
2016-07-11,1654.800049,1673.900024,1650.000000,1669.099976,1630.158325,800532
2016-07-12,1668.500000,1684.000000,1661.849976,1673.750000,1634.699829,717944
2016-07-13,1680.000000,1685.000000,1643.000000,1648.449951,1609.989990,848201
2016-07-14,1650.000000,1664.000000,1640.300049,1661.050049,1622.296143,482010
2016-07-15,1658.550049,1687.949951,1650.500000,1670.150024,1631.183838,822563
2016-07-18,1670.150024,1689.500000,1660.449951,1665.199951,1626.349243,627514
2016-07-19,1664.900024,1701.800049,1662.000000,1693.900024,1654.379883,810759
2016-07-20,1705.000000,1724.000000,1693.550049,1715.150024,1675.134033,1228199
2016-07-21,1729.800049,1736.699951,1681.900024,1686.550049,1647.201294,1531978
2016-07-22,1691.750000,1704.900024,1678.250000,1701.250000,1661.558105,520314
2016-07-25,1708.699951,1724.500000,1699.500000,1722.199951,1689.467529,730291
2016-07-26,1712.199951,1715.150024,1694.050049,1699.849976,1667.542236,1442774
2016-07-27,1696.300049,1740.000000,1668.800049,1719.400024,1686.720825,1857306
2016-07-28,1735.000000,1743.000000,1696.800049,1704.949951,1672.545410,840430
2016-07-29,1706.000000,1750.000000,1703.800049,1739.849976,1706.781982,689102
2016-08-01,1743.000000,1747.900024,1705.750000,1724.349976,1691.576660,987009
2016-08-02,1741.000000,1745.000000,1697.000000,1701.949951,1669.602295,620695
2016-08-03,1713.949951,1718.400024,1673.599976,1679.849976,1647.922485,820971
2016-08-04,1670.000000,1678.650024,1642.000000,1657.650024,1626.144409,947868
2016-08-05,1665.500000,1694.000000,1661.550049,1674.650024,1642.821289,589782
2016-08-08,1687.000000,1712.000000,1673.400024,1693.300049,1661.116821,648977
2016-08-09,1708.949951,1728.250000,1598.000000,1607.250000,1576.702271,7455908
2016-08-10,1600.000000,1606.949951,1540.000000,1544.400024,1515.046753,3599720
2016-08-11,1560.400024,1585.699951,1551.050049,1580.500000,1550.460693,2287754
2016-08-12,1590.500000,1595.000000,1572.000000,1581.949951,1551.883057,996548
2016-08-16,1597.000000,1599.900024,1577.050049,1591.050049,1560.810181,890909
2016-08-17,1592.000000,1605.000000,1572.050049,1594.500000,1564.194702,783772
2016-08-18,1600.000000,1607.949951,1585.199951,1588.400024,1558.210571,605628
2016-08-19,1599.900024,1602.000000,1569.000000,1576.050049,1546.095337,445050
2016-08-22,1564.000000,1567.949951,1540.000000,1544.449951,1515.095825,920241
2016-08-23,1535.000000,1558.599976,1530.000000,1555.900024,1526.328247,1191811
2016-08-24,1545.000000,1551.150024,1506.000000,1521.699951,1492.778076,1483246
2016-08-25,1529.000000,1534.500000,1507.050049,1522.150024,1493.219849,1912866
2016-08-26,1535.000000,1540.050049,1510.000000,1512.099976,1483.360718,927460
2016-08-29,1512.000000,1512.000000,1470.699951,1479.849976,1451.723633,1262694
2016-08-30,1480.000000,1512.000000,1480.000000,1508.699951,1480.025391,835375
2016-08-31,1508.699951,1531.000000,1478.550049,1482.199951,1454.028931,1489112
2016-09-01,1482.199951,1511.300049,1481.199951,1501.750000,1473.207397,849359
2016-09-02,1509.900024,1525.000000,1504.500000,1518.050049,1489.197632,1028961
2016-09-06,1525.000000,1539.000000,1515.000000,1535.449951,1506.266968,894622
2016-09-07,1550.000000,1552.000000,1537.900024,1543.400024,1514.065796,595016
2016-09-08,1545.000000,1588.400024,1538.150024,1582.050049,1551.981323,1029854
2016-09-09,1583.750000,1587.900024,1564.199951,1569.550049,1539.718750,874115
2016-09-12,1555.000000,1561.800049,1527.500000,1533.400024,1504.255981,492173
2016-09-14,1543.000000,1549.449951,1523.000000,1532.199951,1503.078613,560365
2016-09-15,1532.000000,1555.500000,1530.000000,1546.650024,1517.254150,558667
2016-09-16,1543.949951,1555.199951,1528.000000,1537.349976,1508.130859,935307
2016-09-19,1531.400024,1557.900024,1530.000000,1547.400024,1517.989746,652749
2016-09-20,1535.800049,1561.800049,1535.099976,1548.250000,1518.823730,668059
2016-09-21,1553.000000,1559.800049,1538.699951,1545.750000,1516.371216,623879
2016-09-22,1560.000000,1560.199951,1515.750000,1528.650024,1499.596069,1230280
2016-09-23,1528.949951,1529.800049,1484.000000,1489.449951,1461.141113,1883166
2016-09-26,1497.000000,1502.900024,1465.099976,1494.500000,1466.095215,1632257
2016-09-27,1503.000000,1519.000000,1495.300049,1512.199951,1483.458862,1096606
2016-09-28,1512.199951,1528.750000,1509.050049,1517.650024,1488.805176,976298
2016-09-29,1531.800049,1531.800049,1455.000000,1468.300049,1440.393188,1473552
2016-09-30,1468.699951,1489.500000,1458.800049,1486.250000,1458.002075,860417
2016-10-03,1486.250000,1506.599976,1484.550049,1493.550049,1465.163452,573882
2016-10-04,1504.000000,1508.000000,1481.099976,1488.449951,1460.160156,516358
2016-10-05,1489.099976,1502.900024,1484.500000,1492.400024,1464.035278,393733
2016-10-06,1504.000000,1504.000000,1479.000000,1486.900024,1458.639771,551910
2016-10-07,1487.349976,1505.000000,1485.000000,1500.150024,1471.637817,1410496
2016-10-10,1505.050049,1524.900024,1499.550049,1520.199951,1491.306763,509938
2016-10-13,1509.199951,1516.500000,1474.599976,1479.250000,1451.135132,1120826
2016-10-14,1489.949951,1489.949951,1450.199951,1464.699951,1436.861572,1162063
2016-10-17,1468.699951,1475.000000,1442.099976,1446.050049,1418.566040,497091
2016-10-18,1450.000000,1488.000000,1450.000000,1481.150024,1452.999023,1488996
2016-10-19,1488.000000,1518.500000,1486.199951,1512.699951,1483.949341,762863
2016-10-20,1518.000000,1521.449951,1501.000000,1505.849976,1477.229492,460284
2016-10-21,1507.500000,1518.449951,1492.250000,1500.099976,1471.588867,345777
2016-10-24,1512.650024,1539.599976,1499.150024,1528.400024,1499.350952,905293
2016-10-25,1532.000000,1544.000000,1520.550049,1526.250000,1497.241821,574243
2016-10-26,1525.500000,1538.900024,1500.000000,1507.300049,1478.651978,483604
2016-10-27,1508.000000,1508.000000,1472.000000,1480.349976,1452.214111,591055
2016-10-28,1487.000000,1504.949951,1482.949951,1488.349976,1460.062134,531996
2016-11-01,1532.000000,1544.000000,1503.550049,1508.349976,1479.682007,800647
2016-11-02,1510.000000,1524.449951,1488.150024,1492.550049,1464.182373,633638
2016-11-03,1488.599976,1501.000000,1464.699951,1470.400024,1442.453369,829710
2016-11-04,1453.150024,1472.000000,1393.000000,1420.900024,1393.894043,2119494
2016-11-07,1523.000000,1535.000000,1488.900024,1518.599976,1489.737183,4220594
2016-11-08,1530.000000,1547.199951,1495.000000,1507.599976,1478.946289,1318755
2016-11-09,1432.000000,1565.000000,1382.599976,1529.650024,1500.577148,3320746
2016-11-10,1546.900024,1550.000000,1490.000000,1493.900024,1465.506592,2567989
2016-11-11,1496.849976,1496.849976,1452.349976,1458.800049,1431.073853,834760
2016-11-15,1460.000000,1466.150024,1428.650024,1440.949951,1413.562988,1037950
2016-11-16,1450.699951,1454.849976,1390.650024,1407.050049,1380.307495,1493431
2016-11-17,1406.599976,1438.000000,1402.650024,1413.500000,1386.634766,907967
2016-11-18,1414.000000,1425.500000,1408.099976,1417.750000,1390.803955,649572
2016-11-21,1434.250000,1435.000000,1390.849976,1398.250000,1371.674683,921267
2016-11-22,1408.000000,1417.000000,1402.550049,1412.849976,1385.997070,949507
2016-11-23,1424.000000,1496.000000,1415.050049,1486.900024,1458.639771,2141284
2016-11-24,1470.000000,1494.250000,1452.400024,1458.500000,1430.779419,1575834
2016-11-25,1470.000000,1518.800049,1445.599976,1508.650024,1479.976318,1241157
2016-11-28,1515.000000,1517.900024,1484.000000,1509.199951,1480.515747,811169
2016-11-29,1499.900024,1523.000000,1486.449951,1518.150024,1489.295776,768031
2016-11-30,1530.000000,1547.099976,1497.400024,1504.849976,1476.248535,1689417
2016-12-01,1505.000000,1538.000000,1499.000000,1512.699951,1483.949341,1016348
2016-12-02,1512.699951,1514.000000,1485.750000,1489.099976,1460.797852,602938
2016-12-05,1500.000000,1540.000000,1495.199951,1535.849976,1506.659302,1257617
2016-12-06,1546.900024,1548.000000,1523.050049,1527.099976,1498.075684,656919
2016-12-07,1535.000000,1545.000000,1501.250000,1504.750000,1476.150391,777319
2016-12-08,1516.400024,1527.800049,1505.000000,1524.500000,1495.525146,516109
2016-12-09,1526.000000,1527.949951,1501.500000,1511.550049,1482.821167,444998
2016-12-12,1506.000000,1524.750000,1498.550049,1503.500000,1474.924316,396052
2016-12-13,1507.000000,1508.800049,1476.250000,1494.300049,1465.899048,660269
2016-12-14,1497.949951,1503.949951,1482.000000,1486.949951,1458.688599,363044
2016-12-15,1479.000000,1489.949951,1470.000000,1480.400024,1452.263184,626694
2016-12-16,1484.000000,1485.000000,1461.000000,1469.400024,1441.472290,625008
2016-12-19,1467.400024,1494.000000,1460.800049,1474.300049,1446.279297,569313
2016-12-20,1485.000000,1487.650024,1446.000000,1449.250000,1421.705322,685374
2016-12-21,1459.000000,1476.000000,1445.000000,1465.150024,1437.303101,595663
2016-12-22,1465.099976,1469.800049,1442.000000,1447.400024,1419.890503,542888
2016-12-23,1447.949951,1460.000000,1440.000000,1445.800049,1418.320923,488669
2016-12-26,1445.000000,1463.349976,1397.300049,1402.949951,1376.285278,877985
2016-12-27,1404.949951,1452.500000,1404.000000,1446.099976,1418.615234,841430
2016-12-28,1450.000000,1468.599976,1447.300049,1454.349976,1426.708374,582828
2016-12-29,1464.000000,1470.300049,1451.050049,1467.849976,1439.951782,487712
2016-12-30,1470.000000,1489.949951,1470.000000,1486.949951,1458.688599,427683
2017-01-02,1488.000000,1510.000000,1476.199951,1505.750000,1477.131470,432507
2017-01-03,1514.949951,1514.949951,1492.099976,1505.500000,1476.886108,575773
2017-01-04,1505.900024,1510.750000,1485.000000,1489.000000,1460.699707,650696
2017-01-05,1499.900024,1518.000000,1486.699951,1512.099976,1483.360718,663374
2017-01-06,1513.250000,1527.800049,1506.000000,1512.050049,1483.311768,442853
2017-01-09,1511.000000,1520.099976,1486.500000,1489.500000,1461.190308,443260
2017-01-10,1490.000000,1501.900024,1483.400024,1488.500000,1460.209351,633637
2017-01-11,1492.500000,1525.500000,1492.500000,1521.750000,1492.827393,747080
2017-01-12,1495.000000,1521.000000,1485.099976,1491.000000,1462.661743,859263
2017-01-13,1500.000000,1507.949951,1487.099976,1496.250000,1467.811890,397553
2017-01-16,1498.949951,1513.000000,1493.050049,1509.150024,1480.466919,372811
2017-01-17,1503.000000,1509.150024,1490.050049,1494.000000,1465.604736,427552
2017-01-18,1492.099976,1510.750000,1490.500000,1496.900024,1468.449585,451242
2017-01-19,1493.000000,1505.000000,1470.550049,1479.150024,1451.036987,444368
2017-01-20,1483.000000,1488.449951,1455.250000,1465.349976,1437.499390,573900
2017-01-23,1460.000000,1496.000000,1450.050049,1483.250000,1455.059082,812744
2017-01-24,1477.500000,1509.800049,1477.500000,1504.699951,1476.101440,432795
2017-01-25,1515.000000,1529.800049,1502.300049,1519.250000,1490.374878,846726
2017-01-27,1518.000000,1518.699951,1488.150024,1492.300049,1463.937134,727852
2017-01-30,1494.099976,1508.849976,1487.000000,1499.699951,1471.196411,452570
2017-01-31,1510.000000,1510.050049,1466.349976,1470.699951,1442.747559,688000
2017-02-01,1471.000000,1484.800049,1435.699951,1474.099976,1446.082886,894488
2017-02-02,1482.699951,1492.400024,1450.000000,1481.449951,1453.293213,1006697
2017-02-03,1478.000000,1505.949951,1478.000000,1492.000000,1463.642822,472175
2017-02-06,1501.000000,1573.599976,1484.800049,1496.150024,1467.713867,2848834
2017-02-07,1495.000000,1511.800049,1461.000000,1466.150024,1438.284058,1101632
2017-02-08,1474.000000,1491.000000,1467.000000,1486.750000,1458.492554,955712
2017-02-09,1498.949951,1520.000000,1475.750000,1491.349976,1463.005127,3701844
2017-02-10,1509.000000,1509.000000,1461.000000,1466.050049,1438.186035,1510360
2017-02-13,1479.000000,1479.000000,1445.000000,1447.599976,1420.086548,863549
2017-02-14,1448.300049,1455.949951,1425.550049,1431.449951,1404.243530,797448
2017-02-15,1432.050049,1442.000000,1428.500000,1432.900024,1405.666016,1298433
2017-02-16,1433.000000,1449.000000,1424.699951,1440.949951,1413.562988,1169195
2017-02-17,1456.949951,1464.949951,1445.050049,1458.699951,1430.975708,1093407
2017-02-20,1460.000000,1467.000000,1448.599976,1464.550049,1436.714478,2218830
2017-02-21,1468.000000,1473.000000,1457.949951,1471.000000,1443.041992,1196203
2017-02-22,1471.000000,1476.000000,1446.250000,1452.800049,1425.187866,680057
2017-02-23,1450.000000,1465.650024,1444.849976,1450.000000,1422.441040,1225360
2017-02-27,1452.099976,1469.000000,1450.300049,1464.099976,1436.272949,867741
2017-02-28,1466.949951,1478.000000,1461.250000,1474.099976,1446.082886,1456387
2017-03-01,1479.400024,1479.400024,1466.349976,1469.800049,1441.864746,1381676
2017-03-02,1478.000000,1483.449951,1454.050049,1460.900024,1433.133911,1559024
2017-03-03,1462.400024,1479.000000,1457.550049,1476.099976,1448.045044,465086
2017-03-06,1474.949951,1482.449951,1470.000000,1477.250000,1449.173096,457610
2017-03-07,1479.949951,1480.000000,1440.050049,1457.300049,1429.602295,966032
2017-03-08,1460.000000,1463.300049,1442.000000,1449.650024,1422.097656,766037
2017-03-09,1450.349976,1458.400024,1443.000000,1453.449951,1425.825317,703101
2017-03-10,1456.000000,1457.349976,1440.000000,1447.099976,1419.596191,369219
2017-03-14,1463.000000,1463.050049,1440.000000,1446.949951,1419.448853,683469
2017-03-15,1449.000000,1455.750000,1443.550049,1449.849976,1422.293823,413467
2017-03-16,1452.949951,1459.300049,1450.000000,1455.400024,1427.738525,1092308
2017-03-17,1467.900024,1475.449951,1452.150024,1456.550049,1428.866577,1149979
2017-03-20,1467.000000,1469.000000,1457.599976,1464.699951,1436.861572,469478
2017-03-21,1464.000000,1465.000000,1448.000000,1454.400024,1426.757446,481477
2017-03-22,1450.050049,1475.000000,1443.000000,1468.150024,1440.246094,808660
2017-03-23,1479.000000,1495.349976,1466.550049,1490.250000,1461.926025,927873
2017-03-24,1494.900024,1498.000000,1475.000000,1487.800049,1459.522705,423331
2017-03-27,1486.900024,1486.900024,1455.000000,1457.750000,1430.043701,714403
2017-03-28,1473.900024,1473.900024,1451.550049,1455.699951,1428.032593,337687
2017-03-29,1460.800049,1463.400024,1447.500000,1454.349976,1426.708374,616204
2017-03-30,1457.000000,1457.000000,1445.000000,1446.949951,1419.448853,1258490
2017-03-31,1453.000000,1455.000000,1441.050049,1445.199951,1417.732178,538488
2017-04-03,1450.000000,1454.000000,1430.050049,1434.599976,1407.333740,968565
2017-04-05,1444.000000,1457.050049,1440.000000,1454.949951,1427.296875,614057
2017-04-06,1457.000000,1457.000000,1439.349976,1448.400024,1420.871460,468167
2017-04-07,1445.650024,1448.000000,1406.099976,1410.050049,1383.250366,1036712
2017-04-10,1405.000000,1419.500000,1397.000000,1415.349976,1388.449585,1263154
2017-04-11,1422.449951,1433.449951,1416.000000,1429.449951,1402.281494,728077
2017-04-12,1428.000000,1444.449951,1408.050049,1439.449951,1412.091553,782828
2017-04-13,1447.500000,1454.900024,1430.000000,1434.650024,1407.382690,747073
2017-04-17,1434.800049,1442.449951,1411.150024,1416.949951,1390.019043,539429
2017-04-18,1420.000000,1428.949951,1411.550049,1414.949951,1388.057129,387950
2017-04-19,1422.849976,1422.849976,1408.050049,1410.250000,1383.446533,345971
2017-04-20,1411.000000,1430.150024,1410.000000,1427.449951,1400.319580,479647
2017-04-21,1427.449951,1431.400024,1406.199951,1407.849976,1381.092163,402801
2017-04-24,1405.000000,1405.000000,1356.000000,1361.500000,1335.623047,1326184
2017-04-25,1366.050049,1381.099976,1361.500000,1377.349976,1351.171753,937866
2017-04-26,1377.349976,1382.000000,1366.849976,1371.050049,1344.991577,470446
2017-04-27,1369.000000,1369.900024,1332.000000,1336.199951,1310.803833,1850221
2017-04-28,1340.000000,1372.000000,1318.699951,1338.349976,1312.912964,2257402
2017-05-02,1354.000000,1354.000000,1301.000000,1303.800049,1279.019775,1289019
2017-05-03,1308.000000,1312.349976,1261.400024,1264.900024,1240.859009,1825156
2017-05-04,1270.000000,1284.449951,1259.000000,1261.750000,1237.768921,1359127
2017-05-05,1265.000000,1272.500000,1249.949951,1252.349976,1228.547607,779255
2017-05-08,1254.800049,1285.000000,1248.150024,1279.800049,1255.475952,1359954
2017-05-09,1283.500000,1283.849976,1243.099976,1250.150024,1226.389404,1761286
2017-05-10,1255.000000,1272.949951,1251.699951,1258.900024,1234.973145,1092939
2017-05-11,1263.000000,1273.900024,1256.699951,1259.699951,1235.757935,575036
2017-05-12,1263.000000,1265.199951,1245.000000,1253.949951,1230.117188,900384
2017-05-15,1253.949951,1292.949951,1252.000000,1284.500000,1260.086548,951808
2017-05-16,1277.599976,1299.949951,1277.599976,1292.900024,1268.326904,863382
2017-05-17,1299.000000,1306.099976,1287.000000,1299.250000,1274.556274,1423295
2017-05-18,1290.000000,1322.349976,1284.250000,1305.849976,1281.030762,1137197
2017-05-19,1318.000000,1321.949951,1304.949951,1318.199951,1293.145996,954830
2017-05-22,1320.099976,1327.000000,1258.000000,1265.949951,1241.889160,2143969
2017-05-23,1265.000000,1265.000000,1231.400024,1250.599976,1226.830811,2071339
2017-05-24,1232.199951,1274.949951,1167.599976,1228.500000,1205.150879,4063564
2017-05-25,1172.050049,1180.000000,1107.000000,1140.199951,1118.529053,8375080
2017-05-26,1131.000000,1163.000000,1100.000000,1112.550049,1091.404663,3585744
2017-05-29,1113.949951,1128.400024,1080.099976,1110.199951,1089.099243,2573360
2017-05-30,1110.199951,1142.250000,1110.199951,1129.900024,1108.424927,1442595
2017-05-31,1145.000000,1185.000000,1137.500000,1161.000000,1138.933838,2459672
2017-06-01,1150.000000,1188.900024,1142.500000,1146.300049,1124.513184,1498211
2017-06-02,1158.900024,1173.000000,1152.000000,1167.099976,1144.917725,1059875
2017-06-05,1160.000000,1170.000000,1148.000000,1156.199951,1134.224976,1345701
2017-06-06,1162.900024,1165.000000,1141.750000,1151.000000,1129.123901,1352183
2017-06-07,1152.150024,1165.949951,1145.000000,1154.449951,1132.508301,928260
2017-06-08,1159.750000,1178.400024,1151.750000,1167.699951,1145.506348,1599054
2017-06-09,1173.000000,1176.000000,1152.300049,1160.099976,1138.050903,769777
2017-06-12,1150.000000,1167.000000,1150.000000,1160.199951,1138.148926,608687
2017-06-13,1163.000000,1182.949951,1163.000000,1179.699951,1157.278320,953734
2017-06-14,1182.949951,1193.500000,1175.500000,1181.000000,1158.553711,970978
2017-06-15,1178.900024,1194.000000,1174.050049,1182.349976,1159.878052,1034068
2017-06-16,1186.000000,1189.449951,1104.550049,1131.050049,1109.553101,3285283
2017-06-19,1136.000000,1141.500000,1113.199951,1131.699951,1110.190552,1172788
2017-06-20,1129.900024,1129.900024,1110.000000,1112.849976,1091.698975,1777105
2017-06-21,1111.000000,1112.000000,1089.000000,1095.000000,1074.188354,2025842
2017-06-22,1085.099976,1088.949951,1064.000000,1066.949951,1046.671387,3041268
2017-06-23,1066.000000,1085.000000,1058.050049,1060.000000,1039.853394,2050708
2017-06-27,1060.000000,1068.199951,1047.599976,1062.349976,1042.158691,2630627
2017-06-28,1062.000000,1069.400024,1051.099976,1064.699951,1044.463989,1667010
2017-06-29,1068.750000,1069.800049,1053.000000,1055.599976,1035.536987,4352668
2017-06-30,1059.900024,1069.550049,1051.500000,1059.849976,1039.706177,1555017
2017-07-03,1064.000000,1065.000000,1051.400024,1054.500000,1034.458008,1001764
2017-07-04,1059.800049,1061.000000,1040.000000,1043.900024,1024.059448,1052402
2017-07-05,1040.500000,1096.000000,1036.199951,1084.000000,1063.397217,5148183
2017-07-06,1099.000000,1108.800049,1076.550049,1081.300049,1060.748657,2336293
2017-07-07,1082.900024,1137.000000,1082.900024,1117.300049,1096.064453,4984299
2017-07-10,1135.000000,1170.000000,1135.000000,1148.849976,1127.014648,511108
2017-07-11,1157.000000,1166.750000,1136.050049,1139.949951,1118.283691,1914881
2017-07-12,1145.000000,1152.800049,1136.750000,1140.599976,1118.921509,768916
2017-07-13,1152.000000,1152.000000,1138.500000,1142.050049,1120.343994,1249863
2017-07-14,1143.000000,1156.099976,1135.300049,1139.150024,1117.499146,855906
2017-07-17,1145.000000,1150.449951,1137.000000,1146.750000,1124.954590,523872
2017-07-18,1148.000000,1164.750000,1147.300049,1156.349976,1134.372070,1073451
2017-07-19,1168.900024,1177.449951,1164.099976,1172.300049,1150.019043,794526
2017-07-20,1172.000000,1175.949951,1162.550049,1166.050049,1143.887817,406805
2017-07-21,1157.150024,1157.150024,1131.250000,1142.900024,1121.177856,1439189
2017-07-24,1165.750000,1175.199951,1138.000000,1141.500000,1127.201416,1549104
2017-07-25,1140.000000,1141.949951,1114.150024,1120.449951,1106.415039,1757281
2017-07-26,1121.599976,1128.650024,1115.500000,1123.599976,1109.525635,1114455
2017-07-27,1132.199951,1132.250000,1105.000000,1110.050049,1096.145386,1625717
2017-07-28,1110.400024,1111.050049,1055.349976,1063.900024,1050.573364,2321289
2017-07-31,1089.900024,1089.900024,1030.000000,1032.000000,1019.072998,4692583
2017-08-01,1038.000000,1038.800049,1016.099976,1017.900024,1005.149658,2668911
2017-08-02,1026.099976,1055.000000,1020.000000,1034.949951,1021.986023,7625546
2017-08-03,1032.000000,1060.000000,985.000000,993.400024,980.956543,7852897
2017-08-04,989.500000,997.799988,963.000000,992.799988,980.364014,4195398
2017-08-07,993.799988,1004.000000,980.549988,985.049988,972.711121,1416550
2017-08-08,988.799988,992.450012,970.400024,974.500000,962.293274,1097894
2017-08-09,974.000000,977.799988,950.000000,952.950012,941.013184,1347325
2017-08-10,950.799988,971.849976,917.549988,936.700012,924.966736,2148029
2017-08-11,930.000000,954.849976,920.000000,940.900024,929.114136,1617852
2017-08-14,943.500000,969.799988,943.049988,966.849976,954.739075,1380569
2017-08-16,974.000000,974.049988,950.500000,961.000000,948.962402,1973545
2017-08-17,964.000000,968.450012,951.000000,953.950012,942.000671,1127740
2017-08-18,951.000000,951.000000,934.400024,938.349976,926.596008,1834424
2017-08-21,943.900024,944.000000,920.000000,923.400024,911.833374,1160593
2017-08-22,948.000000,950.950012,935.000000,944.400024,932.570374,2324978
2017-08-23,948.000000,959.700012,941.000000,955.849976,943.876831,1452649
2017-08-24,958.500000,999.799988,955.000000,992.500000,980.067749,2451008
2017-08-28,1003.000000,1008.000000,986.000000,991.200012,978.784058,1659832
2017-08-29,987.700012,998.950012,983.049988,989.299988,976.907898,1024339
2017-08-30,995.000000,998.400024,985.849976,988.000000,975.624146,700248
2017-08-31,979.000000,995.750000,974.599976,979.450012,967.181274,1957294
2017-09-01,985.000000,1009.400024,982.000000,995.549988,983.079590,1558803
2017-09-04,995.000000,1006.450012,985.049988,997.549988,985.054504,907385
2017-09-05,1005.000000,1005.049988,986.049988,992.650024,980.215942,713041
2017-09-06,987.000000,991.349976,967.000000,971.349976,959.182739,1338780
2017-09-07,975.900024,981.700012,970.349976,978.500000,966.243164,936915
2017-09-08,978.500000,986.500000,960.200012,969.950012,957.800232,714426
2017-09-11,975.000000,982.950012,968.150024,977.299988,965.058167,799559
2017-09-12,979.000000,988.000000,976.150024,981.849976,969.551147,1076841
2017-09-13,985.700012,1009.000000,974.000000,992.400024,979.969055,2392504
2017-09-14,997.900024,1017.750000,995.549988,1004.200012,991.621277,2388352
2017-09-15,991.750000,1015.000000,990.049988,1009.549988,996.904175,2254311
2017-09-18,1015.950012,1016.000000,1000.099976,1010.099976,997.447327,1321720
2017-09-19,1010.000000,1021.700012,1001.500000,1005.200012,992.608704,1593299
2017-09-20,1009.900024,1009.900024,997.000000,1002.250000,989.695679,1900325
2017-09-21,1006.000000,1039.900024,1004.450012,1030.400024,1017.493042,4073455
2017-09-22,1030.000000,1044.699951,1006.099976,1014.400024,1001.693481,2128564
2017-09-25,1014.500000,1016.450012,982.200012,991.700012,979.277832,1824414
2017-09-26,995.000000,1012.400024,993.000000,1006.000000,993.398682,1967659
2017-09-27,1010.000000,1011.799988,995.500000,1000.349976,987.819397,2086318
2017-09-28,1001.900024,1008.900024,996.000000,1004.849976,992.263062,2447775
2017-09-29,1013.700012,1017.799988,1006.799988,1014.000000,1001.298462,1198488
2017-10-03,1020.000000,1024.800049,1014.500000,1021.349976,1008.556335,1499941
2017-10-04,1024.699951,1037.400024,1018.650024,1027.500000,1014.629333,1012019
2017-10-05,1031.000000,1038.500000,1023.049988,1029.199951,1016.307983,491692
2017-10-06,1036.000000,1044.900024,1025.099976,1038.900024,1025.886597,1107877
2017-10-09,1047.849976,1047.849976,1033.800049,1039.949951,1026.923462,388342
2017-10-10,1054.400024,1071.000000,1041.699951,1062.000000,1048.697266,2413682
2017-10-11,1067.000000,1069.449951,1038.500000,1046.050049,1032.947021,1432162
2017-10-12,1057.000000,1064.000000,1052.449951,1061.250000,1047.956543,851033
2017-10-13,1055.000000,1068.599976,1055.000000,1062.099976,1048.796021,625422
2017-10-16,1067.099976,1075.000000,1063.750000,1070.300049,1056.893311,686446
2017-10-17,1065.000000,1069.550049,1060.800049,1066.199951,1052.844604,602214
2017-10-18,1068.699951,1068.699951,1046.550049,1049.199951,1036.057495,599551
2017-10-19,1055.000000,1057.000000,1046.300049,1051.199951,1038.032349,94104
2017-10-23,1058.000000,1058.300049,1028.000000,1038.449951,1025.442139,545519
2017-10-24,1036.000000,1043.699951,1023.299988,1026.349976,1013.493774,370317
2017-10-25,1035.099976,1036.849976,999.099976,1003.150024,990.584412,1086901
2017-10-26,1010.000000,1011.849976,990.299988,993.000000,980.561523,2312486
2017-10-27,1002.000000,1021.450012,999.000000,1001.099976,988.560059,1163414
2017-10-30,1009.200012,1090.000000,992.500000,1025.949951,1013.098755,8196443
2017-10-31,1025.000000,1037.900024,1010.000000,1028.050049,1015.172546,2036136
2017-11-01,1028.050049,1039.000000,1025.250000,1028.150024,1015.271240,591994
2017-11-02,1031.699951,1064.699951,1031.699951,1061.300049,1048.005981,1711143
2017-11-03,1065.000000,1069.599976,1041.150024,1047.699951,1034.576294,780125
2017-11-06,1044.500000,1055.699951,1031.250000,1034.550049,1021.591125,470881
2017-11-07,1037.000000,1041.550049,845.450012,859.900024,849.128723,25028579
2017-11-08,862.500000,882.000000,836.700012,841.250000,830.712402,12540687
2017-11-09,851.000000,854.000000,827.650024,830.450012,820.047668,5008246
2017-11-10,835.000000,845.900024,830.599976,833.299988,822.861938,2761475
2017-11-13,840.200012,841.000000,823.500000,827.150024,816.789001,2045817
2017-11-14,829.900024,845.000000,829.000000,835.000000,824.540710,2956627
2017-11-15,825.000000,834.349976,818.500000,823.650024,813.332825,1762158
2017-11-16,825.700012,834.700012,820.000000,829.000000,818.615784,2007600
2017-11-17,834.000000,839.900024,827.099976,829.549988,819.158875,1582945
2017-11-20,830.000000,832.000000,822.650024,826.150024,815.801575,2005483
2017-11-21,830.000000,849.500000,829.000000,837.450012,826.959961,2340880
2017-11-22,838.599976,841.750000,825.200012,827.400024,817.035889,1577310
2017-11-23,832.000000,835.849976,825.349976,827.349976,816.986450,1680075
2017-11-24,830.000000,835.500000,828.000000,829.349976,818.961365,1257977
2017-11-27,829.000000,834.849976,828.000000,831.450012,821.035095,1052203
2017-11-28,831.450012,839.900024,831.000000,832.299988,821.874451,1044438
2017-11-29,833.099976,839.450012,832.500000,834.650024,824.195068,788695
2017-11-30,832.799988,833.900024,815.000000,817.700012,807.457397,3637833
2017-12-01,822.099976,823.250000,811.099976,814.200012,804.001221,1747415
2017-12-04,819.700012,819.900024,809.049988,814.450012,804.248047,1037841
2017-12-05,812.799988,819.000000,807.000000,808.950012,798.816956,1034003
2017-12-06,808.799988,813.400024,806.250000,809.349976,799.211914,833724
2017-12-07,811.000000,824.000000,810.400024,818.900024,808.642334,1536602
2017-12-08,814.500000,829.000000,811.000000,822.849976,812.542786,1754006
2017-12-11,828.000000,842.000000,825.049988,839.150024,828.638733,1633544
2017-12-12,841.599976,853.450012,840.000000,846.799988,836.192871,2487565
2017-12-13,848.750000,856.000000,841.049988,845.250000,834.662292,2061866
2017-12-14,845.650024,855.950012,843.599976,852.799988,842.117676,1607943
2017-12-15,858.500000,869.000000,855.000000,860.299988,849.523743,3114671
2017-12-18,865.000000,875.000000,843.099976,867.150024,856.287964,1539705
2017-12-19,869.700012,872.000000,860.099976,867.049988,856.189148,984692
2017-12-20,867.000000,888.799988,863.099976,874.299988,863.348389,2218529
2017-12-21,878.450012,885.599976,876.000000,878.849976,867.841370,1039753
2017-12-22,880.000000,883.000000,868.000000,871.650024,860.731628,1536820
2017-12-26,872.000000,876.400024,864.349976,872.200012,861.274719,1383753
2017-12-27,872.950012,885.200012,870.000000,875.099976,864.138306,3710542
2017-12-28,877.900024,889.000000,875.150024,880.549988,869.520020,2380146
2017-12-29,895.000000,899.900024,881.549988,885.099976,874.013062,2616172
2018-01-01,889.500000,892.000000,880.200012,883.250000,872.186279,1032734
2018-01-02,887.900024,888.000000,871.250000,875.150024,864.187744,1199522
2018-01-03,878.700012,884.849976,872.849976,878.950012,867.940125,3960088
2018-01-04,880.250000,882.700012,870.049988,878.150024,867.150208,1924978
2018-01-05,880.000000,904.400024,876.000000,900.150024,888.874573,2694063
2018-01-08,906.400024,927.000000,905.000000,923.299988,911.734619,3798830
2018-01-09,924.450012,932.500000,915.150024,923.250000,911.685242,1729594
2018-01-10,923.250000,933.000000,915.049988,925.799988,914.203308,1583387
2018-01-11,929.650024,934.950012,925.650024,929.200012,917.560730,915497
2018-01-12,931.000000,937.000000,908.250000,919.099976,907.587219,1291426
2018-01-15,919.900024,924.700012,914.000000,916.549988,905.069153,614597
2018-01-16,920.000000,924.099976,905.000000,906.750000,895.391907,963028
2018-01-17,908.000000,920.500000,894.450012,919.349976,907.834045,1479797
2018-01-18,923.849976,927.000000,915.349976,921.049988,909.512756,2318124
2018-01-19,925.000000,926.000000,906.400024,924.099976,912.524536,1343268
2018-01-22,925.000000,933.000000,918.549988,930.049988,918.400085,1132432
2018-01-23,930.099976,941.400024,926.099976,937.349976,925.608582,1507345
2018-01-24,937.000000,962.000000,933.349976,959.049988,947.036743,1976531
2018-01-25,966.000000,970.000000,945.150024,949.650024,937.754578,2611485
2018-01-29,949.650024,954.000000,908.000000,912.200012,900.773621,1520775
2018-01-30,911.400024,913.549988,897.650024,902.750000,891.442017,941196
2018-01-31,900.000000,901.700012,876.000000,883.750000,872.679993,1590192
2018-02-01,883.950012,886.250000,852.200012,860.400024,849.622498,1834018
2018-02-02,860.799988,878.500000,845.000000,847.000000,836.390381,2532888
2018-02-05,843.000000,857.500000,834.000000,849.099976,838.464050,1407031
2018-02-06,824.000000,834.900024,789.400024,800.900024,790.867798,4675402
2018-02-07,796.000000,813.500000,781.799988,806.049988,795.953308,5037897
2018-02-08,809.900024,816.000000,800.000000,812.450012,802.273132,2057573
2018-02-09,804.000000,829.299988,799.000000,822.150024,811.851685,2767071
2018-02-12,828.799988,847.000000,825.500000,840.450012,829.922424,1781070
2018-02-14,847.650024,847.650024,825.000000,827.599976,817.233337,1135323
2018-02-15,830.000000,832.299988,819.000000,822.299988,811.999756,872676
2018-02-16,823.500000,829.799988,821.200012,825.099976,814.764648,589728
2018-02-19,825.900024,835.000000,807.000000,814.400024,804.198730,1260233
2018-02-20,812.000000,822.400024,810.000000,815.799988,805.581177,740252
2018-02-21,816.799988,827.950012,811.500000,813.950012,803.754333,1184810
2018-02-22,813.000000,815.500000,796.250000,800.049988,790.028381,1669008
2018-02-23,803.099976,814.799988,803.099976,807.500000,797.385132,1754473
2018-02-26,813.000000,824.500000,810.150024,821.299988,811.012268,1034951
2018-02-27,824.700012,831.450012,819.150024,826.299988,815.949646,976292
2018-02-28,823.900024,828.900024,815.099976,819.950012,809.679199,882036
2018-03-01,820.000000,824.250000,802.299988,803.900024,793.830261,1311644
2018-03-05,804.000000,806.000000,789.000000,790.150024,780.252441,1944252
2018-03-06,792.000000,795.000000,768.400024,773.400024,763.712280,2526715
2018-03-07,772.000000,773.400024,756.000000,761.750000,752.208191,1288034
2018-03-08,765.000000,774.400024,750.150024,771.150024,761.490417,1345222
2018-03-09,775.000000,781.000000,762.000000,764.500000,754.923767,813679
2018-03-12,768.000000,773.700012,761.200012,769.799988,760.157349,1174238
2018-03-13,770.000000,784.900024,768.599976,780.599976,770.822083,881387
2018-03-14,779.900024,786.799988,777.549988,781.549988,771.760132,698211
2018-03-15,781.000000,792.000000,773.799988,776.650024,766.921570,834688
2018-03-16,776.500000,783.900024,760.000000,761.849976,752.306946,1419793
2018-03-19,766.400024,772.599976,759.299988,766.599976,756.997437,1196025
2018-03-20,760.000000,774.000000,757.250000,771.750000,762.082947,975082
2018-03-21,771.700012,780.000000,765.000000,767.849976,758.231750,758910
2018-03-22,769.000000,775.000000,757.000000,758.500000,748.998901,729009
2018-03-23,751.000000,752.950012,731.450012,734.500000,725.299500,1701513
2018-03-26,734.500000,744.000000,727.099976,740.150024,730.878784,1276440
2018-03-27,740.799988,752.799988,740.799988,748.750000,739.371033,949924
2018-03-28,749.200012,755.700012,732.849976,735.849976,726.632629,2223129
2018-04-02,742.799988,779.900024,740.000000,777.099976,767.365906,2124403
2018-04-03,773.000000,799.000000,766.349976,788.500000,778.623108,2357152
2018-04-04,792.000000,796.299988,771.099976,775.200012,765.489746,1480947
2018-04-05,783.000000,790.000000,779.549988,786.700012,776.845703,660905
2018-04-06,788.000000,842.799988,785.299988,809.049988,798.915710,5616503
2018-04-09,809.799988,818.200012,791.000000,793.849976,783.906067,1897323
2018-04-10,799.000000,805.000000,785.650024,789.700012,779.808044,1135605
2018-04-11,792.000000,798.900024,781.099976,789.650024,779.758789,1208659
2018-04-12,785.349976,788.750000,772.000000,773.349976,763.662842,1138426
2018-04-13,774.000000,782.750000,773.950012,779.849976,770.081421,1070284
2018-04-16,771.000000,797.500000,770.799988,794.400024,784.449219,1703440
2018-04-17,795.099976,809.000000,795.099976,805.049988,794.965820,2205548
2018-04-18,810.000000,813.049988,787.500000,790.549988,780.647400,1273598
2018-04-19,792.150024,795.000000,783.000000,790.349976,780.449890,892965
2018-04-20,790.000000,801.599976,785.099976,799.900024,789.880371,1414151
2018-04-23,799.000000,817.900024,797.400024,811.849976,801.680603,2168704
2018-04-24,815.849976,832.950012,814.000000,819.750000,809.481689,2164708
2018-04-25,814.200012,825.000000,811.500000,814.700012,804.494934,739684
2018-04-26,813.000000,819.950012,789.700012,792.700012,782.770508,2498590
2018-04-27,794.000000,805.799988,787.099976,801.450012,791.410950,1357939
2018-04-30,805.000000,819.900024,803.000000,811.549988,801.384399,990926
2018-05-02,814.000000,819.450012,796.000000,800.549988,790.522156,685644
2018-05-03,800.000000,801.450012,785.250000,797.950012,787.954712,641614
2018-05-04,799.000000,805.250000,788.599976,795.599976,785.634155,870956
2018-05-07,785.000000,787.000000,763.000000,773.900024,764.205994,1945747
2018-05-08,782.799988,786.799988,772.500000,774.849976,765.144104,1360778
2018-05-09,775.000000,779.500000,759.099976,762.150024,752.603210,1058888
2018-05-10,765.599976,773.500000,751.150024,755.549988,746.085815,1388309
2018-05-11,761.500000,761.500000,743.549988,752.450012,743.024719,1188722
2018-05-14,752.500000,777.000000,750.000000,754.200012,744.752808,1709787
2018-05-15,755.000000,773.000000,723.650024,750.799988,741.395325,5816366
2018-05-16,751.500000,772.000000,750.099976,766.500000,756.898743,3129549
2018-05-17,767.750000,771.799988,754.500000,762.950012,753.393127,1404732
2018-05-18,764.000000,768.049988,741.799988,743.700012,734.384338,1185047
2018-05-21,744.400024,745.299988,735.000000,736.250000,727.027588,984687
2018-05-22,735.000000,745.450012,725.200012,740.099976,730.829407,1078032
2018-05-23,745.200012,749.900024,733.099976,734.900024,725.694519,744439
2018-05-24,738.000000,747.000000,729.900024,742.349976,733.051147,1013294
2018-05-25,743.049988,747.349976,733.099976,745.599976,736.260498,1431158
2018-05-28,747.500000,785.950012,747.500000,782.500000,772.698303,2532534
2018-05-29,782.500000,798.900024,768.950012,781.049988,771.266418,2602320
2018-05-30,770.000000,790.400024,770.000000,779.200012,769.439636,1236513
2018-05-31,784.950012,784.950012,765.650024,770.349976,760.700439,1994980
2018-06-01,770.750000,781.900024,761.599976,764.450012,754.874390,1297715
2018-06-04,766.700012,780.000000,753.400024,773.950012,764.255371,1801475
2018-06-05,775.450012,778.400024,745.099976,760.250000,750.726990,1363084
2018-06-06,760.000000,776.849976,756.250000,770.049988,760.404236,1131792
2018-06-07,771.599976,776.000000,761.599976,767.349976,757.737976,957228
2018-06-08,764.799988,824.000000,763.049988,810.049988,799.903198,4904878
2018-06-11,811.000000,829.900024,804.299988,809.500000,799.360107,3448600
2018-06-12,815.000000,861.900024,811.000000,855.000000,844.290161,8989742
2018-06-13,865.000000,882.000000,862.000000,871.900024,860.978455,6576519
2018-06-14,877.950012,904.500000,863.200012,899.599976,888.331421,6617748
2018-06-15,910.000000,924.500000,901.250000,913.200012,901.761169,8180351
2018-06-18,910.799988,917.000000,887.200012,902.200012,890.898926,3507092
2018-06-19,902.000000,921.000000,894.049988,897.849976,886.603333,4731384
2018-06-20,905.950012,912.950012,896.000000,899.849976,888.578308,2626824
2018-06-21,907.599976,907.599976,891.000000,899.650024,888.380859,2196762
2018-06-22,898.000000,909.299988,881.650024,902.900024,891.590149,3661231
2018-06-25,904.599976,920.000000,904.150024,913.450012,902.007996,3544163
2018-06-26,916.900024,921.599976,899.549988,902.349976,891.046997,2312136
2018-06-27,902.599976,907.400024,877.599976,893.599976,882.406616,2802734
2018-06-28,893.599976,909.799988,881.400024,897.750000,886.504639,4162515
2018-06-29,903.799988,913.799988,893.599976,903.799988,892.478821,2418127
2018-07-02,904.500000,906.000000,884.000000,889.450012,878.308594,1483033
2018-07-03,890.000000,907.000000,881.000000,903.099976,891.787598,2304392
2018-07-04,907.950012,939.000000,907.650024,934.200012,922.498047,5674097
2018-07-05,940.000000,946.200012,920.000000,922.650024,911.092773,3051351
2018-07-06,921.799988,939.450012,910.950012,915.799988,904.328491,2783374
2018-07-09,922.450012,929.900024,908.549988,911.500000,900.082397,1890208
2018-07-10,919.900024,921.000000,900.000000,902.849976,891.540771,1846761
2018-07-11,903.000000,914.400024,895.500000,900.450012,889.170837,2598037
2018-07-12,903.900024,906.400024,881.700012,884.500000,873.420654,1816416
2018-07-13,887.000000,892.650024,862.799988,865.599976,854.757324,1884162
2018-07-16,867.000000,867.000000,814.299988,818.150024,807.901733,2929578
2018-07-17,821.000000,831.500000,810.349976,827.400024,817.035889,2386757
2018-07-18,820.000000,827.000000,800.000000,811.000000,800.841248,5728347
2018-07-19,813.750000,814.700012,787.150024,794.549988,784.597290,2616898
2018-07-20,798.950012,802.400024,792.500000,800.650024,790.620972,3233608
2018-07-23,803.000000,806.000000,793.500000,800.099976,790.077759,2280600
2018-07-24,802.000000,826.000000,799.000000,820.950012,810.666626,2200804
2018-07-25,822.900024,823.049988,790.000000,796.950012,786.967285,1812670
2018-07-26,797.049988,815.799988,793.000000,812.849976,802.668091,3883354
2018-07-27,818.000000,825.700012,810.500000,815.250000,805.038025,1673216
2018-07-30,815.400024,836.000000,810.000000,820.099976,814.824646,2759758
2018-07-31,825.000000,830.000000,815.000000,824.400024,819.097046,2219822
2018-08-01,825.049988,847.700012,824.950012,844.200012,838.769653,3182314
2018-08-02,845.400024,867.000000,844.250000,864.849976,859.286804,3951505
2018-08-03,870.000000,895.799988,863.400024,886.000000,880.300781,4137701
2018-08-06,896.599976,897.349976,864.500000,873.150024,867.533447,2530276
2018-08-07,877.400024,890.000000,856.599976,866.599976,861.025513,2701941
2018-08-08,868.099976,884.799988,818.549988,825.549988,820.239624,13275336
2018-08-09,812.099976,844.000000,804.450012,822.849976,817.556946,9891077
2018-08-10,825.299988,827.900024,806.000000,809.450012,804.243225,4015679
2018-08-13,804.500000,819.000000,801.000000,811.950012,806.727112,1985586
2018-08-14,815.000000,840.000000,807.549988,836.750000,831.367554,3243237
2018-08-16,833.900024,851.700012,826.000000,849.750000,844.283936,2434628
2018-08-17,853.700012,884.750000,850.500000,881.250000,875.581360,4311564
2018-08-20,882.000000,892.000000,867.000000,869.250000,863.658508,2288649
2018-08-21,872.000000,891.900024,865.000000,888.599976,882.884033,3430538
2018-08-23,902.000000,917.799988,890.000000,903.299988,897.489502,5023344
2018-08-24,904.799988,914.700012,885.500000,907.200012,901.364441,3452744
2018-08-27,914.799988,919.000000,906.000000,910.799988,904.941223,1908650
2018-08-28,913.000000,918.700012,898.000000,901.750000,895.949463,1776205
2018-08-29,897.000000,905.450012,883.000000,887.099976,881.393677,2692725
2018-08-30,885.000000,900.000000,880.000000,893.650024,887.901611,2421826
2018-08-31,896.799988,939.799988,895.750000,931.450012,925.458435,6888252
2018-09-03,936.500000,957.900024,931.549988,936.099976,930.078491,4911304
2018-09-04,941.000000,944.599976,908.000000,916.799988,910.902649,3294233
2018-09-05,915.400024,926.500000,895.200012,902.849976,897.042358,3295519
2018-09-06,909.599976,922.500000,903.250000,917.950012,912.045288,3319935
2018-09-07,920.000000,962.700012,906.799988,959.400024,953.228638,8389509
2018-09-10,965.000000,986.099976,940.200012,944.400024,938.325134,7326442
2018-09-11,953.650024,959.500000,933.250000,940.299988,934.251465,4039123
2018-09-12,939.000000,963.150024,922.000000,959.349976,953.178955,4140290
2018-09-14,973.900024,981.500000,962.049988,968.750000,962.518494,4037498
2018-09-17,958.450012,978.000000,945.549988,950.200012,944.087830,2575256
2018-09-18,953.500000,963.150024,926.400024,929.349976,923.371887,2383441
2018-09-19,937.950012,939.599976,901.599976,909.349976,903.500549,3617661
2018-09-21,919.799988,931.500000,853.599976,890.250000,884.523438,4484082
2018-09-24,896.000000,903.000000,851.599976,860.750000,855.213196,2679422
2018-09-25,860.700012,887.750000,857.500000,882.549988,876.872986,2487594
2018-09-26,891.000000,910.000000,885.900024,891.750000,886.013794,2762045
2018-09-27,892.000000,904.000000,873.000000,896.349976,890.584167,6167183
2018-09-28,898.349976,918.000000,882.000000,900.950012,895.154602,4432773
2018-10-01,905.549988,905.549988,879.500000,895.900024,890.137146,2129770
2018-10-03,897.000000,913.900024,892.549988,898.049988,892.273254,2085452
2018-10-04,890.000000,894.900024,842.099976,854.750000,849.251770,2757822
2018-10-05,851.000000,866.549988,830.000000,838.750000,833.354736,2351664
2018-10-08,835.000000,855.000000,818.049988,850.000000,844.532349,2049160
2018-10-09,859.000000,882.500000,846.000000,868.900024,863.310791,2676148
2018-10-10,874.950012,885.000000,855.000000,858.099976,852.580200,2151667
2018-10-11,840.000000,862.400024,831.599976,836.549988,831.168823,1733915
2018-10-12,841.000000,853.000000,836.049988,846.250000,840.806458,1554768
2018-10-15,849.000000,892.450012,849.000000,886.799988,881.095642,2996361
2018-10-16,889.000000,911.049988,889.000000,896.450012,890.683594,2574095
2018-10-17,900.000000,909.349976,885.000000,896.650024,890.882263,1609068
2018-10-19,888.000000,905.799988,859.200012,880.250000,874.587769,2574321
2018-10-22,885.000000,893.450012,876.200012,882.450012,876.773621,1526383
2018-10-23,880.950012,880.950012,848.049988,851.000000,845.525940,1655570
2018-10-24,855.099976,865.950012,842.000000,860.950012,855.411926,1447748
2018-10-25,853.549988,874.700012,847.049988,851.299988,845.823975,2299649
2018-10-26,850.099976,862.500000,838.599976,855.150024,849.649231,1517769
2018-10-29,853.000000,894.849976,853.000000,888.349976,882.635620,2001176
2018-10-30,889.000000,889.349976,871.799988,876.650024,871.010925,1182970
2018-10-31,879.599976,914.900024,867.549988,885.450012,879.754333,4917307
2018-11-01,875.000000,880.250000,848.099976,852.049988,846.569153,2610053
2018-11-02,858.000000,864.000000,845.099976,849.900024,844.433044,1361060
2018-11-05,849.700012,860.650024,843.000000,853.700012,848.208557,1225002
2018-11-06,839.950012,856.400024,839.000000,850.950012,845.476257,1369770
2018-11-07,855.000000,855.000000,850.250000,852.049988,846.569153,97306
2018-11-09,850.000000,861.000000,848.500000,854.900024,849.400879,1443200
2018-11-12,858.000000,876.799988,853.099976,859.900024,854.368713,1952831
2018-11-13,859.750000,865.599976,847.000000,853.700012,848.208557,1001954
2018-11-14,858.000000,860.299988,831.099976,840.250000,834.845093,1465487
2018-11-15,841.000000,855.000000,840.200012,853.750000,848.258240,829607
2018-11-16,857.900024,869.900024,855.450012,864.700012,859.137817,1154745
2018-11-19,868.000000,875.000000,851.700012,855.500000,849.996948,1287405
2018-11-20,854.549988,861.450012,843.000000,848.599976,843.141357,875924
2018-11-21,852.500000,857.549988,845.500000,849.549988,844.085205,1226962
2018-11-22,852.000000,855.900024,844.500000,850.700012,845.227844,961754
2018-11-26,851.000000,854.799988,833.650024,844.900024,839.465149,1522060
2018-11-27,849.000000,857.700012,842.000000,851.000000,845.525940,1956636
2018-11-28,832.000000,870.000000,830.000000,866.599976,861.025513,4459561
2018-11-29,867.000000,894.000000,861.299988,868.250000,862.664978,4806533
2018-11-30,870.000000,891.599976,866.000000,886.750000,881.045959,2419585
2018-12-03,886.549988,905.000000,870.250000,901.299988,895.502319,2378359
2018-12-04,901.000000,906.000000,878.299988,887.650024,881.940186,1450362
2018-12-05,888.000000,889.799988,848.000000,859.349976,853.822205,3255984
2018-12-06,852.000000,869.000000,845.400024,847.000000,841.551636,1720427
2018-12-07,853.000000,859.000000,832.200012,841.299988,835.888306,2335261
2018-12-10,834.000000,840.000000,808.900024,812.750000,807.521973,2738848
2018-12-11,803.000000,842.000000,802.299988,835.000000,829.628845,2004151
2018-12-12,837.000000,847.700012,813.000000,821.650024,816.364746,2342740
2018-12-13,815.000000,855.000000,806.200012,847.299988,841.849731,4847312
2018-12-14,850.900024,857.000000,830.500000,843.849976,838.421875,2701885
2018-12-17,848.000000,855.500000,840.500000,847.450012,841.998779,1213014
2018-12-18,846.349976,848.500000,836.799988,845.000000,839.564514,892197
2018-12-19,848.000000,850.650024,838.099976,842.000000,836.583801,1037755
2018-12-20,840.000000,859.700012,839.500000,855.049988,849.549866,1520946
2018-12-21,855.150024,868.700012,853.049988,858.450012,852.927979,1800180
2018-12-24,874.000000,876.849976,832.200012,838.250000,832.857910,3541535
2018-12-26,828.000000,840.400024,817.049988,833.200012,827.840454,1441827
2018-12-27,837.000000,841.900024,830.099976,838.700012,833.305054,1217908
2018-12-28,841.000000,852.000000,836.799988,840.299988,834.894714,1133640
2018-12-31,846.000000,850.799988,836.650024,844.299988,838.869019,1149648
2019-01-01,848.700012,852.700012,839.000000,841.450012,836.037354,1122895
2019-01-02,842.000000,847.000000,826.049988,832.799988,827.442993,1115202
2019-01-03,836.000000,840.750000,818.299988,821.049988,815.768555,987539
2019-01-04,824.000000,832.000000,820.299988,828.900024,823.568115,1279403
2019-01-07,834.049988,835.000000,818.500000,820.450012,815.172424,948727
2019-01-08,823.799988,843.750000,821.150024,841.700012,836.285767,1404676
2019-01-09,844.000000,844.900024,830.049988,838.150024,832.758606,928337
2019-01-10,836.599976,842.900024,833.500000,838.000000,832.609558,737445
2019-01-11,838.500000,842.000000,828.099976,839.349976,833.950806,824260
2019-01-14,837.799988,840.950012,828.500000,834.750000,829.380432,922667
2019-01-15,836.500000,853.000000,833.049988,849.700012,844.234314,1071980
2019-01-16,850.400024,865.500000,845.099976,863.200012,857.647461,1681645
2019-01-17,863.650024,875.000000,860.099976,868.750000,863.161743,1995674
2019-01-18,861.099976,867.349976,851.849976,862.299988,856.753235,1824696
2019-01-21,857.000000,879.700012,857.000000,866.650024,861.075256,1712240
2019-01-22,866.000000,872.400024,851.000000,865.450012,859.882996,1258723
2019-01-23,866.000000,873.599976,859.250000,864.599976,859.038391,837289
2019-01-24,866.000000,870.950012,858.200012,868.400024,862.814026,701634
2019-01-25,870.000000,879.400024,855.099976,865.049988,859.485535,1345215
2019-01-28,849.150024,870.650024,844.299988,865.250000,859.684265,2416180
2019-01-29,863.700012,875.000000,855.000000,860.650024,855.113892,1468995
2019-01-30,861.000000,872.500000,861.000000,866.900024,861.323669,930968
2019-01-31,868.150024,885.950012,866.000000,875.700012,870.067017,2347389
2019-02-01,879.700012,888.000000,870.299988,883.099976,877.419434,1032450
2019-02-04,882.950012,888.650024,848.549988,855.900024,850.394409,1352120
2019-02-05,855.500000,855.500000,830.349976,837.700012,832.311462,1344930
2019-02-06,838.000000,851.500000,805.000000,842.099976,836.683167,6429178
2019-02-07,832.000000,844.549988,810.400024,822.799988,817.507324,3613894
2019-02-08,822.000000,836.299988,805.099976,830.750000,825.406189,2050927
2019-02-11,821.500000,829.750000,808.000000,820.500000,815.222107,1689390
2019-02-12,822.549988,824.750000,806.250000,810.950012,805.733521,1711425
2019-02-14,793.049988,812.000000,790.500000,810.200012,804.988403,1848763
2019-02-15,809.000000,809.950012,767.099976,774.750000,769.766418,2939666
2019-02-18,778.099976,785.000000,760.500000,770.900024,765.941162,2332485
2019-02-19,776.000000,776.000000,761.099976,763.099976,758.191284,1382541
2019-02-20,766.000000,768.450012,752.599976,762.650024,757.744263,1452620
2019-02-21,760.549988,772.000000,755.000000,769.799988,764.848206,1554032
2019-02-22,771.950012,782.650024,767.049988,777.700012,772.697449,1503832
2019-02-25,778.000000,784.799988,770.500000,777.450012,772.449036,1069147
2019-02-26,777.000000,781.000000,764.099976,776.099976,771.107666,1303086
2019-02-27,778.000000,787.000000,765.000000,768.000000,763.059814,1370928
2019-02-28,765.049988,773.500000,761.049988,763.750000,758.837158,2419997
2019-03-01,771.200012,790.549988,768.450012,786.599976,781.540161,2349879
2019-03-05,791.549988,791.599976,778.099976,784.599976,779.553040,1220769
2019-03-06,786.000000,794.599976,781.049988,789.049988,783.974426,1395812
2019-03-07,788.000000,803.500000,785.299988,792.000000,786.905457,1852651
2019-03-08,797.900024,799.799988,775.349976,779.150024,774.138123,1971916
2019-03-11,780.799988,797.000000,779.250000,795.299988,790.184204,1413263
2019-03-12,794.549988,810.799988,794.549988,800.599976,795.450073,2029769
2019-03-13,802.000000,805.450012,757.000000,763.299988,758.390015,3638081
2019-03-14,757.599976,782.000000,755.500000,764.200012,759.284241,3897827
2019-03-15,767.000000,789.599976,767.000000,785.150024,780.099548,3651344
2019-03-18,762.200012,762.849976,740.000000,751.549988,746.715637,4242821
2019-03-19,753.900024,765.799988,751.500000,755.049988,750.193115,1909056
2019-03-20,758.000000,759.900024,747.049988,753.400024,748.553772,1204781
2019-03-22,755.000000,758.000000,740.250000,743.200012,738.419373,1414802
2019-03-25,743.799988,745.950012,727.000000,729.049988,724.360352,2523406
2019-03-26,733.000000,738.650024,731.150024,734.799988,730.073364,1444465
2019-03-27,735.500000,740.849976,722.299988,723.700012,719.044800,1881343
2019-03-28,728.799988,733.000000,719.799988,724.849976,720.187378,2916948
2019-04-01,740.000000,771.000000,740.000000,766.200012,761.271423,3236300
2019-04-02,767.000000,783.650024,759.049988,777.750000,772.747070,2666766
2019-04-03,776.500000,789.799988,769.849976,773.599976,768.623779,2585485
2019-04-04,775.900024,792.500000,771.000000,789.049988,783.974426,1267750
2019-04-05,793.750000,798.150024,782.049988,788.349976,783.278870,1350218
2019-04-08,788.000000,802.000000,785.349976,792.650024,787.551270,1883664
2019-04-09,795.000000,813.400024,790.200012,810.750000,805.534851,2248850
2019-04-10,810.500000,817.500000,799.049988,804.750000,799.573425,1951096
2019-04-11,805.000000,812.700012,802.500000,809.349976,804.143799,877285
2019-04-12,811.950012,836.000000,811.000000,832.750000,827.393311,4350085
2019-04-15,830.000000,834.200012,825.299988,831.599976,826.250671,776744
2019-04-16,834.099976,844.500000,826.400024,832.950012,827.592041,1338479
2019-04-18,833.000000,837.599976,820.950012,835.799988,830.423706,1120493
2019-04-22,831.599976,837.900024,826.849976,831.650024,826.300415,1088049
2019-04-23,836.000000,871.000000,836.000000,867.599976,862.019104,4467214
2019-04-24,838.500000,867.599976,835.000000,864.250000,858.690674,2961143
2019-04-25,860.000000,874.900024,853.099976,869.200012,863.608826,2087687
2019-04-26,869.200012,881.349976,861.250000,868.349976,862.764282,1756524
2019-04-30,868.349976,875.150024,863.000000,872.049988,866.440491,884555
2019-05-02,870.000000,884.000000,867.000000,877.200012,871.557373,936068
2019-05-03,880.000000,880.799988,864.799988,870.799988,865.198547,848496
2019-05-06,852.049988,870.450012,852.049988,867.450012,861.870117,849572
2019-05-07,869.000000,870.799988,851.549988,854.700012,849.202148,793964
2019-05-08,850.000000,858.799988,844.000000,850.950012,845.476257,926036
2019-05-09,847.000000,868.000000,835.000000,865.000000,859.435852,1349553
2019-05-10,867.000000,867.000000,831.450012,835.900024,830.523071,1590833
2019-05-13,833.000000,835.000000,783.099976,800.250000,795.102356,1594702
2019-05-14,796.500000,817.750000,794.500000,810.400024,805.187073,1569711
2019-05-15,810.000000,819.450012,768.200012,782.150024,777.118835,4169535
2019-05-16,766.049988,788.750000,736.400024,782.599976,777.565857,10072198
2019-05-17,771.000000,773.000000,746.299988,753.150024,748.305359,2931867
2019-05-20,770.000000,770.799988,746.049988,759.549988,754.664185,1925792
2019-05-21,756.000000,776.500000,745.000000,747.400024,742.592346,1976172
2019-05-22,748.000000,760.950012,741.650024,757.200012,752.329285,1557588
2019-05-23,763.549988,768.000000,747.000000,749.950012,745.125916,1332580
2019-05-24,747.000000,766.150024,747.000000,763.299988,758.390015,762430
2019-05-27,742.549988,755.900024,720.000000,743.299988,738.518677,3299637
2019-05-28,749.000000,754.650024,742.049988,743.700012,738.916138,1658011
2019-05-29,741.000000,748.950012,730.000000,732.549988,727.837830,2456808
2019-05-30,735.000000,745.799988,734.000000,744.000000,739.214172,1478014
2019-05-31,746.500000,749.000000,737.549988,745.549988,740.754211,1198282
2019-06-03,748.400024,749.650024,741.200012,745.250000,740.456177,987180
2019-06-04,746.700012,755.000000,738.299988,740.099976,735.339233,811822
2019-06-06,747.849976,751.000000,730.000000,732.299988,727.589417,1094898
2019-06-07,728.000000,737.000000,713.049988,730.200012,725.502991,1378460
2019-06-10,730.099976,734.500000,721.799988,727.549988,722.869995,1022190
2019-06-11,729.900024,730.900024,722.000000,728.599976,723.913208,921515
2019-06-12,728.000000,730.000000,722.150024,726.299988,721.628052,914347
2019-06-13,725.000000,729.500000,705.049988,720.799988,716.163391,1483612
2019-06-14,723.000000,725.900024,710.000000,723.200012,718.547974,1364037
2019-06-17,720.000000,720.000000,705.000000,706.950012,702.402527,1427590
2019-06-18,708.700012,714.000000,705.099976,709.000000,704.439331,976987
2019-06-19,710.900024,712.000000,697.200012,703.799988,699.272766,1393451
2019-06-20,705.000000,715.500000,702.900024,713.950012,709.357483,1044962
2019-06-21,715.000000,726.500000,707.799988,712.799988,708.214905,1844959
2019-06-24,731.000000,742.500000,725.000000,732.799988,728.086243,2572927
2019-06-25,731.000000,758.000000,730.549988,754.450012,749.596985,2389911
2019-06-26,754.000000,773.549988,750.950012,768.700012,763.755310,2059502
2019-06-27,767.250000,774.750000,754.150024,765.700012,760.774597,2342429
2019-06-28,770.000000,790.000000,751.049988,754.750000,749.895020,3642873
2019-07-01,758.000000,774.000000,758.000000,772.150024,767.183167,1233570
2019-07-02,773.000000,776.000000,754.650024,761.000000,756.104858,981115
2019-07-03,764.000000,764.750000,746.950012,752.700012,747.858215,1312925
2019-07-04,754.700012,759.750000,748.150024,754.349976,749.497620,1594101
2019-07-05,754.500000,762.500000,733.299988,735.700012,730.967590,764023
2019-07-08,725.000000,740.650024,725.000000,734.099976,729.377869,964123
2019-07-09,732.900024,753.950012,730.299988,751.049988,746.218811,985434
2019-07-10,755.250000,762.000000,748.000000,760.150024,755.260315,1594455
2019-07-11,765.000000,769.299988,747.400024,753.650024,748.802124,1589107
2019-07-12,757.000000,764.700012,752.000000,761.750000,756.850037,1166462
2019-07-15,765.000000,767.950012,750.500000,765.000000,760.079102,861865
2019-07-16,763.950012,782.000000,760.599976,779.549988,774.535522,1130950
2019-07-17,779.950012,782.650024,768.000000,771.950012,766.984436,783581
2019-07-18,772.400024,775.000000,752.700012,756.150024,751.286072,687673
2019-07-19,758.000000,763.000000,742.150024,747.349976,742.542603,796473
2019-07-22,743.549988,765.599976,741.299988,756.500000,751.633789,781442
2019-07-23,760.000000,765.900024,751.200012,756.450012,751.584106,1286784
2019-07-24,756.450012,757.799988,733.549988,738.099976,733.352112,970269
2019-07-25,741.799988,777.700012,736.549988,773.049988,768.077332,2578623
2019-07-26,770.000000,780.000000,761.000000,777.299988,772.299988,1097292
2019-07-29,772.000000,775.549988,753.000000,762.250000,762.250000,1032123
2019-07-30,763.099976,795.000000,748.049988,752.599976,752.599976,3265104
2019-07-31,753.900024,772.450012,751.000000,764.799988,764.799988,1314423
2019-08-01,764.000000,773.000000,746.650024,759.049988,759.049988,1016301
2019-08-02,756.549988,775.700012,749.099976,767.299988,767.299988,1160643
2019-08-05,760.400024,771.150024,741.099976,756.700012,756.700012,1237328
2019-08-06,756.000000,771.000000,742.500000,750.849976,750.849976,1258835
2019-08-07,750.599976,786.400024,748.049988,781.900024,781.900024,3018916
2019-08-08,785.799988,791.400024,750.400024,760.950012,760.950012,3240635
2019-08-09,769.599976,771.900024,755.049988,758.700012,758.700012,1615690
2019-08-13,758.000000,762.000000,746.000000,748.250000,748.250000,1188441
2019-08-14,747.000000,749.799988,722.049988,734.299988,734.299988,1745944
2019-08-16,734.000000,734.599976,722.250000,729.299988,729.299988,1076059
2019-08-19,729.299988,749.400024,727.500000,732.000000,732.000000,1153038
2019-08-20,736.549988,742.250000,728.250000,736.150024,736.150024,923789
2019-08-21,739.000000,741.500000,730.849976,735.200012,735.200012,935198
2019-08-22,735.299988,746.000000,730.549988,737.349976,737.349976,1029795
2019-08-23,736.000000,745.000000,711.549988,738.650024,738.650024,1197914
2019-08-26,745.000000,757.799988,735.000000,747.200012,747.200012,1501240
2019-08-27,750.950012,755.900024,735.849976,738.849976,738.849976,1040863
2019-08-28,742.000000,751.299988,725.250000,732.099976,732.099976,823769
2019-08-29,739.000000,740.450012,728.549988,735.049988,735.049988,775980
2019-08-30,735.900024,744.549988,720.049988,741.000000,741.000000,1509463
2019-09-03,735.000000,746.000000,730.250000,735.500000,735.500000,893057
2019-09-04,738.000000,744.799988,728.299988,741.950012,741.950012,1105451
2019-09-05,745.849976,769.900024,741.000000,765.349976,765.349976,2637041
2019-09-06,769.200012,774.650024,757.000000,773.000000,773.000000,1349319
2019-09-09,772.000000,778.650024,764.500000,766.700012,766.700012,929898
2019-09-11,767.000000,769.000000,756.000000,759.549988,759.549988,1101660
2019-09-12,762.799988,767.900024,754.750000,759.049988,759.049988,880238
2019-09-13,762.400024,766.000000,753.599976,764.099976,764.099976,519219
2019-09-16,764.099976,780.000000,760.700012,769.150024,769.150024,1522424
2019-09-17,770.000000,773.000000,754.599976,757.849976,757.849976,1174682
2019-09-18,761.000000,762.000000,753.000000,759.099976,759.099976,468504
2019-09-19,760.250000,762.750000,733.750000,741.250000,741.250000,2245346
2019-09-20,747.700012,758.849976,734.150024,756.299988,756.299988,2689710
2019-09-23,762.000000,765.299988,723.400024,732.049988,732.049988,2252984
2019-09-24,735.000000,746.400024,731.049988,739.250000,739.250000,1203386
2019-09-25,738.900024,740.000000,727.299988,731.400024,731.400024,610227
2019-09-26,733.000000,735.900024,725.450012,729.250000,729.250000,959289
2019-09-27,726.099976,734.200012,714.650024,717.250000,717.250000,1283523
2019-09-30,720.000000,720.000000,702.049988,715.700012,715.700012,1487570
2019-10-01,716.000000,726.250000,700.500000,703.099976,703.099976,1161131
2019-10-03,693.000000,707.000000,676.849976,701.200012,701.200012,2504322
2019-10-04,702.000000,708.500000,684.099976,686.500000,686.500000,1105641
2019-10-07,689.049988,690.849976,646.299988,667.599976,667.599976,2576192
2019-10-09,664.900024,685.000000,660.000000,682.099976,682.099976,1500671
2019-10-10,680.000000,698.799988,676.849976,690.950012,690.950012,1507716
2019-10-11,692.650024,704.000000,683.000000,701.650024,701.650024,1131255
2019-10-14,704.000000,720.400024,697.299988,716.400024,716.400024,1302216
2019-10-15,718.000000,726.900024,711.500000,721.150024,721.150024,1438966
2019-10-16,723.000000,735.000000,716.799988,732.849976,732.849976,1140985
2019-10-17,731.500000,732.000000,719.000000,726.500000,726.500000,744122
2019-10-18,726.500000,746.150024,722.849976,739.099976,739.099976,1813831
2019-10-22,738.900024,748.349976,733.950012,745.849976,745.849976,712225
2019-10-23,749.500000,749.500000,730.700012,736.150024,736.150024,1362052
2019-10-24,736.500000,741.700012,723.650024,730.250000,730.250000,1003393
2019-10-25,730.299988,737.150024,725.000000,734.099976,734.099976,971238
2019-10-27,null,null,null,null,null,null
2019-10-29,733.500000,740.900024,728.000000,734.150024,734.150024,1708254
2019-10-30,740.900024,740.900024,726.000000,729.950012,729.950012,647084
2019-10-31,729.900024,748.200012,728.000000,745.099976,745.099976,1070150
2019-11-01,754.000000,775.000000,751.750000,766.299988,766.299988,2369230
2019-11-04,768.200012,769.599976,756.000000,759.950012,759.950012,737810
2019-11-05,762.500000,764.900024,748.349976,754.950012,754.950012,851794
2019-11-06,757.750000,787.599976,740.200012,771.450012,771.450012,4844748
2019-11-07,745.000000,754.150024,735.250000,737.450012,737.450012,6219780
2019-11-08,741.000000,743.000000,715.250000,718.750000,718.750000,1523794
2019-11-11,723.000000,739.849976,721.049988,735.750000,735.750000,1502173
2019-11-13,754.000000,758.799988,727.000000,730.349976,730.349976,3036458
2019-11-14,732.900024,739.799988,720.900024,738.349976,738.349976,932902
2019-11-15,739.849976,747.799988,731.549988,742.250000,742.250000,1106828
2019-11-18,742.299988,759.200012,742.250000,746.549988,746.549988,1357203
2019-11-19,746.799988,754.849976,740.700012,747.700012,747.700012,888623
2019-11-20,752.200012,781.000000,749.099976,777.849976,777.849976,2881427
2019-11-21,783.950012,787.950012,768.700012,771.000000,771.000000,1846584
2019-11-22,775.200012,781.950012,767.200012,772.400024,772.400024,1323663
2019-11-25,774.799988,784.400024,772.000000,781.700012,781.700012,874049
2019-11-26,785.599976,809.000000,782.299988,787.849976,787.849976,6429321
2019-11-27,789.000000,797.700012,782.150024,792.549988,792.549988,1435468
2019-11-28,788.000000,806.000000,788.000000,804.349976,804.349976,1589978
2019-11-29,803.500000,815.000000,796.299988,800.650024,800.650024,3319942
2019-12-02,802.650024,803.450012,790.000000,796.049988,796.049988,1387965
2019-12-03,796.049988,798.650024,783.599976,786.049988,786.049988,628007
2019-12-04,782.000000,793.150024,775.000000,791.900024,791.900024,1552634
2019-12-05,790.000000,791.650024,778.049988,779.650024,779.650024,829792
2019-12-06,783.000000,786.000000,759.000000,761.849976,761.849976,1137044
2019-12-09,762.400024,764.950012,753.000000,755.950012,755.950012,1084786
2019-12-10,758.150024,759.400024,747.299988,752.799988,752.799988,1178653
2019-12-11,750.450012,755.000000,737.250000,744.200012,744.200012,1029223
2019-12-12,748.500000,751.950012,741.250000,748.750000,748.750000,778792
2019-12-13,753.549988,758.500000,748.150024,756.250000,756.250000,662206
2019-12-16,753.500000,761.849976,745.799988,747.450012,747.450012,907081
2019-12-17,749.599976,756.549988,745.750000,754.349976,754.349976,1328747
2019-12-18,755.500000,767.900024,753.799988,766.349976,766.349976,1247090
2019-12-19,767.000000,774.950012,762.049988,770.599976,770.599976,1447972
2019-12-20,775.000000,778.000000,767.099976,770.950012,770.950012,1141306
2019-12-23,768.950012,777.299988,756.700012,767.700012,767.700012,799611
2019-12-24,770.000000,770.900024,762.650024,765.150024,765.150024,425524
2019-12-26,767.000000,771.000000,755.049988,757.500000,757.500000,549975
2019-12-27,759.700012,772.950012,758.700012,770.950012,770.950012,543702
2019-12-30,770.000000,774.750000,766.000000,769.900024,769.900024,650533
2019-12-31,766.500000,773.900024,760.349976,763.450012,763.450012,842865
2020-01-01,765.299988,773.250000,765.299988,771.150024,771.150024,465429
2020-01-02,773.000000,780.349976,764.200012,775.599976,775.599976,867603
2020-01-03,775.900024,786.500000,770.000000,776.900024,776.900024,1110452
2020-01-06,771.000000,774.450012,756.000000,762.150024,762.150024,522118
2020-01-07,764.000000,772.599976,752.549988,757.549988,757.549988,824059
2020-01-08,752.000000,760.650024,750.099976,757.099976,757.099976,641773
2020-01-09,762.000000,767.299988,757.099976,758.900024,758.900024,778130
2020-01-10,763.150024,778.500000,757.500000,758.950012,758.950012,1820102
2020-01-13,756.500000,763.000000,740.500000,748.599976,748.599976,2327854
2020-01-14,752.700012,758.900024,750.450012,752.799988,752.799988,1213631
2020-01-15,752.000000,756.799988,746.700012,751.049988,751.049988,1220738
2020-01-16,751.500000,760.650024,751.500000,753.950012,753.950012,1284812
2020-01-17,753.000000,770.000000,751.450012,766.650024,766.650024,1336060
2020-01-20,760.000000,760.250000,730.099976,732.700012,732.700012,3214043
2020-01-21,733.000000,744.250000,727.250000,741.150024,741.150024,1619921
2020-01-22,743.250000,746.950012,734.650024,738.400024,738.400024,904533
2020-01-23,738.400024,743.950012,736.000000,737.849976,737.849976,718365
2020-01-24,737.299988,744.500000,735.700012,740.150024,740.150024,507047
2020-01-27,738.000000,759.900024,734.099976,751.900024,751.900024,1492976
2020-01-28,755.000000,756.700012,745.099976,747.400024,747.400024,1322275
2020-01-29,750.000000,752.750000,743.549988,744.849976,744.849976,867074
2020-01-30,745.900024,745.900024,725.549988,728.349976,728.349976,1153471
2020-01-31,734.000000,734.700012,716.000000,718.250000,718.250000,1117946
2020-02-03,708.349976,723.250000,698.799988,708.650024,708.650024,1106940
2020-02-04,717.650024,728.849976,711.000000,721.599976,721.599976,1129876
2020-02-05,721.099976,726.849976,716.500000,722.500000,722.500000,1189761
2020-02-06,731.500000,738.750000,706.000000,721.900024,721.900024,5687405
2020-02-07,708.000000,714.250000,695.000000,707.599976,707.599976,7357814
2020-02-10,705.950012,710.000000,696.299988,701.950012,701.950012,1841499
2020-02-11,713.799988,713.799988,698.549988,705.049988,705.049988,1862531
2020-02-12,708.000000,712.000000,698.500000,703.200012,703.200012,2266491
2020-02-13,706.400024,708.599976,699.549988,703.400024,703.400024,2356429
2020-02-14,704.500000,721.450012,704.500000,717.650024,717.650024,1845960
2020-02-17,718.500000,731.250000,710.599976,712.549988,712.549988,1402215
2020-02-18,710.799988,710.950012,694.000000,706.049988,706.049988,1225756
2020-02-19,705.000000,716.500000,704.400024,709.049988,709.049988,894396
2020-02-20,706.150024,708.099976,698.000000,699.599976,699.599976,1883153
2020-02-24,695.000000,697.000000,669.000000,672.849976,672.849976,1771815
2020-02-25,680.000000,680.000000,667.400024,669.150024,669.150024,2838451
2020-02-26,668.099976,676.000000,664.549988,669.799988,669.799988,2122196
2020-02-27,669.099976,671.299988,654.599976,662.799988,662.799988,1302115
2020-02-28,656.150024,659.400024,635.200012,640.000000,640.000000,2408425
2020-03-02,645.000000,652.299988,620.500000,629.799988,629.799988,2408228
2020-03-03,637.000000,660.549988,635.299988,649.599976,649.599976,2135990
